{
  "$schema": "https://raw.githubusercontent.com/OpenLightingProject/open-fixture-library/schema-12.1.0/schemas/fixture.json",
  "name": "RGBD Fader",
  "shortName": "RGBD",
  "categories": ["Color Changer"],
  "meta": {
    "authors": ["Flo Edelmann"],
    "createDate": "2017-12-07",
    "lastModifyDate": "2018-07-21"
  },
  "availableChannels": {
    "Red": {
      "fineChannelAliases": ["Red fine", "Red fine^2"],
      "capability": {
        "type": "ColorIntensity",
        "color": "Red"
      }
    },
    "Green": {
      "fineChannelAliases": ["Green fine", "Green fine^2"],
      "capability": {
        "type": "ColorIntensity",
        "color": "Green"
      }
    },
    "Blue": {
      "fineChannelAliases": ["Blue fine", "Blue fine^2"],
      "capability": {
        "type": "ColorIntensity",
        "color": "Blue"
      }
    },
    "Dimmer": {
      "fineChannelAliases": ["Dimmer fine", "Dimmer fine^2"],
      "capability": {
        "type": "Intensity"
      }
    }
  },
  "modes": [
    {
      "name": "8 bit",
      "shortName": "8bit",
      "channels": [
        "Red",
        "Green",
        "Blue",
        "Dimmer"
      ]
    },
    {
      "name": "16 bit Dimmer",
      "shortName": "16bit-dimmer",
      "channels": [
        "Red",
        "Green",
        "Blue",
        "Dimmer",
        "Dimmer fine"
      ]
    },
    {
      "name": "16 bit",
      "shortName": "16bit",
      "channels": [
        "Red",
        "Red fine",
        "Green",
        "Green fine",
        "Blue",
        "Blue fine",
        "Dimmer",
        "Dimmer fine"
      ]
    },
    {
      "name": "24 bit Dimmer",
      "shortName": "24bit-dimmer",
      "channels": [
        "Red",
        "Green",
        "Blue",
        "Dimmer",
        "Dimmer fine",
        "Dimmer fine^2"
      ]
    },
    {
      "name": "24 bit",
      "shortName": "24bit",
      "channels": [
        "Red",
        "Red fine",
        "Red fine^2",
        "Green",
        "Green fine",
        "Green fine^2",
        "Blue",
        "Blue fine",
        "Blue fine^2",
        "Dimmer",
        "Dimmer fine",
        "Dimmer fine^2"
      ]
    }
  ],
  "fixtureKey": "rgbd-fader",
  "manufacturerKey": "generic",
  "oflURL": "https://open-fixture-library.org/generic/rgbd-fader"
}
