{
  "$schema": "https://raw.githubusercontent.com/OpenLightingProject/open-fixture-library/schema-12.1.0/schemas/fixture.json",
  "name": "Mini Gobo Moving Head Light",
  "categories": ["Moving Head", "Color Changer"],
  "meta": {
    "authors": ["Freasy", "edohard"],
    "createDate": "2018-10-10",
    "lastModifyDate": "2018-10-10",
    "importPlugin": {
      "plugin": "qlcplus_4.11.2",
      "date": "2018-10-10",
      "comment": "created by Q Light Controller Plus (version 4.10.4)"
    }
  },
  "links": {
    "manual": [
      "https://forums.pioneerdj.com/hc/en-us/community/posts/360000675466-Lixada-25W-DMX-512-Mini-Moving-Head-8-Colours-with-9-11-channels"
    ],
    "productPage": [
      "https://www.lixada.com/p-l0686us.html"
    ],
    "video": [
      "https://www.youtube.com/watch?v=VY0OZTM9W68"
    ]
  },
  "physical": {
    "dimensions": [210, 260, 280],
    "weight": 2.67,
    "power": 25,
    "DMXconnector": "3-pin",
    "bulb": {
      "type": "10W LED"
    },
    "lens": {
      "degreesMinMax": [11, 11]
    }
  },
  "wheels": {
    "Color Wheel": {
      "slots": [
        {
          "type": "Color",
          "name": "Blue",
          "colors": ["#0000ff"]
        },
        {
          "type": "Color",
          "name": "Pink",
          "colors": ["#ff00ff"]
        },
        {
          "type": "Color",
          "name": "Red",
          "colors": ["#ff0000"]
        },
        {
          "type": "Color",
          "name": "Pale Blue",
          "colors": ["#88dddd"]
        },
        {
          "type": "Color",
          "name": "Yellow",
          "colors": ["#ffff00"]
        },
        {
          "type": "Color",
          "name": "Green",
          "colors": ["#00ff00"]
        },
        {
          "type": "Color",
          "name": "Orange",
          "colors": ["#ffaa00"]
        },
        {
          "type": "Open"
        }
      ]
    },
    "Gobo Wheel": {
      "slots": [
        {
          "type": "Open"
        },
        {
          "type": "Gobo"
        },
        {
          "type": "Gobo"
        },
        {
          "type": "Gobo"
        },
        {
          "type": "Gobo"
        },
        {
          "type": "Gobo"
        },
        {
          "type": "Gobo"
        },
        {
          "type": "Gobo"
        }
      ]
    }
  },
  "availableChannels": {
    "Pan": {
      "fineChannelAliases": ["Pan fine"],
      "capability": {
        "type": "Pan",
        "angleStart": "0deg",
        "angleEnd": "540deg"
      }
    },
    "Tilt": {
      "fineChannelAliases": ["Tilt fine"],
      "capability": {
        "type": "Tilt",
        "angleStart": "0deg",
        "angleEnd": "180deg"
      }
    },
    "Color Wheel": {
      "capabilities": [
        {
          "dmxRange": [0, 127],
          "type": "WheelSlot",
          "slotNumberStart": 1,
          "slotNumberEnd": 8,
          "comment": "blue/pink/red/pale blue/yellow/green/orange/white",
          "helpWanted": "Which color can be selected at which DMX values? Is the Color Wheel correct?"
        },
        {
          "dmxRange": [128, 189],
          "type": "WheelRotation",
          "speedStart": "fast CCW",
          "speedEnd": "slow CCW",
          "helpWanted": "Is this counterclockwise or clockwise?"
        },
        {
          "dmxRange": [190, 193],
          "type": "WheelRotation",
          "speed": "stop"
        },
        {
          "dmxRange": [194, 255],
          "type": "WheelRotation",
          "speedStart": "slow CW",
          "speedEnd": "fast CW",
          "helpWanted": "Is this counterclockwise or clockwise?"
        }
      ]
    },
    "Gobo Wheel": {
      "capabilities": [
        {
          "dmxRange": [0, 63],
          "type": "WheelSlot",
          "slotNumberStart": 1,
          "slotNumberEnd": 8,
          "helpWanted": "Which Gobo can be selected at which DMX values?"
        },
        {
          "dmxRange": [64, 127],
          "type": "WheelShake",
          "slotNumberStart": 1,
          "slotNumberEnd": 8,
          "helpWanted": "Which Gobo can be selected at which DMX values?"
        },
        {
          "dmxRange": [128, 189],
          "type": "WheelRotation",
          "speedStart": "slow CCW",
          "speedEnd": "fast CCW",
          "helpWanted": "Is this counterclockwise or clockwise?"
        },
        {
          "dmxRange": [190, 193],
          "type": "WheelRotation",
          "speed": "stop"
        },
        {
          "dmxRange": [194, 255],
          "type": "WheelRotation",
          "speedStart": "slow CW",
          "speedEnd": "fast CW",
          "helpWanted": "Is this counterclockwise or clockwise?"
        }
      ]
    },
    "Shutter": {
      "capabilities": [
        {
          "dmxRange": [0, 7],
          "type": "ShutterStrobe",
          "shutterEffect": "Closed"
        },
        {
          "dmxRange": [8, 15],
          "type": "ShutterStrobe",
          "shutterEffect": "Open"
        },
        {
          "dmxRange": [16, 131],
          "type": "ShutterStrobe",
          "shutterEffect": "Strobe",
          "speedStart": "slow",
          "speedEnd": "fast"
        },
        {
          "dmxRange": [132, 139],
          "type": "ShutterStrobe",
          "shutterEffect": "Open"
        },
        {
          "dmxRange": [140, 181],
          "type": "ShutterStrobe",
          "shutterEffect": "RampUp"
        },
        {
          "dmxRange": [182, 189],
          "type": "ShutterStrobe",
          "shutterEffect": "Open"
        },
        {
          "dmxRange": [190, 231],
          "type": "ShutterStrobe",
          "shutterEffect": "RampDown"
        },
        {
          "dmxRange": [232, 239],
          "type": "ShutterStrobe",
          "shutterEffect": "Open"
        },
        {
          "dmxRange": [240, 247],
          "type": "ShutterStrobe",
          "shutterEffect": "Strobe"
        },
        {
          "dmxRange": [248, 255],
          "type": "ShutterStrobe",
          "shutterEffect": "Open"
        }
      ]
    },
    "Dimmer": {
      "capability": {
        "type": "Intensity"
      }
    },
    "Pan/Tilt Speed": {
      "capability": {
        "type": "PanTiltSpeed",
        "speedStart": "fast",
        "speedEnd": "slow"
      }
    },
    "Control": {
      "capabilities": [
        {
          "dmxRange": [0, 69],
          "type": "NoFunction"
        },
        {
          "dmxRange": [70, 79],
          "type": "Maintenance",
          "comment": "Blackout while Pan/Tilt moving"
        },
        {
          "dmxRange": [80, 89],
          "type": "NoFunction"
        },
        {
          "dmxRange": [90, 99],
          "type": "Maintenance",
          "comment": "Blackout while Color Wheel moving"
        },
        {
          "dmxRange": [100, 109],
          "type": "NoFunction"
        },
        {
          "dmxRange": [110, 119],
          "type": "Maintenance",
          "comment": "Blackout while Gobo Wheel moving"
        },
        {
          "dmxRange": [120, 199],
          "type": "NoFunction"
        },
        {
          "dmxRange": [200, 209],
          "type": "Maintenance",
          "comment": "Reset"
        },
        {
          "dmxRange": [210, 249],
          "type": "NoFunction"
        },
        {
          "dmxRange": [250, 255],
          "type": "Effect",
          "effectName": "Sound active mode",
          "soundControlled": true
        }
      ]
    },
    "Dimmer Type": {
      "capabilities": [
        {
          "dmxRange": [0, 20],
          "type": "Maintenance",
          "comment": "Standard Dimmer"
        },
        {
          "dmxRange": [21, 40],
          "type": "Maintenance",
          "comment": "Stage Dimmer"
        },
        {
          "dmxRange": [41, 60],
          "type": "Maintenance",
          "comment": "TV Dimmer"
        },
        {
          "dmxRange": [61, 80],
          "type": "Maintenance",
          "comment": "Architectural Dimmer"
        },
        {
          "dmxRange": [81, 100],
          "type": "Maintenance",
          "comment": "Theatrical Dimmer"
        },
        {
          "dmxRange": [101, 255],
          "type": "Maintenance",
          "comment": "Tacitly approve Dimmer",
          "helpWanted": "What does this mean?"
        }
      ]
    }
  },
  "modes": [
    {
      "name": "9-channel",
      "shortName": "9ch",
      "channels": [
        "Pan",
        "Tilt",
        "Color Wheel",
        "Gobo Wheel",
        "Shutter",
        "Dimmer",
        "Pan/Tilt Speed",
        "Control",
        "Dimmer Type"
      ]
    },
    {
      "name": "11-channel",
      "shortName": "11ch",
      "channels": [
        "Pan",
        "Pan fine",
        "Tilt",
        "Tilt fine",
        "Color Wheel",
        "Gobo Wheel",
        "Shutter",
        "Dimmer",
        "Pan/Tilt Speed",
        "Control",
        "Dimmer Type"
      ]
    }
  ],
  "fixtureKey": "mini-gobo-moving-head-light",
  "manufacturerKey": "lixada",
  "oflURL": "https://open-fixture-library.org/lixada/mini-gobo-moving-head-light"
}
