{
  "$schema": "https://raw.githubusercontent.com/OpenLightingProject/open-fixture-library/schema-12.1.0/schemas/fixture.json",
  "name": "DJ Scan 250 XT",
  "shortName": "Scan250XT",
  "categories": ["Scanner", "Color Changer"],
  "meta": {
    "authors": ["Flo Edelmann", "Felix Edelmann"],
    "createDate": "2017-01-20",
    "lastModifyDate": "2018-08-09"
  },
  "links": {
    "manual": [
      "https://www.robe.cz/index.php?type=10898&tx_odproducts_f%5baction%5d=downloadFile&tx_odproducts_f%5bfile%5d=robe/downloads/user_manuals/User%20manual%20DJ%20Scan%20250%20XT.pdf"
    ],
    "video": [
      "https://www.youtube.com/watch?v=XLChI_YjDFM"
    ]
  },
  "physical": {
    "dimensions": [308, 163, 483],
    "weight": 9.5,
    "power": 500,
    "DMXconnector": "3-pin",
    "bulb": {
      "type": "MSD 250"
    },
    "lens": {
      "degreesMinMax": [19, 19]
    }
  },
  "wheels": {
    "Color Wheel": {
      "slots": [
        {
          "type": "Open"
        },
        {
          "type": "Color",
          "name": "Turquoise",
          "colors": ["#40e0d0"]
        },
        {
          "type": "Color",
          "name": "Red",
          "colors": ["#ff0000"]
        },
        {
          "type": "Color",
          "name": "Cyan",
          "colors": ["#00ffff"]
        },
        {
          "type": "Color",
          "name": "Light green",
          "colors": ["#90ee90"]
        },
        {
          "type": "Color",
          "name": "Magenta",
          "colors": ["#ca1f7b"]
        },
        {
          "type": "Color",
          "name": "Light blue",
          "colors": ["#add8e6"]
        },
        {
          "type": "Color",
          "name": "Yellow",
          "colors": ["#ffff00"]
        },
        {
          "type": "Color",
          "name": "Green",
          "colors": ["#00ff00"]
        },
        {
          "type": "Color",
          "name": "Pink",
          "colors": ["#ffc0cb"]
        },
        {
          "type": "Color",
          "name": "Blue",
          "colors": ["#0000ff"]
        },
        {
          "type": "Color",
          "name": "Orange",
          "colors": ["#ff7f00"]
        },
        {
          "type": "Color",
          "name": "UV",
          "colors": ["#bf00fe"]
        },
        {
          "type": "Color",
          "name": "Split Red / Blue",
          "colors": ["#ff0000", "#0000ff"]
        },
        {
          "type": "Color",
          "name": "Split Yellow / Green",
          "colors": ["#ffff00", "#00ff00"]
        },
        {
          "type": "Color",
          "name": "Split Pink / Blue",
          "colors": ["#ffc0cb", "#0000ff"]
        }
      ]
    },
    "Gobo Wheel": {
      "slots": [
        {
          "type": "Open"
        },
        {
          "type": "Gobo"
        },
        {
          "type": "Gobo"
        },
        {
          "type": "Gobo"
        },
        {
          "type": "Gobo"
        },
        {
          "type": "Gobo"
        },
        {
          "type": "Gobo"
        },
        {
          "type": "Gobo"
        },
        {
          "type": "Gobo"
        },
        {
          "type": "Gobo"
        }
      ]
    }
  },
  "availableChannels": {
    "Pan": {
      "defaultValue": "50%",
      "capability": {
        "type": "Pan",
        "angleStart": "0%",
        "angleEnd": "100%"
      }
    },
    "Tilt": {
      "defaultValue": "50%",
      "capability": {
        "type": "Tilt",
        "angleStart": "0%",
        "angleEnd": "100%"
      }
    },
    "Color Wheel": {
      "precedence": "HTP",
      "capabilities": [
        {
          "dmxRange": [0, 7],
          "type": "WheelSlot",
          "slotNumber": 1
        },
        {
          "dmxRange": [8, 15],
          "type": "WheelSlot",
          "slotNumber": 2
        },
        {
          "dmxRange": [16, 23],
          "type": "WheelSlot",
          "slotNumber": 3
        },
        {
          "dmxRange": [24, 31],
          "type": "WheelSlot",
          "slotNumber": 4
        },
        {
          "dmxRange": [32, 39],
          "type": "WheelSlot",
          "slotNumber": 5
        },
        {
          "dmxRange": [40, 47],
          "type": "WheelSlot",
          "slotNumber": 6
        },
        {
          "dmxRange": [48, 55],
          "type": "WheelSlot",
          "slotNumber": 7
        },
        {
          "dmxRange": [56, 63],
          "type": "WheelSlot",
          "slotNumber": 8
        },
        {
          "dmxRange": [64, 71],
          "type": "WheelSlot",
          "slotNumber": 9
        },
        {
          "dmxRange": [72, 79],
          "type": "WheelSlot",
          "slotNumber": 10
        },
        {
          "dmxRange": [80, 87],
          "type": "WheelSlot",
          "slotNumber": 11
        },
        {
          "dmxRange": [88, 95],
          "type": "WheelSlot",
          "slotNumber": 12
        },
        {
          "dmxRange": [96, 103],
          "type": "WheelSlot",
          "slotNumber": 13
        },
        {
          "dmxRange": [104, 111],
          "type": "WheelSlot",
          "slotNumber": 14
        },
        {
          "dmxRange": [112, 119],
          "type": "WheelSlot",
          "slotNumber": 15
        },
        {
          "dmxRange": [120, 127],
          "type": "WheelSlot",
          "slotNumber": 16
        },
        {
          "dmxRange": [128, 190],
          "type": "WheelRotation",
          "speedStart": "fast CW",
          "speedEnd": "slow CW",
          "menuClick": "center"
        },
        {
          "dmxRange": [191, 192],
          "type": "WheelRotation",
          "speed": "stop"
        },
        {
          "dmxRange": [193, 255],
          "type": "WheelRotation",
          "speedStart": "slow CCW",
          "speedEnd": "fast CCW",
          "menuClick": "center"
        }
      ]
    },
    "Gobo Wheel": {
      "capabilities": [
        {
          "dmxRange": [0, 23],
          "type": "WheelSlot",
          "slotNumber": 1
        },
        {
          "dmxRange": [24, 47],
          "type": "WheelSlot",
          "slotNumber": 2
        },
        {
          "dmxRange": [48, 79],
          "type": "WheelSlot",
          "slotNumber": 3
        },
        {
          "dmxRange": [80, 103],
          "type": "WheelSlot",
          "slotNumber": 4
        },
        {
          "dmxRange": [104, 127],
          "type": "WheelSlot",
          "slotNumber": 5
        },
        {
          "dmxRange": [128, 151],
          "type": "WheelSlot",
          "slotNumber": 6
        },
        {
          "dmxRange": [152, 175],
          "type": "WheelSlot",
          "slotNumber": 7
        },
        {
          "dmxRange": [176, 207],
          "type": "WheelSlot",
          "slotNumber": 8
        },
        {
          "dmxRange": [208, 231],
          "type": "WheelSlot",
          "slotNumber": 9
        },
        {
          "dmxRange": [232, 255],
          "type": "WheelSlot",
          "slotNumber": 10
        }
      ]
    },
    "Gobo rotation": {
      "capabilities": [
        {
          "dmxRange": [0, 127],
          "type": "WheelSlotRotation",
          "wheel": "Gobo Wheel",
          "angleStart": "0deg",
          "angleEnd": "360deg"
        },
        {
          "dmxRange": [128, 190],
          "type": "WheelSlotRotation",
          "wheel": "Gobo Wheel",
          "speedStart": "fast CW",
          "speedEnd": "slow CW",
          "menuClick": "center"
        },
        {
          "dmxRange": [191, 192],
          "type": "WheelSlotRotation",
          "wheel": "Gobo Wheel",
          "speed": "stop"
        },
        {
          "dmxRange": [193, 255],
          "type": "WheelSlotRotation",
          "wheel": "Gobo Wheel",
          "speedStart": "slow CCW",
          "speedEnd": "fast CCW",
          "menuClick": "center"
        }
      ]
    },
    "Shutter / Strobe": {
      "highlightValue": 110,
      "capabilities": [
        {
          "dmxRange": [0, 0],
          "type": "ShutterStrobe",
          "shutterEffect": "Closed"
        },
        {
          "dmxRange": [1, 63],
          "type": "Intensity",
          "brightnessStart": "off",
          "brightnessEnd": "bright",
          "menuClick": "center"
        },
        {
          "dmxRange": [64, 95],
          "type": "ShutterStrobe",
          "shutterEffect": "Open"
        },
        {
          "dmxRange": [96, 127],
          "type": "ShutterStrobe",
          "shutterEffect": "Strobe",
          "speedStart": "0Hz",
          "speedEnd": "8Hz",
          "menuClick": "center"
        },
        {
          "dmxRange": [128, 139],
          "type": "Maintenance",
          "comment": "Reset"
        },
        {
          "dmxRange": [140, 159],
          "type": "ShutterStrobe",
          "shutterEffect": "Closed"
        },
        {
          "dmxRange": [160, 175],
          "type": "ShutterStrobe",
          "shutterEffect": "Pulse",
          "speedStart": "slow",
          "speedEnd": "fast",
          "menuClick": "center"
        },
        {
          "dmxRange": [176, 191],
          "type": "ShutterStrobe",
          "shutterEffect": "Pulse",
          "speedStart": "fast",
          "speedEnd": "slow",
          "menuClick": "center"
        },
        {
          "dmxRange": [192, 223],
          "type": "ShutterStrobe",
          "shutterEffect": "Strobe",
          "speedStart": "slow",
          "speedEnd": "fast",
          "randomTiming": true,
          "menuClick": "center"
        },
        {
          "dmxRange": [224, 255],
          "type": "ShutterStrobe",
          "shutterEffect": "Open",
          "menuClick": "hidden"
        }
      ]
    }
  },
  "modes": [
    {
      "name": "6-channel",
      "shortName": "6ch",
      "channels": [
        "Pan",
        "Tilt",
        "Color Wheel",
        "Gobo Wheel",
        "Gobo rotation",
        "Shutter / Strobe"
      ]
    }
  ],
  "fixtureKey": "dj-scan-250-xt",
  "manufacturerKey": "robe",
  "oflURL": "https://open-fixture-library.org/robe/dj-scan-250-xt"
}
