{
  "$schema": "https://raw.githubusercontent.com/OpenLightingProject/open-fixture-library/schema-12.1.0/schemas/fixture.json",
  "name": "Robin 300E Wash",
  "categories": ["Moving Head", "Color Changer"],
  "meta": {
    "authors": ["stevebrush"],
    "createDate": "2019-03-02",
    "lastModifyDate": "2019-03-02"
  },
  "links": {
    "manual": [
      "https://www.robe.cz/index.php?type=10898&tx_odproducts_f%5baction%5d=downloadFile&tx_odproducts_f%5bfile%5d=robe/downloads/user_manuals/User_manual_Robin_300E_Wash.pdf",
      "https://www.robe.cz/index.php?type=10898&tx_odproducts_f%5baction%5d=downloadFile&tx_odproducts_f%5bfile%5d=robe/downloads/gobo_config/CW_7_1_Robin_300E_Wash.pdf"
    ],
    "productPage": [
      "https://www.robe.cz/robin-300e-wash/"
    ],
    "video": [
      "https://www.youtube.com/watch?v=Eb7pz-xpo2g"
    ]
  },
  "rdm": {
    "modelId": 34,
    "softwareVersion": "2.9"
  },
  "physical": {
    "dimensions": [432.6, 516.2, 409.2],
    "weight": 20,
    "power": 440,
    "DMXconnector": "3-pin and 5-pin",
    "bulb": {
      "type": "Philips MSR Gold 300/2 MiniFastFit",
      "colorTemperature": 9300,
      "lumens": 23000
    },
    "lens": {
      "degreesMinMax": [4, 40]
    }
  },
  "wheels": {
    "Color Wheel": {
      "direction": "CCW",
      "slots": [
        {
          "type": "Open"
        },
        {
          "type": "Color",
          "name": "Deep red (99011881)",
          "colors": ["#e23022"]
        },
        {
          "type": "Color",
          "name": "Deep blue (99011882)",
          "colors": ["#0251ab"]
        },
        {
          "type": "Color",
          "name": "Orange (99011884)",
          "colors": ["#ffa54d"]
        },
        {
          "type": "Color",
          "name": "Green (99011883)",
          "colors": ["#00ab4f"]
        },
        {
          "type": "Color",
          "name": "Light red (99011887)",
          "colors": ["#ff4f40"]
        },
        {
          "type": "Color",
          "name": "Amber (99011886)",
          "colors": ["#ffc64f"]
        },
        {
          "type": "Color",
          "name": "UV (99011885)",
          "colors": ["#1d2971"]
        }
      ]
    }
  },
  "availableChannels": {
    "Pan": {
      "fineChannelAliases": ["Pan fine"],
      "defaultValue": "50%",
      "capability": {
        "type": "Pan",
        "angleStart": "0deg",
        "angleEnd": "540deg"
      }
    },
    "Tilt": {
      "fineChannelAliases": ["Tilt fine"],
      "defaultValue": "50%",
      "capability": {
        "type": "Tilt",
        "angleStart": "0deg",
        "angleEnd": "260deg"
      }
    },
    "Pan/Tilt Speed": {
      "defaultValue": 0,
      "capabilities": [
        {
          "dmxRange": [0, 0],
          "type": "PanTiltSpeed",
          "speed": "fast"
        },
        {
          "dmxRange": [1, 255],
          "type": "PanTiltSpeed",
          "speedStart": "fast",
          "speedEnd": "slow"
        }
      ]
    },
    "Power/Special Functions": {
      "defaultValue": 0,
      "capabilities": [
        {
          "dmxRange": [0, 49],
          "type": "NoFunction",
          "comment": "Reserved"
        },
        {
          "dmxRange": [50, 59],
          "type": "Maintenance",
          "comment": "Pan/tilt speed mode (shutter must be closed)",
          "hold": "3s"
        },
        {
          "dmxRange": [60, 69],
          "type": "Maintenance",
          "comment": "Pan/tilt time mode (shutter must be closed)",
          "hold": "3s"
        },
        {
          "dmxRange": [70, 79],
          "type": "Maintenance",
          "comment": "Blackout while pan/tilt moving (shutter must be closed)",
          "hold": "3s"
        },
        {
          "dmxRange": [80, 89],
          "type": "Maintenance",
          "comment": "Disabled blackout while pan/tilt moving (shutter must be closed)",
          "hold": "3s"
        },
        {
          "dmxRange": [90, 99],
          "type": "Maintenance",
          "comment": "Blackout while color wheel moving (shutter must be closed)",
          "hold": "3s"
        },
        {
          "dmxRange": [100, 109],
          "type": "Maintenance",
          "comment": "Disabled blackout while color wheel moving (shutter must be closed)",
          "hold": "3s"
        },
        {
          "dmxRange": [110, 129],
          "type": "NoFunction",
          "comment": "Reserved"
        },
        {
          "dmxRange": [130, 139],
          "type": "Maintenance",
          "comment": "Lamp on + total reset except pan/tilt",
          "hold": "3s"
        },
        {
          "dmxRange": [140, 149],
          "type": "Maintenance",
          "comment": "Pan/tilt reset",
          "hold": "3s"
        },
        {
          "dmxRange": [150, 159],
          "type": "Maintenance",
          "comment": "Color system reset",
          "hold": "3s"
        },
        {
          "dmxRange": [160, 169],
          "type": "NoFunction",
          "comment": "Reserved"
        },
        {
          "dmxRange": [170, 179],
          "type": "Maintenance",
          "comment": "Dimmer/shutter/hot-spot reset",
          "hold": "3s"
        },
        {
          "dmxRange": [180, 189],
          "type": "Maintenance",
          "comment": "Zoom reset",
          "hold": "3s"
        },
        {
          "dmxRange": [190, 199],
          "type": "NoFunction",
          "comment": "Reserved"
        },
        {
          "dmxRange": [200, 209],
          "type": "Maintenance",
          "comment": "Total reset",
          "hold": "3s"
        },
        {
          "dmxRange": [210, 229],
          "type": "NoFunction",
          "comment": "Reserved"
        },
        {
          "dmxRange": [230, 239],
          "type": "Maintenance",
          "comment": "Lamp off",
          "hold": "3s"
        },
        {
          "dmxRange": [240, 255],
          "type": "NoFunction",
          "comment": "Reserved"
        }
      ]
    },
    "Color Wheel": {
      "fineChannelAliases": ["Color Wheel fine"],
      "dmxValueResolution": "8bit",
      "defaultValue": 0,
      "capabilities": [
        {
          "dmxRange": [0, 0],
          "type": "WheelSlot",
          "slotNumber": 1
        },
        {
          "dmxRange": [1, 15],
          "type": "WheelSlot",
          "slotNumberStart": 1,
          "slotNumberEnd": 2
        },
        {
          "dmxRange": [16, 16],
          "type": "WheelSlot",
          "slotNumber": 2
        },
        {
          "dmxRange": [17, 31],
          "type": "WheelSlot",
          "slotNumberStart": 2,
          "slotNumberEnd": 3
        },
        {
          "dmxRange": [32, 32],
          "type": "WheelSlot",
          "slotNumber": 3
        },
        {
          "dmxRange": [33, 47],
          "type": "WheelSlot",
          "slotNumberStart": 3,
          "slotNumberEnd": 4
        },
        {
          "dmxRange": [48, 48],
          "type": "WheelSlot",
          "slotNumber": 4
        },
        {
          "dmxRange": [49, 63],
          "type": "WheelSlot",
          "slotNumberStart": 4,
          "slotNumberEnd": 5
        },
        {
          "dmxRange": [64, 64],
          "type": "WheelSlot",
          "slotNumber": 5
        },
        {
          "dmxRange": [65, 79],
          "type": "WheelSlot",
          "slotNumberStart": 5,
          "slotNumberEnd": 6
        },
        {
          "dmxRange": [80, 80],
          "type": "WheelSlot",
          "slotNumber": 6
        },
        {
          "dmxRange": [81, 95],
          "type": "WheelSlot",
          "slotNumberStart": 6,
          "slotNumberEnd": 7
        },
        {
          "dmxRange": [96, 96],
          "type": "WheelSlot",
          "slotNumber": 7
        },
        {
          "dmxRange": [97, 111],
          "type": "WheelSlot",
          "slotNumberStart": 7,
          "slotNumberEnd": 8
        },
        {
          "dmxRange": [112, 112],
          "type": "WheelSlot",
          "slotNumber": 8
        },
        {
          "dmxRange": [113, 127],
          "type": "WheelSlot",
          "slotNumberStart": 8,
          "slotNumberEnd": 9
        },
        {
          "dmxRange": [128, 129],
          "type": "WheelSlot",
          "slotNumber": 1
        },
        {
          "dmxRange": [130, 137],
          "type": "WheelSlot",
          "slotNumber": 2
        },
        {
          "dmxRange": [138, 145],
          "type": "WheelSlot",
          "slotNumber": 3
        },
        {
          "dmxRange": [146, 153],
          "type": "WheelSlot",
          "slotNumber": 4
        },
        {
          "dmxRange": [154, 163],
          "type": "WheelSlot",
          "slotNumber": 5
        },
        {
          "dmxRange": [164, 171],
          "type": "WheelSlot",
          "slotNumber": 6
        },
        {
          "dmxRange": [172, 181],
          "type": "WheelSlot",
          "slotNumber": 7
        },
        {
          "dmxRange": [182, 189],
          "type": "WheelSlot",
          "slotNumber": 8
        },
        {
          "dmxRange": [190, 215],
          "type": "WheelRotation",
          "speedStart": "fast CCW",
          "speedEnd": "slow CCW"
        },
        {
          "dmxRange": [216, 217],
          "type": "WheelRotation",
          "speed": "stop"
        },
        {
          "dmxRange": [218, 243],
          "type": "WheelRotation",
          "speedStart": "slow CW",
          "speedEnd": "fast CW"
        },
        {
          "dmxRange": [244, 249],
          "type": "Effect",
          "effectName": "Random color sound-controlled",
          "soundControlled": true
        },
        {
          "dmxRange": [250, 255],
          "type": "Effect",
          "effectName": "Random color",
          "speedStart": "fast",
          "speedEnd": "slow"
        }
      ]
    },
    "Cyan": {
      "defaultValue": 0,
      "capability": {
        "type": "ColorIntensity",
        "color": "Cyan"
      }
    },
    "Magenta": {
      "defaultValue": 0,
      "capability": {
        "type": "ColorIntensity",
        "color": "Magenta"
      }
    },
    "Yellow": {
      "defaultValue": 0,
      "capability": {
        "type": "ColorIntensity",
        "color": "Yellow"
      }
    },
    "CTO Filter": {
      "defaultValue": 0,
      "capability": {
        "type": "ColorTemperature",
        "colorTemperatureStart": "8800K",
        "colorTemperatureEnd": "3200K"
      }
    },
    "CMY Color Macros": {
      "defaultValue": 0,
      "capabilities": [
        {
          "dmxRange": [0, 7],
          "type": "NoFunction"
        },
        {
          "dmxRange": [8, 15],
          "type": "Effect",
          "effectName": "Macro 1"
        },
        {
          "dmxRange": [16, 23],
          "type": "Effect",
          "effectName": "Macro 2"
        },
        {
          "dmxRange": [24, 31],
          "type": "Effect",
          "effectName": "Macro 3"
        },
        {
          "dmxRange": [32, 39],
          "type": "Effect",
          "effectName": "Macro 4"
        },
        {
          "dmxRange": [40, 47],
          "type": "Effect",
          "effectName": "Macro 5"
        },
        {
          "dmxRange": [48, 55],
          "type": "Effect",
          "effectName": "Macro 6"
        },
        {
          "dmxRange": [56, 63],
          "type": "Effect",
          "effectName": "Macro 7"
        },
        {
          "dmxRange": [64, 71],
          "type": "Effect",
          "effectName": "Macro 8"
        },
        {
          "dmxRange": [72, 79],
          "type": "Effect",
          "effectName": "Macro 9"
        },
        {
          "dmxRange": [80, 87],
          "type": "Effect",
          "effectName": "Macro 10"
        },
        {
          "dmxRange": [88, 95],
          "type": "Effect",
          "effectName": "Macro 11"
        },
        {
          "dmxRange": [96, 103],
          "type": "Effect",
          "effectName": "Macro 12"
        },
        {
          "dmxRange": [104, 111],
          "type": "Effect",
          "effectName": "Macro 13"
        },
        {
          "dmxRange": [112, 119],
          "type": "Effect",
          "effectName": "Macro 14"
        },
        {
          "dmxRange": [120, 127],
          "type": "Effect",
          "effectName": "Macro 15"
        },
        {
          "dmxRange": [128, 135],
          "type": "Effect",
          "effectName": "Macro 16"
        },
        {
          "dmxRange": [136, 143],
          "type": "Effect",
          "effectName": "Macro 17"
        },
        {
          "dmxRange": [144, 151],
          "type": "Effect",
          "effectName": "Macro 18"
        },
        {
          "dmxRange": [152, 159],
          "type": "Effect",
          "effectName": "Macro 19"
        },
        {
          "dmxRange": [160, 167],
          "type": "Effect",
          "effectName": "Macro 20"
        },
        {
          "dmxRange": [168, 175],
          "type": "Effect",
          "effectName": "Macro 21"
        },
        {
          "dmxRange": [176, 183],
          "type": "Effect",
          "effectName": "Macro 22"
        },
        {
          "dmxRange": [184, 191],
          "type": "Effect",
          "effectName": "Macro 23"
        },
        {
          "dmxRange": [192, 199],
          "type": "Effect",
          "effectName": "Macro 24"
        },
        {
          "dmxRange": [200, 207],
          "type": "Effect",
          "effectName": "Macro 25"
        },
        {
          "dmxRange": [208, 215],
          "type": "Effect",
          "effectName": "Macro 26"
        },
        {
          "dmxRange": [216, 223],
          "type": "Effect",
          "effectName": "Macro 27"
        },
        {
          "dmxRange": [224, 231],
          "type": "Effect",
          "effectName": "Macro 28"
        },
        {
          "dmxRange": [232, 239],
          "type": "Effect",
          "effectName": "Macro 29"
        },
        {
          "dmxRange": [240, 243],
          "type": "Effect",
          "effectName": "Macro 30"
        },
        {
          "dmxRange": [244, 249],
          "type": "Effect",
          "effectName": "Random color macro sound-controlled",
          "soundControlled": true
        },
        {
          "dmxRange": [250, 255],
          "type": "Effect",
          "effectName": "Random color macro",
          "speedStart": "fast",
          "speedEnd": "slow"
        }
      ]
    },
    "CMY & CTO Speed": {
      "defaultValue": 0,
      "capability": {
        "type": "Speed",
        "speedStart": "fast",
        "speedEnd": "slow",
        "comment": "Flags movement"
      }
    },
    "Zoom": {
      "fineChannelAliases": ["Zoom fine"],
      "capability": {
        "type": "Zoom",
        "angleStart": "4deg",
        "angleEnd": "40deg"
      }
    },
    "Hot-Spot": {
      "defaultValue": 0,
      "capability": {
        "type": "Maintenance",
        "parameterStart": "high",
        "parameterEnd": "low",
        "comment": "Beam distribution"
      }
    },
    "Shutter / Strobe": {
      "capabilities": [
        {
          "dmxRange": [0, 31],
          "type": "ShutterStrobe",
          "shutterEffect": "Closed",
          "comment": "Lamp power = 180W"
        },
        {
          "dmxRange": [32, 63],
          "type": "ShutterStrobe",
          "shutterEffect": "Open"
        },
        {
          "dmxRange": [64, 95],
          "type": "ShutterStrobe",
          "shutterEffect": "Strobe",
          "speedStart": "0Hz",
          "speedEnd": "15Hz"
        },
        {
          "dmxRange": [96, 127],
          "type": "ShutterStrobe",
          "shutterEffect": "Open",
          "comment": "Lamp power = 180W"
        },
        {
          "dmxRange": [128, 143],
          "type": "ShutterStrobe",
          "shutterEffect": "RampUp",
          "speedStart": "slow",
          "speedEnd": "fast"
        },
        {
          "dmxRange": [144, 159],
          "type": "ShutterStrobe",
          "shutterEffect": "RampDown",
          "speedStart": "fast",
          "speedEnd": "slow"
        },
        {
          "dmxRange": [160, 191],
          "type": "ShutterStrobe",
          "shutterEffect": "Strobe",
          "speedStart": "0Hz",
          "speedEnd": "33Hz",
          "comment": "electronic zapping"
        },
        {
          "dmxRange": [192, 223],
          "type": "ShutterStrobe",
          "shutterEffect": "Strobe",
          "speedStart": "slow",
          "speedEnd": "fast",
          "randomTiming": true
        },
        {
          "dmxRange": [224, 255],
          "type": "ShutterStrobe",
          "shutterEffect": "Open"
        }
      ]
    },
    "Dimmer": {
      "fineChannelAliases": ["Dimmer fine"],
      "defaultValue": 0,
      "capability": {
        "type": "Intensity"
      }
    }
  },
  "modes": [
    {
      "name": "1st",
      "rdmPersonalityIndex": 1,
      "channels": [
        "Pan",
        "Pan fine",
        "Tilt",
        "Tilt fine",
        "Pan/Tilt Speed",
        "Power/Special Functions",
        "Color Wheel",
        "Color Wheel fine",
        "Cyan",
        "Magenta",
        "Yellow",
        "CTO Filter",
        "CMY Color Macros",
        "CMY & CTO Speed",
        "Zoom",
        "Zoom fine",
        "Hot-Spot",
        "Shutter / Strobe",
        "Dimmer",
        "Dimmer fine"
      ]
    },
    {
      "name": "2nd",
      "rdmPersonalityIndex": 2,
      "channels": [
        "Pan",
        "Pan fine",
        "Tilt",
        "Tilt fine",
        "Pan/Tilt Speed",
        "Power/Special Functions",
        "Color Wheel",
        "Cyan",
        "Magenta",
        "Yellow",
        "CTO Filter",
        "CMY Color Macros",
        "CMY & CTO Speed",
        "Zoom",
        "Hot-Spot",
        "Shutter / Strobe",
        "Dimmer"
      ]
    },
    {
      "name": "3rd",
      "rdmPersonalityIndex": 3,
      "channels": [
        "Pan",
        "Tilt",
        "Pan/Tilt Speed",
        "Power/Special Functions",
        "Color Wheel",
        "Cyan",
        "Magenta",
        "Yellow",
        "CTO Filter",
        "CMY Color Macros",
        "CMY & CTO Speed",
        "Zoom",
        "Hot-Spot",
        "Shutter / Strobe",
        "Dimmer"
      ]
    }
  ],
  "fixtureKey": "robin-300e-wash",
  "manufacturerKey": "robe",
  "oflURL": "https://open-fixture-library.org/robe/robin-300e-wash"
}
