{
  "$schema": "https://raw.githubusercontent.com/OpenLightingProject/open-fixture-library/schema-12.1.0/schemas/fixture.json",
  "name": "Robin LEDBeam 100",
  "shortName": "RobinLEDBeam100",
  "categories": ["Moving Head", "Color Changer", "Dimmer"],
  "meta": {
    "authors": ["ameisso", "Flo Edelmann"],
    "createDate": "2019-01-21",
    "lastModifyDate": "2019-01-21"
  },
  "links": {
    "manual": [
      "https://www.robe.cz/index.php?type=10898&tx_odproducts_f%5baction%5d=downloadFile&tx_odproducts_f%5bfile%5d=robe/downloads/user_manuals/User_manual_Robin_100_LEDBeam.pdf"
    ],
    "productPage": [
      "https://www.robe.cz/ledbeam-100/"
    ],
    "video": [
      "https://www.youtube.com/watch?v=VKBPEIBDmO0",
      "https://www.youtube.com/watch?v=wG1ZXgwWQIg"
    ]
  },
  "physical": {
    "dimensions": [233, 314, 149],
    "weight": 4.5,
    "power": 200,
    "DMXconnector": "5-pin",
    "bulb": {
      "type": "LED",
      "lumens": 5960
    },
    "lens": {
      "degreesMinMax": [7, 7]
    }
  },
  "matrix": {
    "pixelKeys": [
      [
        [
          null,
          "1",
          null,
          "2",
          null
        ],
        [
          "3",
          null,
          "4",
          null,
          "5"
        ],
        [
          null,
          "6",
          null,
          "7",
          null
        ],
        [
          "8",
          null,
          "9",
          null,
          "10"
        ],
        [
          null,
          "11",
          null,
          "12",
          null
        ]
      ]
    ],
    "pixelGroups": {
      "Zone 1": [
        "4",
        "6",
        "7",
        "9"
      ],
      "Zone 2": [
        "8",
        "10",
        "11",
        "12"
      ],
      "Zone 3": [
        "1",
        "2",
        "3",
        "5"
      ],
      "All Zones": "all"
    }
  },
  "availableChannels": {
    "Pan": {
      "fineChannelAliases": ["Pan fine"],
      "capability": {
        "type": "Pan",
        "angleStart": "0deg",
        "angleEnd": "450deg"
      }
    },
    "Tilt": {
      "fineChannelAliases": ["Tilt fine"],
      "capability": {
        "type": "Tilt",
        "angleStart": "0deg",
        "angleEnd": "300deg"
      }
    },
    "Pan/Tilt Speed": {
      "defaultValue": 0,
      "capability": {
        "type": "PanTiltSpeed",
        "durationStart": "0.1s",
        "durationEnd": "25.5s"
      }
    },
    "Special functions": {
      "capabilities": [
        {
          "dmxRange": [0, 9],
          "type": "NoFunction"
        },
        {
          "dmxRange": [10, 29],
          "type": "NoFunction"
        },
        {
          "dmxRange": [30, 39],
          "type": "Maintenance",
          "comment": "RGBW color mixing mode",
          "hold": "3s"
        },
        {
          "dmxRange": [40, 49],
          "type": "Maintenance",
          "comment": "CMY color mixing mode",
          "hold": "3s"
        },
        {
          "dmxRange": [50, 59],
          "type": "Maintenance",
          "comment": "Pan/Tilt speed mode",
          "hold": "3s"
        },
        {
          "dmxRange": [60, 69],
          "type": "Maintenance",
          "comment": "Pan/Tilt time mode",
          "hold": "3s"
        },
        {
          "dmxRange": [70, 79],
          "type": "Maintenance",
          "comment": "Enable blackout while pan/tilt moving",
          "hold": "3s"
        },
        {
          "dmxRange": [80, 89],
          "type": "Maintenance",
          "comment": "Disable blackout while pan/tilt moving",
          "hold": "3s"
        },
        {
          "dmxRange": [90, 109],
          "type": "NoFunction"
        },
        {
          "dmxRange": [110, 114],
          "type": "Maintenance",
          "comment": "Enable color calibration mode",
          "hold": "3s"
        },
        {
          "dmxRange": [115, 119],
          "type": "Maintenance",
          "comment": "Disable color calibration mode",
          "hold": "3s"
        },
        {
          "dmxRange": [120, 124],
          "type": "Maintenance",
          "comment": "Enable tilt movement reduction",
          "hold": "3s"
        },
        {
          "dmxRange": [125, 129],
          "type": "Maintenance",
          "comment": "Disable tilt movement reduction",
          "hold": "3s"
        },
        {
          "dmxRange": [130, 139],
          "type": "NoFunction"
        },
        {
          "dmxRange": [140, 149],
          "type": "Maintenance",
          "comment": "Pan/Tilt reset",
          "hold": "3s"
        },
        {
          "dmxRange": [150, 199],
          "type": "NoFunction"
        },
        {
          "dmxRange": [200, 209],
          "type": "Maintenance",
          "comment": "Total reset",
          "hold": "3s"
        },
        {
          "dmxRange": [210, 255],
          "type": "NoFunction"
        }
      ]
    },
    "CTC": {
      "capability": {
        "type": "ColorTemperature",
        "colorTemperatureStart": "19000K",
        "colorTemperatureEnd": "2700K"
      }
    },
    "Virtual Color Wheel": {
      "capabilities": [
        {
          "dmxRange": [0, 0],
          "type": "NoFunction"
        },
        {
          "dmxRange": [1, 2],
          "type": "ColorPreset",
          "comment": "White",
          "colorTemperature": "2700K",
          "colors": ["#ffa757"]
        },
        {
          "dmxRange": [3, 3],
          "type": "ColorPreset",
          "comment": "White Halogen lamp mode",
          "colorTemperature": "2700K",
          "colors": ["#ffa757"]
        },
        {
          "dmxRange": [4, 5],
          "type": "ColorPreset",
          "comment": "White",
          "colorTemperature": "3200K",
          "colors": ["#ffb87b"]
        },
        {
          "dmxRange": [6, 6],
          "type": "ColorPreset",
          "comment": "White Halogen lamp mode",
          "colorTemperature": "3200K",
          "colors": ["#ffb87b"]
        },
        {
          "dmxRange": [7, 9],
          "type": "ColorPreset",
          "comment": "White",
          "colorTemperature": "4200K",
          "colors": ["#ffd3af"]
        },
        {
          "dmxRange": [10, 12],
          "type": "ColorPreset",
          "comment": "White",
          "colorTemperature": "5600K",
          "colors": ["#ffefe1"]
        },
        {
          "dmxRange": [13, 15],
          "type": "ColorPreset",
          "comment": "White",
          "colorTemperature": "8000K",
          "colors": ["#dde6ff"]
        },
        {
          "dmxRange": [16, 16],
          "type": "ColorPreset",
          "comment": "Blue",
          "colors": ["#0000ff"]
        },
        {
          "dmxRange": [17, 55],
          "type": "ColorPreset",
          "comment": "Blue … Cyan",
          "colorsStart": ["#0000ff"],
          "colorsEnd": ["#00ffff"]
        },
        {
          "dmxRange": [56, 56],
          "type": "ColorPreset",
          "comment": "Cyan",
          "colors": ["#00ffff"]
        },
        {
          "dmxRange": [57, 95],
          "type": "ColorPreset",
          "comment": "Cyan … Green",
          "colorsStart": ["#00ffff"],
          "colorsEnd": ["#00ff00"]
        },
        {
          "dmxRange": [96, 96],
          "type": "ColorPreset",
          "comment": "Green",
          "colors": ["#00ff00"]
        },
        {
          "dmxRange": [97, 134],
          "type": "ColorPreset",
          "comment": "Green … Yellow",
          "colorsStart": ["#00ff00"],
          "colorsEnd": ["#ffff00"]
        },
        {
          "dmxRange": [135, 135],
          "type": "ColorPreset",
          "comment": "Yellow",
          "colors": ["#ffff00"]
        },
        {
          "dmxRange": [136, 174],
          "type": "ColorPreset",
          "comment": "Yellow … Red",
          "colorsStart": ["#ffff00"],
          "colorsEnd": ["#ff0000"]
        },
        {
          "dmxRange": [175, 175],
          "type": "ColorPreset",
          "comment": "Red",
          "colors": ["#ff0000"]
        },
        {
          "dmxRange": [176, 214],
          "type": "ColorPreset",
          "comment": "Red … Magenta",
          "colorsStart": ["#ff0000"],
          "colorsEnd": ["#ff00ff"]
        },
        {
          "dmxRange": [215, 215],
          "type": "ColorPreset",
          "comment": "Magenta",
          "colors": ["#ff00ff"]
        },
        {
          "dmxRange": [216, 246],
          "type": "ColorPreset",
          "comment": "Magenta … Blue",
          "colorsStart": ["#ff00ff"],
          "colorsEnd": ["#0000ff"]
        },
        {
          "dmxRange": [247, 247],
          "type": "ColorPreset",
          "comment": "Blue",
          "colors": ["#0000ff"]
        },
        {
          "dmxRange": [248, 248],
          "type": "Effect",
          "effectPreset": "ColorFade"
        },
        {
          "dmxRange": [249, 249],
          "type": "Effect",
          "effectPreset": "ColorJump"
        },
        {
          "dmxRange": [250, 250],
          "type": "Effect",
          "effectName": "Zone effect 1"
        },
        {
          "dmxRange": [251, 251],
          "type": "Effect",
          "effectName": "Zone effect 2"
        },
        {
          "dmxRange": [252, 252],
          "type": "Effect",
          "effectName": "Zone effect 3"
        },
        {
          "dmxRange": [253, 253],
          "type": "Effect",
          "effectName": "Zone effect 4"
        },
        {
          "dmxRange": [254, 254],
          "type": "Effect",
          "effectName": "Zone effect 5"
        },
        {
          "dmxRange": [255, 255],
          "type": "Effect",
          "effectName": "Zone effect 6"
        }
      ]
    },
    "Shutter / Strobe": {
      "capabilities": [
        {
          "dmxRange": [0, 31],
          "type": "ShutterStrobe",
          "shutterEffect": "Closed"
        },
        {
          "dmxRange": [32, 63],
          "type": "ShutterStrobe",
          "shutterEffect": "Strobe",
          "speedStart": "slow",
          "speedEnd": "fast",
          "comment": "Zones 2 and 3 only"
        },
        {
          "dmxRange": [64, 95],
          "type": "ShutterStrobe",
          "shutterEffect": "Strobe",
          "speedStart": "slow",
          "speedEnd": "fast",
          "comment": "All Zones"
        },
        {
          "dmxRange": [96, 111],
          "type": "EffectSpeed",
          "speedStart": "slow",
          "speedEnd": "fast",
          "comment": "Virtual Color Wheel"
        },
        {
          "dmxRange": [112, 127],
          "type": "EffectSpeed",
          "speedStart": "fast reverse",
          "speedEnd": "slow reverse",
          "comment": "Virtual Color Wheel"
        },
        {
          "dmxRange": [128, 143],
          "type": "ShutterStrobe",
          "shutterEffect": "RampUp",
          "speedStart": "slow",
          "speedEnd": "fast",
          "comment": "All Zones"
        },
        {
          "dmxRange": [144, 159],
          "type": "ShutterStrobe",
          "shutterEffect": "RampDown",
          "speedStart": "slow",
          "speedEnd": "fast",
          "comment": "All Zones"
        },
        {
          "dmxRange": [160, 175],
          "type": "ShutterStrobe",
          "shutterEffect": "Strobe",
          "speedStart": "slow",
          "speedEnd": "fast",
          "comment": "Random Zone"
        },
        {
          "dmxRange": [176, 191],
          "type": "ShutterStrobe",
          "shutterEffect": "Strobe",
          "speedStart": "slow",
          "speedEnd": "fast",
          "randomTiming": true,
          "comment": "Random Zone"
        },
        {
          "dmxRange": [192, 223],
          "type": "ShutterStrobe",
          "shutterEffect": "Strobe",
          "speedStart": "slow",
          "speedEnd": "fast",
          "randomTiming": true,
          "comment": "All Zones"
        },
        {
          "dmxRange": [224, 255],
          "type": "ShutterStrobe",
          "shutterEffect": "Open"
        }
      ]
    },
    "Dimmer": {
      "fineChannelAliases": ["Dimmer fine"],
      "capability": {
        "type": "Intensity"
      }
    }
  },
  "templateChannels": {
    "Red $pixelKey": {
      "fineChannelAliases": ["Red $pixelKey fine"],
      "capability": {
        "type": "ColorIntensity",
        "color": "Red"
      }
    },
    "Cyan $pixelKey": {
      "fineChannelAliases": ["Cyan $pixelKey fine"],
      "capability": {
        "type": "ColorIntensity",
        "color": "Cyan"
      }
    },
    "Green $pixelKey": {
      "fineChannelAliases": ["Green $pixelKey fine"],
      "capability": {
        "type": "ColorIntensity",
        "color": "Green"
      }
    },
    "Magenta $pixelKey": {
      "fineChannelAliases": ["Magenta $pixelKey fine"],
      "capability": {
        "type": "ColorIntensity",
        "color": "Magenta"
      }
    },
    "Blue $pixelKey": {
      "fineChannelAliases": ["Blue $pixelKey fine"],
      "capability": {
        "type": "ColorIntensity",
        "color": "Blue"
      }
    },
    "Yellow $pixelKey": {
      "fineChannelAliases": ["Yellow $pixelKey fine"],
      "capability": {
        "type": "ColorIntensity",
        "color": "Yellow"
      }
    },
    "White $pixelKey": {
      "fineChannelAliases": ["White $pixelKey fine"],
      "capability": {
        "type": "ColorIntensity",
        "color": "White"
      }
    }
  },
  "modes": [
    {
      "name": "RGBW Pixel",
      "shortName": "1-rgbw",
      "channels": [
        "Pan",
        "Pan fine",
        "Tilt",
        "Tilt fine",
        "Pan/Tilt Speed",
        "Special functions",
        "Red Zone 1",
        "Red Zone 1 fine",
        "Green Zone 1",
        "Green Zone 1 fine",
        "Blue Zone 1",
        "Blue Zone 1 fine",
        "White Zone 1",
        "White Zone 1 fine",
        "Red Zone 2",
        "Red Zone 2 fine",
        "Green Zone 2",
        "Green Zone 2 fine",
        "Blue Zone 2",
        "Blue Zone 2 fine",
        "White Zone 2",
        "White Zone 2 fine",
        "Red Zone 3",
        "Red Zone 3 fine",
        "Green Zone 3",
        "Green Zone 3 fine",
        "Blue Zone 3",
        "Blue Zone 3 fine",
        "White Zone 3",
        "White Zone 3 fine",
        "CTC",
        "Virtual Color Wheel",
        "Shutter / Strobe",
        "Dimmer",
        "Dimmer fine"
      ]
    },
    {
      "name": "CMY Pixel",
      "shortName": "1-cmy",
      "channels": [
        "Pan",
        "Pan fine",
        "Tilt",
        "Tilt fine",
        "Pan/Tilt Speed",
        "Special functions",
        "Cyan Zone 1",
        "Cyan Zone 1 fine",
        "Magenta Zone 1",
        "Magenta Zone 1 fine",
        "Yellow Zone 1",
        "Yellow Zone 1 fine",
        null,
        null,
        "Cyan Zone 2",
        "Cyan Zone 2 fine",
        "Magenta Zone 2",
        "Magenta Zone 2 fine",
        "Yellow Zone 2",
        "Yellow Zone 2 fine",
        null,
        null,
        "Cyan Zone 3",
        "Cyan Zone 3 fine",
        "Magenta Zone 3",
        "Magenta Zone 3 fine",
        "Yellow Zone 3",
        "Yellow Zone 3 fine",
        null,
        null,
        "CTC",
        "Virtual Color Wheel",
        "Shutter / Strobe",
        "Dimmer",
        "Dimmer fine"
      ]
    },
    {
      "name": "Single 16bit RGBW Color",
      "shortName": "2-rgbw",
      "channels": [
        "Pan",
        "Pan fine",
        "Tilt",
        "Tilt fine",
        "Pan/Tilt Speed",
        "Special functions",
        "Red All Zones",
        "Red All Zones fine",
        "Green All Zones",
        "Green All Zones fine",
        "Blue All Zones",
        "Blue All Zones fine",
        "White All Zones",
        "White All Zones fine",
        "CTC",
        "Virtual Color Wheel",
        "Shutter / Strobe",
        "Dimmer",
        "Dimmer fine"
      ]
    },
    {
      "name": "Single 16bit CMY Color",
      "shortName": "2-cmy",
      "channels": [
        "Pan",
        "Pan fine",
        "Tilt",
        "Tilt fine",
        "Pan/Tilt Speed",
        "Special functions",
        "Cyan All Zones",
        "Cyan All Zones fine",
        "Magenta All Zones",
        "Magenta All Zones fine",
        "Yellow All Zones",
        "Yellow All Zones fine",
        null,
        null,
        "CTC",
        "Virtual Color Wheel",
        "Shutter / Strobe",
        "Dimmer",
        "Dimmer fine"
      ]
    },
    {
      "name": "Single 8bit RGBW Color",
      "shortName": "3-rgbw",
      "channels": [
        "Pan",
        "Pan fine",
        "Tilt",
        "Tilt fine",
        "Pan/Tilt Speed",
        "Special functions",
        "Red All Zones",
        "Green All Zones",
        "Blue All Zones",
        "White All Zones",
        "CTC",
        "Virtual Color Wheel",
        "Shutter / Strobe",
        "Dimmer"
      ]
    },
    {
      "name": "Single 8bit CMY Color",
      "shortName": "3-cmy",
      "channels": [
        "Pan",
        "Pan fine",
        "Tilt",
        "Tilt fine",
        "Pan/Tilt Speed",
        "Special functions",
        "Cyan All Zones",
        "Magenta All Zones",
        "Yellow All Zones",
        null,
        "CTC",
        "Virtual Color Wheel",
        "Shutter / Strobe",
        "Dimmer"
      ]
    },
    {
      "name": "Virtual Color Wheel",
      "shortName": "4",
      "channels": [
        "Pan",
        "Pan fine",
        "Tilt",
        "Tilt fine",
        "Pan/Tilt Speed",
        "Special functions",
        "Virtual Color Wheel",
        "Shutter / Strobe",
        "Dimmer"
      ]
    },
    {
      "name": "Reordered RGBW Pixel",
      "shortName": "5-rgbw",
      "channels": [
        "Pan",
        "Pan fine",
        "Tilt",
        "Tilt fine",
        "Pan/Tilt Speed",
        "Special functions",
        "Shutter / Strobe",
        "Dimmer",
        "Dimmer fine",
        "CTC",
        "Virtual Color Wheel",
        "Red Zone 1",
        "Red Zone 1 fine",
        "Green Zone 1",
        "Green Zone 1 fine",
        "Blue Zone 1",
        "Blue Zone 1 fine",
        "White Zone 1",
        "White Zone 1 fine",
        "Red Zone 2",
        "Red Zone 2 fine",
        "Green Zone 2",
        "Green Zone 2 fine",
        "Blue Zone 2",
        "Blue Zone 2 fine",
        "White Zone 2",
        "White Zone 2 fine",
        "Red Zone 3",
        "Red Zone 3 fine",
        "Green Zone 3",
        "Green Zone 3 fine",
        "Blue Zone 3",
        "Blue Zone 3 fine",
        "White Zone 3",
        "White Zone 3 fine"
      ]
    },
    {
      "name": "Reordered CMY Pixel",
      "shortName": "5-cmy",
      "channels": [
        "Pan",
        "Pan fine",
        "Tilt",
        "Tilt fine",
        "Pan/Tilt Speed",
        "Special functions",
        "Shutter / Strobe",
        "Dimmer",
        "Dimmer fine",
        "CTC",
        "Virtual Color Wheel",
        "Cyan Zone 1",
        "Cyan Zone 1 fine",
        "Magenta Zone 1",
        "Magenta Zone 1 fine",
        "Yellow Zone 1",
        "Yellow Zone 1 fine",
        null,
        null,
        "Cyan Zone 2",
        "Cyan Zone 2 fine",
        "Magenta Zone 2",
        "Magenta Zone 2 fine",
        "Yellow Zone 2",
        "Yellow Zone 2 fine",
        null,
        null,
        "Cyan Zone 3",
        "Cyan Zone 3 fine",
        "Magenta Zone 3",
        "Magenta Zone 3 fine",
        "Yellow Zone 3",
        "Yellow Zone 3 fine",
        null,
        null
      ]
    },
    {
      "name": "LEDWash 300 RGBW",
      "shortName": "6-rgbw",
      "channels": [
        "Pan",
        "Pan fine",
        "Tilt",
        "Tilt fine",
        "Pan/Tilt Speed",
        "Special functions",
        "Red Zone 1",
        "Red Zone 1 fine",
        "Green Zone 1",
        "Green Zone 1 fine",
        "Blue Zone 1",
        "Blue Zone 1 fine",
        "White Zone 1",
        "White Zone 1 fine",
        "Red Zone 2",
        "Red Zone 2 fine",
        "Green Zone 2",
        "Green Zone 2 fine",
        "Blue Zone 2",
        "Blue Zone 2 fine",
        "White Zone 2",
        "White Zone 2 fine",
        "Red Zone 3",
        "Red Zone 3 fine",
        "Green Zone 3",
        "Green Zone 3 fine",
        "Blue Zone 3",
        "Blue Zone 3 fine",
        "White Zone 3",
        "White Zone 3 fine",
        "CTC",
        "Virtual Color Wheel",
        null,
        null,
        "Shutter / Strobe",
        "Dimmer",
        "Dimmer fine"
      ]
    },
    {
      "name": "LEDWash 300 CMY",
      "shortName": "6-cmy",
      "channels": [
        "Pan",
        "Pan fine",
        "Tilt",
        "Tilt fine",
        "Pan/Tilt Speed",
        "Special functions",
        "Cyan Zone 1",
        "Cyan Zone 1 fine",
        "Magenta Zone 1",
        "Magenta Zone 1 fine",
        "Yellow Zone 1",
        "Yellow Zone 1 fine",
        null,
        null,
        "Cyan Zone 2",
        "Cyan Zone 2 fine",
        "Magenta Zone 2",
        "Magenta Zone 2 fine",
        "Yellow Zone 2",
        "Yellow Zone 2 fine",
        null,
        null,
        "Cyan Zone 3",
        "Cyan Zone 3 fine",
        "Magenta Zone 3",
        "Magenta Zone 3 fine",
        "Yellow Zone 3",
        "Yellow Zone 3 fine",
        null,
        null,
        "CTC",
        "Virtual Color Wheel",
        null,
        null,
        "Shutter / Strobe",
        "Dimmer",
        "Dimmer fine"
      ]
    }
  ],
  "fixtureKey": "robin-ledbeam-100",
  "manufacturerKey": "robe",
  "oflURL": "https://open-fixture-library.org/robe/robin-ledbeam-100"
}
