{
  "$schema": "https://raw.githubusercontent.com/OpenLightingProject/open-fixture-library/schema-12.1.0/schemas/manufacturers.json",
  "5star-systems": {
    "name": "5Star Systems"
  },
  "abstract": {
    "name": "Abstract",
    "website": "http://www.abstract.co.uk/"
  },
  "acoustic-control": {
    "name": "Acoustic Control",
    "website": "https://kinson.pro/manufacturers/acoustic-control.html"
  },
  "adb": {
    "name": "ADB",
    "website": "https://www.adbstagelight.com",
    "rdmId": 16708
  },
  "afx": {
    "name": "AFX",
    "website": "https://www.afx-light.com"
  },
  "american-dj": {
    "name": "American DJ",
    "website": "https://www.adj.com/"
  },
  "ape-labs": {
    "name": "Ape Labs",
    "website": "https://www.apelabs.com"
  },
  "arri": {
    "name": "ARRI",
    "website": "https://www.arri.com/en/",
    "rdmId": 8377
  },
  "astera": {
    "name": "Astera",
    "website": "https://astera-led.com/",
    "rdmId": 16755
  },
  "ayra": {
    "name": "Ayra",
    "website": "https://www.bax-shop.co.uk/ayra"
  },
  "ayrton": {
    "name": "Ayrton",
    "website": "https://www.ayrton.eu/"
  },
  "beamz": {
    "name": "BeamZ",
    "comment": "Brand of the Tronios Group.",
    "website": "https://www.tronios.com/lighting/filter/brand_beamz/"
  },
  "big-dipper": {
    "name": "Big Dipper",
    "website": "http://www.bigdipper-laser.com/"
  },
  "blizzard": {
    "name": "Blizzard",
    "website": "https://www.blizzardpro.com/"
  },
  "boomtonedj": {
    "name": "BoomToneDJ",
    "website": "http://www.boomtonedj.com/"
  },
  "briteq": {
    "name": "Briteq",
    "website": "https://briteq-lighting.com/",
    "rdmId": 8482
  },
  "cameo": {
    "name": "cameo",
    "website": "https://www.cameolight.com/"
  },
  "chauvet-dj": {
    "name": "Chauvet DJ",
    "website": "https://www.chauvetdj.com/",
    "rdmId": 8612
  },
  "chauvet-professional": {
    "name": "Chauvet Professional",
    "website": "https://www.chauvetprofessional.com/"
  },
  "chroma-q": {
    "name": "Chroma-Q",
    "website": "https://chroma-q.com/",
    "rdmId": 21360
  },
  "cinetec": {
    "name": "Cinetec",
    "website": "http://www.dimatec.net/tarif_cinetec.html"
  },
  "clay-paky": {
    "name": "Clay Paky",
    "website": "https://www.claypaky.it/en/home/",
    "rdmId": 17232
  },
  "clf": {
    "name": "CLF",
    "website": "https://www.clf-lighting.com",
    "rdmId": 738
  },
  "coemar": {
    "name": "Coemar",
    "website": "http://www.coemar.com/",
    "rdmId": 17229
  },
  "contest": {
    "name": "Contest",
    "website": "https://www.contest-lighting.com/en/"
  },
  "dedolight": {
    "name": "Dedolight",
    "website": "https://www.dedoweigertfilm.de/dwf-en/brands/dedolight_overview.php"
  },
  "dts": {
    "name": "DTS",
    "website": "https://dts-lighting.it/",
    "rdmId": 1808
  },
  "elation": {
    "name": "Elation",
    "website": "https://www.elationlighting.com/",
    "rdmId": 8870
  },
  "eliminator": {
    "name": "Eliminator Lighting",
    "website": "https://www.eliminatorlighting.com/"
  },
  "empire-lighting": {
    "name": "EMPiRE Lighting",
    "website": "http://shop.empire-electronic.de/shop-EMPiRE.html"
  },
  "epsilon": {
    "name": "Epsilon",
    "website": "https://www.epsilon-pro.com/"
  },
  "equinox": {
    "name": "Equinox",
    "comment": "Brand of the Prolight Concepts Group.",
    "website": "https://prolight.co.uk/our-brands/equinox-overview"
  },
  "etc": {
    "name": "ETC",
    "website": "https://www.etcconnect.com/",
    "rdmId": 25972
  },
  "eurolite": {
    "name": "Eurolite",
    "website": "https://www.steinigke.de/en/Eurolite/"
  },
  "event-lighting": {
    "name": "Event Lighting",
    "website": "https://event-lighting.com.au/"
  },
  "evolight": {
    "name": "Evolight"
  },
  "explo": {
    "name": "Explo",
    "website": "https://www.explo.at/en"
  },
  "eyourlife": {
    "name": "Eyourlife"
  },
  "flash-professional": {
    "name": "Flash Professional",
    "website": "http://flash-butrym.pl/en_US/c/Professional-Series/91"
  },
  "fun-generation": {
    "name": "Fun Generation",
    "website": "https://www.thomann.de/intl/fun_generation.html"
  },
  "futurelight": {
    "name": "Futurelight",
    "website": "https://www.steinigke.de/en/High-quality-light-equipment-for-professionals/"
  },
  "generic": {
    "name": "Generic",
    "comment": "Use this pseudo manufacturer if you need to quick patch some channels without having to create a new fixture."
  },
  "ghost": {
    "name": "Ghost",
    "website": "https://www.mhdiffusion.fr/?page=produits&marque=GHOST"
  },
  "glp": {
    "name": "GLP",
    "comment": "German Light Products",
    "website": "https://www.glp.de/en/",
    "rdmId": 26476
  },
  "glx": {
    "name": "GLX"
  },
  "griven": {
    "name": "Griven",
    "website": "http://www.griven.com/"
  },
  "gruft": {
    "name": "Gruft",
    "comment": "Görli + Edelnörd"
  },
  "hazebase": {
    "name": "Hazebase",
    "website": "https://hazebase.com/"
  },
  "hong-yi": {
    "name": "Hong Yi",
    "comment": "http://www.hongyilights.com/"
  },
  "ibiza-light": {
    "name": "Ibiza light",
    "website": "https://www.ibiza-light.com/"
  },
  "ignition": {
    "name": "Ignition",
    "comment": "Seems to be discontinued."
  },
  "infinity": {
    "name": "Infinity",
    "website": "https://www.infinity-intelligent-light.com/"
  },
  "jb-lighting": {
    "name": "JB-Lighting",
    "website": "https://jb-lighting.de/"
  },
  "jb-systems": {
    "name": "JB Systems",
    "website": "https://jb-systems.eu/"
  },
  "kam": {
    "name": "KAM",
    "comment": "No website - no longer trading"
  },
  "lalucenatz": {
    "name": "LaluceNatz"
  },
  "laserworld": {
    "name": "Laserworld",
    "website": "https://www.laserworld.com/en/"
  },
  "ledj": {
    "name": "LEDJ",
    "comment": "Brand of the Prolight Concepts Group.",
    "website": "https://prolight.co.uk/our-brands/ledj-overview"
  },
  "lep-laser": {
    "name": "LEP-LASER",
    "comment": "Laser Entertainment Products",
    "website": "https://www.amazon.de/sp?marketplaceID=A1PA6795UKMFR9&seller=AQYXP78H38D55"
  },
  "light-sky": {
    "name": "LIGHT SKY",
    "website": "http://www.lightsky.com.cn/en/",
    "rdmId": 14472
  },
  "lightmaxx": {
    "name": "lightmaXX",
    "website": "https://www.musicstore.de/en_DE/EUR/brands/lightmaxx"
  },
  "lite-tek": {
    "name": "Lite-Tek",
    "website": "https://lite-tek.com.mx/"
  },
  "lixada": {
    "name": "Lixada",
    "website": "https://www.lixada.com/"
  },
  "look": {
    "name": "Look Solutions",
    "website": "https://www.looksolutions.com/"
  },
  "magicfx": {
    "name": "MagicFX",
    "website": "https://www.magicfx.eu/",
    "rdmId": 18008
  },
  "mark": {
    "name": "Mark",
    "comment": "No manufacturer website available, linking to distributor Equipson instead.",
    "website": "https://www.equipson.es/products/mark"
  },
  "martin": {
    "name": "Martin",
    "website": "https://www.martin.com/en-US",
    "rdmId": 19792
  },
  "mdg": {
    "name": "MDG",
    "website": "http://www.mdgfog.com/en",
    "rdmId": 19780
  },
  "mega-led-lighting": {
    "name": "Mega LED Lighting",
    "website": "http://mjledlighting.com"
  },
  "minuit-une": {
    "name": "Minuit Une",
    "website": "https://minuitune.com/"
  },
  "nicols": {
    "name": "Nicols",
    "website": "http://www.nicols.site-expelec.fr/"
  },
  "orion": {
    "name": "Orion Effects Lighting",
    "website": "http://orion-fxlights.com/"
  },
  "powerlighting": {
    "name": "Power Lighting"
  },
  "pr-lighting": {
    "name": "PR LIGHTING",
    "website": "http://www.pr-lighting.com/"
  },
  "prolights": {
    "name": "Prolights",
    "website": "https://prolights.it/",
    "rdmId": 5584
  },
  "qtx": {
    "name": "QTX",
    "website": "https://www.avsl.com/brands/qtx"
  },
  "renkforce": {
    "name": "Renkforce",
    "comment": "Store brand of German electronics retailer Conrad.",
    "website": "https://www.conrad.at/de/marken/renkforce.html"
  },
  "robe": {
    "name": "Robe",
    "website": "https://www.robe.cz/",
    "rdmId": 21075
  },
  "robert-juliat": {
    "name": "Robert Juliat",
    "website": "https://www.robertjuliat.com/"
  },
  "rockville": {
    "name": "Rockville",
    "website": "https://www.rockvilleaudio.com/"
  },
  "shehds": {
    "name": "Shehds",
    "website": "https://www.shehds.com/"
  },
  "showline": {
    "name": "Showline",
    "website": "https://www.vari-lite.com/global",
    "comment": "Belongs to the Vari-Lite brand."
  },
  "showpro": {
    "name": "ShowPRO",
    "website": "https://www.showtech.com.au/our-brands/showpro/"
  },
  "showtec": {
    "name": "Showtec",
    "website": "https://www.highlite.com/",
    "rdmId": 10676
  },
  "showven": {
    "name": "Showven",
    "website": "https://showven.en.alibaba.com/"
  },
  "silver-star": {
    "name": "Silver Star",
    "comment": "Brand of Guangzhou Yajiang Photoelectric Equipment Co., Ltd.",
    "website": "http://yajiang.cn/english.php"
  },
  "skypix": {
    "name": "Skypix",
    "website": "http://skypixlight.com.br/"
  },
  "solaris": {
    "name": "Solaris",
    "website": "https://solarispro.net/"
  },
  "solena": {
    "name": "Solena",
    "comment": "Store brand of electronics retailer ProSound And Stage Lighting.",
    "website": "https://www.pssl.com/Solena-Professional?by=Brand"
  },
  "soundlight": {
    "name": "SoundLight",
    "website": "http://www.soundlight.de/",
    "rdmId": 21324
  },
  "stage-right": {
    "name": "Stage Right",
    "comment": "Store brand of Monoprice",
    "website": "https://www.monoprice.com/"
  },
  "stairville": {
    "name": "Stairville",
    "website": "https://www.thomann.de/intl/stairville.html"
  },
  "starway": {
    "name": "Starway",
    "website": "https://en.star-way.com/",
    "rdmId": 2537
  },
  "sun-star": {
    "name": "Sun Star",
    "website": "https://sunstarprolight.com.ar"
  },
  "tiptop-stage-light": {
    "name": "TIPTOP Stage Light",
    "website": "http://www.tiptopstagelight.com/"
  },
  "tmb": {
    "name": "TMB",
    "website": "https://tmb.com/",
    "rdmId": 6906
  },
  "varytec": {
    "name": "Varytec",
    "website": "https://www.thomann.de/intl/varytec.html"
  },
  "venue": {
    "name": "Venue",
    "comment": "Venue by Proline",
    "website": "https://venuelightingeffects.com/"
  }
}
