{
  "$schema": "https://raw.githubusercontent.com/OpenLightingProject/open-fixture-library/schema-12.1.0/schemas/fixture.json",
  "name": "ThinTri64",
  "shortName": "VenueThinTri64",
  "categories": ["Color Changer"],
  "meta": {
    "authors": ["Felix Edelmann"],
    "createDate": "2018-02-04",
    "lastModifyDate": "2018-07-21"
  },
  "links": {
    "manual": [
      "https://venuelightingeffects.com/wp-content/uploads/2016/03/Venue_by_Proline_ThinTri_38_64_Manual.pdf"
    ]
  },
  "physical": {
    "dimensions": [252, 227, 84],
    "weight": 1.8,
    "power": 39,
    "DMXconnector": "3-pin",
    "bulb": {
      "type": "12x 3W RGB LED"
    },
    "lens": {
      "degreesMinMax": [15, 15]
    }
  },
  "availableChannels": {
    "Red": {
      "defaultValue": 0,
      "capability": {
        "type": "ColorIntensity",
        "color": "Red"
      }
    },
    "Green": {
      "defaultValue": 0,
      "capability": {
        "type": "ColorIntensity",
        "color": "Green"
      }
    },
    "Blue": {
      "defaultValue": 0,
      "capability": {
        "type": "ColorIntensity",
        "color": "Blue"
      }
    },
    "Color Macros": {
      "capabilities": [
        {
          "dmxRange": [0, 15],
          "type": "NoFunction"
        },
        {
          "dmxRange": [16, 255],
          "type": "ColorPreset",
          "helpWanted": "Which color macros can be selected at which DMX values?"
        }
      ]
    },
    "Strobe": {
      "defaultValue": 0,
      "capabilities": [
        {
          "dmxRange": [0, 15],
          "type": "NoFunction"
        },
        {
          "dmxRange": [16, 255],
          "type": "ShutterStrobe",
          "shutterEffect": "Strobe",
          "speedStart": "0Hz",
          "speedEnd": "20Hz"
        }
      ]
    },
    "Speed": {
      "capability": {
        "type": "EffectSpeed",
        "speedStart": "slow",
        "speedEnd": "fast"
      }
    },
    "Sound Sensitivity": {
      "defaultValue": 0,
      "capabilities": [
        {
          "dmxRange": [0, 10],
          "type": "SoundSensitivity",
          "soundSensitivity": "off"
        },
        {
          "dmxRange": [11, 255],
          "type": "SoundSensitivity",
          "soundSensitivityStart": "low",
          "soundSensitivityEnd": "high"
        }
      ]
    },
    "Mode": {
      "defaultValue": 0,
      "capabilities": [
        {
          "dmxRange": [0, 31],
          "type": "NoFunction",
          "switchChannels": {
            "Strobe / Speed / Sound Sensitivity": "Strobe"
          }
        },
        {
          "dmxRange": [32, 63],
          "type": "ShutterStrobe",
          "shutterEffect": "RampUp",
          "switchChannels": {
            "Strobe / Speed / Sound Sensitivity": "Speed"
          }
        },
        {
          "dmxRange": [64, 95],
          "type": "ShutterStrobe",
          "shutterEffect": "RampDown",
          "switchChannels": {
            "Strobe / Speed / Sound Sensitivity": "Speed"
          }
        },
        {
          "dmxRange": [96, 127],
          "type": "ShutterStrobe",
          "shutterEffect": "RampUpDown",
          "switchChannels": {
            "Strobe / Speed / Sound Sensitivity": "Speed"
          }
        },
        {
          "dmxRange": [128, 159],
          "type": "Effect",
          "effectPreset": "ColorFade",
          "switchChannels": {
            "Strobe / Speed / Sound Sensitivity": "Speed"
          }
        },
        {
          "dmxRange": [160, 191],
          "type": "Effect",
          "effectPreset": "ColorJump",
          "comment": "3 colors",
          "switchChannels": {
            "Strobe / Speed / Sound Sensitivity": "Speed"
          }
        },
        {
          "dmxRange": [192, 224],
          "type": "Effect",
          "effectPreset": "ColorJump",
          "comment": "7 colors",
          "switchChannels": {
            "Strobe / Speed / Sound Sensitivity": "Speed"
          }
        },
        {
          "dmxRange": [225, 255],
          "type": "Effect",
          "effectName": "Sound-active mode",
          "soundControlled": true,
          "switchChannels": {
            "Strobe / Speed / Sound Sensitivity": "Sound Sensitivity"
          }
        }
      ]
    },
    "Dimmer": {
      "capability": {
        "type": "Intensity"
      }
    },
    "Dimmer Speed": {
      "defaultValue": 0,
      "capabilities": [
        {
          "dmxRange": [0, 51],
          "type": "Maintenance",
          "comment": "Dimmer speed",
          "parameter": "off"
        },
        {
          "dmxRange": [52, 101],
          "type": "Maintenance",
          "comment": "Dimmer speed",
          "parameter": "off"
        },
        {
          "dmxRange": [102, 152],
          "type": "Maintenance",
          "comment": "Dimmer speed",
          "parameter": "fast"
        },
        {
          "dmxRange": [153, 203],
          "type": "Maintenance",
          "comment": "Dimmer speed",
          "parameter": "50%"
        },
        {
          "dmxRange": [204, 255],
          "type": "Maintenance",
          "comment": "Dimmer speed",
          "parameter": "slow"
        }
      ]
    }
  },
  "modes": [
    {
      "name": "8-channel",
      "shortName": "8ch",
      "channels": [
        "Red",
        "Green",
        "Blue",
        "Color Macros",
        "Strobe / Speed / Sound Sensitivity",
        "Mode",
        "Dimmer",
        "Dimmer Speed"
      ]
    },
    {
      "name": "3-channel",
      "shortName": "3ch",
      "channels": [
        "Red",
        "Green",
        "Blue"
      ]
    }
  ],
  "fixtureKey": "thintri64",
  "manufacturerKey": "venue",
  "oflURL": "https://open-fixture-library.org/venue/thintri64"
}
