{
  "$schema": "https://raw.githubusercontent.com/OpenLightingProject/open-fixture-library/schema-12.1.0/schemas/fixture.json",
  "name": "TriStrip3Z",
  "shortName": "VenueTriStrip3Z",
  "categories": ["Pixel Bar", "Effect", "Color Changer"],
  "meta": {
    "authors": ["Flo Edelmann"],
    "createDate": "2018-01-25",
    "lastModifyDate": "2018-08-24"
  },
  "links": {
    "manual": [
      "https://venuelightingeffects.com/wp-content/uploads/2016/03/Venue_by_Proline_TriStrip3Z_Manual.pdf"
    ]
  },
  "physical": {
    "dimensions": [1042, 60, 138],
    "weight": 2.8,
    "power": 27,
    "DMXconnector": "3-pin",
    "bulb": {
      "type": "12x 3W RGB LED",
      "lumens": 2062
    },
    "lens": {
      "degreesMinMax": [27, 27]
    }
  },
  "matrix": {
    "pixelKeys": [
      [
        [
          "Zone 3",
          "Zone 2",
          "Zone 1"
        ]
      ]
    ],
    "pixelGroups": {
      "All Zones": "all"
    }
  },
  "availableChannels": {
    "Dimmer": {
      "defaultValue": 0,
      "capability": {
        "type": "Intensity"
      }
    },
    "Strobe": {
      "capabilities": [
        {
          "dmxRange": [0, 15],
          "type": "NoFunction"
        },
        {
          "dmxRange": [16, 255],
          "type": "ShutterStrobe",
          "shutterEffect": "Strobe",
          "speedStart": "0Hz",
          "speedEnd": "20Hz"
        }
      ]
    },
    "Dimmer Speed": {
      "defaultValue": 0,
      "capabilities": [
        {
          "dmxRange": [0, 51],
          "type": "NoFunction",
          "comment": "Preset dimmer speed from display menu"
        },
        {
          "dmxRange": [52, 101],
          "type": "Maintenance",
          "comment": "Dimmer speed",
          "parameter": "off"
        },
        {
          "dmxRange": [102, 152],
          "type": "Maintenance",
          "comment": "Dimmer speed",
          "parameter": "fast"
        },
        {
          "dmxRange": [153, 203],
          "type": "Maintenance",
          "comment": "Dimmer speed",
          "parameter": "50%"
        },
        {
          "dmxRange": [204, 255],
          "type": "Maintenance",
          "comment": "Dimmer speed",
          "parameter": "slow"
        }
      ]
    },
    "Color Macros": {
      "capabilities": [
        {
          "dmxRange": [0, 15],
          "type": "NoFunction"
        },
        {
          "dmxRange": [16, 255],
          "type": "ColorPreset",
          "helpWanted": "Which color macros can be selected at which DMX values?"
        }
      ]
    },
    "RGB / Auto Speed": {
      "capability": {
        "type": "EffectSpeed",
        "speedStart": "slow",
        "speedEnd": "fast"
      }
    },
    "Sound Sensitivity": {
      "capabilities": [
        {
          "dmxRange": [0, 10],
          "type": "SoundSensitivity",
          "soundSensitivity": "off"
        },
        {
          "dmxRange": [11, 255],
          "type": "SoundSensitivity",
          "soundSensitivityStart": "low",
          "soundSensitivityEnd": "high"
        }
      ]
    },
    "RGB / Auto Mode": {
      "defaultValue": 0,
      "capabilities": [
        {
          "dmxRange": [0, 31],
          "type": "NoFunction",
          "switchChannels": {
            "Strobe / Speed / Sound Sensitivity": "Strobe"
          }
        },
        {
          "dmxRange": [32, 63],
          "type": "ShutterStrobe",
          "shutterEffect": "RampUp",
          "switchChannels": {
            "Strobe / Speed / Sound Sensitivity": "RGB / Auto Speed"
          }
        },
        {
          "dmxRange": [64, 95],
          "type": "ShutterStrobe",
          "shutterEffect": "RampDown",
          "switchChannels": {
            "Strobe / Speed / Sound Sensitivity": "RGB / Auto Speed"
          }
        },
        {
          "dmxRange": [96, 114],
          "type": "ShutterStrobe",
          "shutterEffect": "RampUpDown",
          "switchChannels": {
            "Strobe / Speed / Sound Sensitivity": "RGB / Auto Speed"
          }
        },
        {
          "dmxRange": [115, 122],
          "type": "Effect",
          "effectName": "Auto program 1",
          "switchChannels": {
            "Strobe / Speed / Sound Sensitivity": "RGB / Auto Speed"
          }
        },
        {
          "dmxRange": [123, 130],
          "type": "Effect",
          "effectName": "Auto program 2",
          "switchChannels": {
            "Strobe / Speed / Sound Sensitivity": "RGB / Auto Speed"
          }
        },
        {
          "dmxRange": [131, 138],
          "type": "Effect",
          "effectName": "Auto program 3",
          "switchChannels": {
            "Strobe / Speed / Sound Sensitivity": "RGB / Auto Speed"
          }
        },
        {
          "dmxRange": [139, 146],
          "type": "Effect",
          "effectName": "Auto program 4",
          "switchChannels": {
            "Strobe / Speed / Sound Sensitivity": "RGB / Auto Speed"
          }
        },
        {
          "dmxRange": [147, 154],
          "type": "Effect",
          "effectName": "Auto program 5",
          "switchChannels": {
            "Strobe / Speed / Sound Sensitivity": "RGB / Auto Speed"
          }
        },
        {
          "dmxRange": [155, 162],
          "type": "Effect",
          "effectName": "Auto program 6",
          "switchChannels": {
            "Strobe / Speed / Sound Sensitivity": "RGB / Auto Speed"
          }
        },
        {
          "dmxRange": [163, 170],
          "type": "Effect",
          "effectName": "Auto program 7",
          "switchChannels": {
            "Strobe / Speed / Sound Sensitivity": "RGB / Auto Speed"
          }
        },
        {
          "dmxRange": [171, 178],
          "type": "Effect",
          "effectName": "Auto program 8",
          "switchChannels": {
            "Strobe / Speed / Sound Sensitivity": "RGB / Auto Speed"
          }
        },
        {
          "dmxRange": [179, 186],
          "type": "Effect",
          "effectName": "Auto program 9",
          "switchChannels": {
            "Strobe / Speed / Sound Sensitivity": "RGB / Auto Speed"
          }
        },
        {
          "dmxRange": [187, 194],
          "type": "Effect",
          "effectName": "Auto program 10",
          "switchChannels": {
            "Strobe / Speed / Sound Sensitivity": "RGB / Auto Speed"
          }
        },
        {
          "dmxRange": [195, 202],
          "type": "Effect",
          "effectName": "Auto program 11",
          "switchChannels": {
            "Strobe / Speed / Sound Sensitivity": "RGB / Auto Speed"
          }
        },
        {
          "dmxRange": [203, 210],
          "type": "Effect",
          "effectName": "Auto program 12",
          "switchChannels": {
            "Strobe / Speed / Sound Sensitivity": "RGB / Auto Speed"
          }
        },
        {
          "dmxRange": [211, 218],
          "type": "Effect",
          "effectName": "Auto program 13",
          "switchChannels": {
            "Strobe / Speed / Sound Sensitivity": "RGB / Auto Speed"
          }
        },
        {
          "dmxRange": [219, 226],
          "type": "Effect",
          "effectName": "Auto program 14",
          "switchChannels": {
            "Strobe / Speed / Sound Sensitivity": "RGB / Auto Speed"
          }
        },
        {
          "dmxRange": [227, 255],
          "type": "Effect",
          "effectName": "Sound program",
          "soundControlled": true,
          "switchChannels": {
            "Strobe / Speed / Sound Sensitivity": "Sound Sensitivity"
          }
        }
      ]
    }
  },
  "templateChannels": {
    "Red $pixelKey": {
      "capability": {
        "type": "ColorIntensity",
        "color": "Red"
      }
    },
    "Green $pixelKey": {
      "capability": {
        "type": "ColorIntensity",
        "color": "Green"
      }
    },
    "Blue $pixelKey": {
      "capability": {
        "type": "ColorIntensity",
        "color": "Blue"
      }
    }
  },
  "modes": [
    {
      "name": "3-channel",
      "shortName": "3ch",
      "channels": [
        "Red All Zones",
        "Green All Zones",
        "Blue All Zones"
      ]
    },
    {
      "name": "6-channel",
      "shortName": "6ch",
      "channels": [
        "Red All Zones",
        "Green All Zones",
        "Blue All Zones",
        "Dimmer",
        "Strobe",
        "Dimmer Speed"
      ]
    },
    {
      "name": "8-channel",
      "shortName": "8ch",
      "channels": [
        "Red All Zones",
        "Green All Zones",
        "Blue All Zones",
        "Color Macros",
        "Strobe / Speed / Sound Sensitivity",
        "RGB / Auto Mode",
        "Dimmer",
        "Dimmer Speed"
      ]
    },
    {
      "name": "9-channel",
      "shortName": "9ch",
      "channels": [
        {
          "insert": "matrixChannels",
          "repeatFor": "eachPixelABC",
          "channelOrder": "perPixel",
          "templateChannels": [
            "Red $pixelKey",
            "Green $pixelKey",
            "Blue $pixelKey"
          ]
        }
      ]
    },
    {
      "name": "14-channel",
      "shortName": "14ch",
      "channels": [
        {
          "insert": "matrixChannels",
          "repeatFor": "eachPixelABC",
          "channelOrder": "perPixel",
          "templateChannels": [
            "Red $pixelKey",
            "Green $pixelKey",
            "Blue $pixelKey"
          ]
        },
        "Color Macros",
        "Strobe / Speed / Sound Sensitivity",
        "RGB / Auto Mode",
        "Dimmer",
        "Dimmer Speed"
      ]
    }
  ],
  "fixtureKey": "tristrip3z",
  "manufacturerKey": "venue",
  "oflURL": "https://open-fixture-library.org/venue/tristrip3z"
}
