{
  "$schema": "https://raw.githubusercontent.com/OpenLightingProject/open-fixture-library/schema-12.1.0/schemas/fixture.json",
  "name": "Intimidator Spot 260",
  "categories": ["Moving Head", "Color Changer"],
  "meta": {
    "authors": ["Peter Chave", "Felix Edelmann"],
    "createDate": "2019-08-22",
    "lastModifyDate": "2019-08-22",
    "importPlugin": {
      "plugin": "qlcplus_4.12.1",
      "date": "2019-08-22",
      "comment": "created by Q Light Controller Plus (version 4.12.2 GIT)"
    }
  },
  "links": {
    "manual": [
      "https://www.chauvetdj.com/wp-content/uploads/2018/08/Intimidator_Spot_260_UM_Rev3.pdf"
    ],
    "productPage": [
      "https://www.chauvetdj.com/products/intimidator-spot-260/"
    ],
    "video": [
      "https://youtu.be/PW1Yz53xUyk"
    ]
  },
  "physical": {
    "dimensions": [232, 351, 163],
    "weight": 5.6,
    "power": 107,
    "DMXconnector": "3-pin",
    "bulb": {
      "type": "White 75W LED"
    },
    "lens": {
      "degreesMinMax": [12, 17]
    }
  },
  "wheels": {
    "Color Wheel": {
      "slots": [
        {
          "type": "Open"
        },
        {
          "type": "Color",
          "name": "Orange",
          "colors": ["#fd8008"]
        },
        {
          "type": "Color",
          "name": "Lime Green",
          "colors": ["#ccff66"]
        },
        {
          "type": "Color",
          "name": "Cyan",
          "colors": ["#20ffff"]
        },
        {
          "type": "Color",
          "name": "Red",
          "colors": ["#ff0000"]
        },
        {
          "type": "Color",
          "name": "Green",
          "colors": ["#21ff06"]
        },
        {
          "type": "Color",
          "name": "Magenta",
          "colors": ["#fc02ff"]
        },
        {
          "type": "Color",
          "name": "Yellow",
          "colors": ["#ffff0a"]
        },
        {
          "type": "Color",
          "name": "Dark Blue",
          "colors": ["#0000ff"]
        }
      ]
    },
    "Gobo Wheel": {
      "slots": [
        {
          "type": "Open"
        },
        {
          "type": "Gobo"
        },
        {
          "type": "Gobo"
        },
        {
          "type": "Gobo"
        },
        {
          "type": "Gobo"
        },
        {
          "type": "Gobo"
        },
        {
          "type": "Gobo"
        },
        {
          "type": "Gobo"
        }
      ]
    }
  },
  "availableChannels": {
    "Pan": {
      "fineChannelAliases": ["Pan fine"],
      "capability": {
        "type": "Pan",
        "angleStart": "0deg",
        "angleEnd": "540deg"
      }
    },
    "Tilt": {
      "fineChannelAliases": ["Tilt fine"],
      "capability": {
        "type": "Tilt",
        "angleStart": "0deg",
        "angleEnd": "270deg"
      }
    },
    "Pan/Tilt Speed": {
      "defaultValue": 0,
      "capability": {
        "type": "PanTiltSpeed",
        "speedStart": "fast",
        "speedEnd": "slow"
      }
    },
    "Color Wheel": {
      "defaultValue": 0,
      "capabilities": [
        {
          "dmxRange": [0, 6],
          "type": "WheelSlot",
          "slotNumber": 1
        },
        {
          "dmxRange": [7, 13],
          "type": "WheelSlot",
          "slotNumber": 2
        },
        {
          "dmxRange": [14, 20],
          "type": "WheelSlot",
          "slotNumber": 3
        },
        {
          "dmxRange": [21, 27],
          "type": "WheelSlot",
          "slotNumber": 4
        },
        {
          "dmxRange": [28, 34],
          "type": "WheelSlot",
          "slotNumber": 5
        },
        {
          "dmxRange": [35, 41],
          "type": "WheelSlot",
          "slotNumber": 6
        },
        {
          "dmxRange": [42, 48],
          "type": "WheelSlot",
          "slotNumber": 7
        },
        {
          "dmxRange": [49, 55],
          "type": "WheelSlot",
          "slotNumber": 8
        },
        {
          "dmxRange": [56, 62],
          "type": "WheelSlot",
          "slotNumber": 9
        },
        {
          "dmxRange": [63, 64],
          "type": "WheelSlot",
          "slotNumber": 1
        },
        {
          "dmxRange": [65, 189],
          "type": "WheelRotation",
          "angleStart": "0deg",
          "angleEnd": "360deg",
          "helpWanted": "Are these the correct angles?"
        },
        {
          "dmxRange": [190, 221],
          "type": "WheelRotation",
          "speedStart": "fast CW",
          "speedEnd": "slow CW"
        },
        {
          "dmxRange": [222, 223],
          "type": "WheelRotation",
          "speed": "stop"
        },
        {
          "dmxRange": [224, 255],
          "type": "WheelRotation",
          "speedStart": "slow CCW",
          "speedEnd": "fast CCW"
        }
      ]
    },
    "Gobo Wheel": {
      "defaultValue": 0,
      "capabilities": [
        {
          "dmxRange": [0, 7],
          "type": "WheelSlot",
          "slotNumber": 1
        },
        {
          "dmxRange": [8, 15],
          "type": "WheelSlot",
          "slotNumber": 2
        },
        {
          "dmxRange": [16, 23],
          "type": "WheelSlot",
          "slotNumber": 3
        },
        {
          "dmxRange": [24, 31],
          "type": "WheelSlot",
          "slotNumber": 4
        },
        {
          "dmxRange": [32, 39],
          "type": "WheelSlot",
          "slotNumber": 5
        },
        {
          "dmxRange": [40, 47],
          "type": "WheelSlot",
          "slotNumber": 6
        },
        {
          "dmxRange": [48, 55],
          "type": "WheelSlot",
          "slotNumber": 7
        },
        {
          "dmxRange": [56, 63],
          "type": "WheelSlot",
          "slotNumber": 8
        },
        {
          "dmxRange": [64, 71],
          "type": "WheelShake",
          "slotNumber": 8,
          "shakeSpeedStart": "slow",
          "shakeSpeedEnd": "fast"
        },
        {
          "dmxRange": [72, 79],
          "type": "WheelShake",
          "slotNumber": 7,
          "shakeSpeedStart": "slow",
          "shakeSpeedEnd": "fast"
        },
        {
          "dmxRange": [80, 87],
          "type": "WheelShake",
          "slotNumber": 6,
          "shakeSpeedStart": "slow",
          "shakeSpeedEnd": "fast"
        },
        {
          "dmxRange": [88, 95],
          "type": "WheelShake",
          "slotNumber": 5,
          "shakeSpeedStart": "slow",
          "shakeSpeedEnd": "fast"
        },
        {
          "dmxRange": [96, 103],
          "type": "WheelShake",
          "slotNumber": 4,
          "shakeSpeedStart": "slow",
          "shakeSpeedEnd": "fast"
        },
        {
          "dmxRange": [104, 111],
          "type": "WheelShake",
          "slotNumber": 3,
          "shakeSpeedStart": "slow",
          "shakeSpeedEnd": "fast"
        },
        {
          "dmxRange": [112, 119],
          "type": "WheelShake",
          "slotNumber": 2,
          "shakeSpeedStart": "slow",
          "shakeSpeedEnd": "fast"
        },
        {
          "dmxRange": [120, 127],
          "type": "WheelSlot",
          "slotNumber": 1
        },
        {
          "dmxRange": [128, 189],
          "type": "WheelRotation",
          "speedStart": "slow CW",
          "speedEnd": "fast CW"
        },
        {
          "dmxRange": [190, 193],
          "type": "WheelRotation",
          "speed": "stop"
        },
        {
          "dmxRange": [194, 255],
          "type": "WheelRotation",
          "speedStart": "slow CCW",
          "speedEnd": "fast CCW"
        }
      ]
    },
    "Gobo Rotation": {
      "defaultValue": 0,
      "capabilities": [
        {
          "dmxRange": [0, 7],
          "type": "NoFunction"
        },
        {
          "dmxRange": [8, 119],
          "type": "WheelSlotRotation",
          "wheel": "Gobo Wheel",
          "speedStart": "slow CW",
          "speedEnd": "fast CW"
        },
        {
          "dmxRange": [120, 231],
          "type": "WheelSlotRotation",
          "wheel": "Gobo Wheel",
          "speedStart": "slow CCW",
          "speedEnd": "fast CCW"
        },
        {
          "dmxRange": [232, 255],
          "type": "Effect",
          "effectName": "Gobo bounce",
          "durationStart": "short",
          "durationEnd": "long"
        }
      ]
    },
    "Strobe": {
      "defaultValue": 4,
      "capabilities": [
        {
          "dmxRange": [0, 3],
          "type": "ShutterStrobe",
          "shutterEffect": "Closed"
        },
        {
          "dmxRange": [4, 7],
          "type": "ShutterStrobe",
          "shutterEffect": "Open"
        },
        {
          "dmxRange": [8, 76],
          "type": "ShutterStrobe",
          "shutterEffect": "Strobe",
          "speedStart": "0Hz",
          "speedEnd": "20.6Hz"
        },
        {
          "dmxRange": [77, 145],
          "type": "ShutterStrobe",
          "shutterEffect": "Pulse",
          "speedStart": "slow",
          "speedEnd": "fast"
        },
        {
          "dmxRange": [146, 215],
          "type": "ShutterStrobe",
          "shutterEffect": "Strobe",
          "speedStart": "slow",
          "speedEnd": "fast",
          "randomTiming": true
        },
        {
          "dmxRange": [216, 255],
          "type": "ShutterStrobe",
          "shutterEffect": "Open"
        }
      ]
    },
    "Dimmer": {
      "defaultValue": 0,
      "capability": {
        "type": "Intensity"
      }
    },
    "Function": {
      "defaultValue": 0,
      "capabilities": [
        {
          "dmxRange": [0, 7],
          "type": "NoFunction"
        },
        {
          "dmxRange": [8, 15],
          "type": "Maintenance",
          "comment": "Blackout on pan/tilt movement"
        },
        {
          "dmxRange": [16, 23],
          "type": "Maintenance",
          "comment": "Blackout on color wheel movement"
        },
        {
          "dmxRange": [24, 31],
          "type": "Maintenance",
          "comment": "Blackout on gobo wheel movement"
        },
        {
          "dmxRange": [32, 39],
          "type": "Maintenance",
          "comment": "Blackout on pan/tilt/color wheel movement"
        },
        {
          "dmxRange": [40, 47],
          "type": "Maintenance",
          "comment": "Blackout on pan/tilt/gobo wheel movement"
        },
        {
          "dmxRange": [48, 55],
          "type": "Maintenance",
          "comment": "Blackout on pan/tilt/color/gobo wheel movement"
        },
        {
          "dmxRange": [56, 95],
          "type": "NoFunction"
        },
        {
          "dmxRange": [96, 103],
          "type": "Maintenance",
          "comment": "Pan reset"
        },
        {
          "dmxRange": [104, 111],
          "type": "Maintenance",
          "comment": "Tilt reset"
        },
        {
          "dmxRange": [112, 119],
          "type": "Maintenance",
          "comment": "Color wheel reset"
        },
        {
          "dmxRange": [120, 127],
          "type": "Maintenance",
          "comment": "Gobo wheel reset"
        },
        {
          "dmxRange": [128, 135],
          "type": "NoFunction"
        },
        {
          "dmxRange": [136, 143],
          "type": "Maintenance",
          "comment": "Prism reset"
        },
        {
          "dmxRange": [144, 151],
          "type": "Maintenance",
          "comment": "Focus reset"
        },
        {
          "dmxRange": [152, 159],
          "type": "Maintenance",
          "comment": "Reset all"
        },
        {
          "dmxRange": [160, 255],
          "type": "NoFunction"
        }
      ]
    },
    "Movement Macro": {
      "defaultValue": 0,
      "capabilities": [
        {
          "dmxRange": [0, 7],
          "type": "NoFunction"
        },
        {
          "dmxRange": [8, 23],
          "type": "Effect",
          "effectName": "Movement macro 1"
        },
        {
          "dmxRange": [24, 39],
          "type": "Effect",
          "effectName": "Movement macro 2"
        },
        {
          "dmxRange": [40, 55],
          "type": "Effect",
          "effectName": "Movement macro 3"
        },
        {
          "dmxRange": [56, 71],
          "type": "Effect",
          "effectName": "Movement macro 4"
        },
        {
          "dmxRange": [72, 87],
          "type": "Effect",
          "effectName": "Movement macro 5"
        },
        {
          "dmxRange": [88, 103],
          "type": "Effect",
          "effectName": "Movement macro 6"
        },
        {
          "dmxRange": [104, 119],
          "type": "Effect",
          "effectName": "Movement macro 7"
        },
        {
          "dmxRange": [120, 135],
          "type": "Effect",
          "effectName": "Movement macro 8"
        },
        {
          "dmxRange": [136, 151],
          "type": "Effect",
          "effectName": "Sound-active movement macro 1",
          "soundControlled": true
        },
        {
          "dmxRange": [152, 167],
          "type": "Effect",
          "effectName": "Sound-active movement macro 2",
          "soundControlled": true
        },
        {
          "dmxRange": [168, 183],
          "type": "Effect",
          "effectName": "Sound-active movement macro 3",
          "soundControlled": true
        },
        {
          "dmxRange": [184, 199],
          "type": "Effect",
          "effectName": "Sound-active movement macro 4",
          "soundControlled": true
        },
        {
          "dmxRange": [200, 215],
          "type": "Effect",
          "effectName": "Sound-active movement macro 5",
          "soundControlled": true
        },
        {
          "dmxRange": [216, 231],
          "type": "Effect",
          "effectName": "Sound-active movement macro 6",
          "soundControlled": true
        },
        {
          "dmxRange": [232, 247],
          "type": "Effect",
          "effectName": "Sound-active movement macro 7",
          "soundControlled": true
        },
        {
          "dmxRange": [248, 255],
          "type": "Effect",
          "effectName": "Sound-active movement macro 8",
          "soundControlled": true
        }
      ]
    },
    "Prism": {
      "defaultValue": 0,
      "capabilities": [
        {
          "dmxRange": [0, 15],
          "type": "NoFunction"
        },
        {
          "dmxRange": [16, 255],
          "type": "Prism",
          "comment": "3-facet"
        }
      ]
    },
    "Zoom": {
      "defaultValue": 0,
      "capability": {
        "type": "Zoom",
        "angleStart": "17deg",
        "angleEnd": "12deg"
      }
    }
  },
  "modes": [
    {
      "name": "14-channel",
      "shortName": "14ch",
      "channels": [
        "Pan",
        "Pan fine",
        "Tilt",
        "Tilt fine",
        "Pan/Tilt Speed",
        "Color Wheel",
        "Gobo Wheel",
        "Gobo Rotation",
        "Prism",
        "Zoom",
        "Dimmer",
        "Strobe",
        "Function",
        "Movement Macro"
      ]
    },
    {
      "name": "8-channel",
      "shortName": "8ch",
      "channels": [
        "Pan",
        "Tilt",
        "Color Wheel",
        "Gobo Wheel",
        "Gobo Rotation",
        "Prism",
        "Zoom",
        "Strobe"
      ]
    }
  ],
  "fixtureKey": "intimidator-spot-260",
  "manufacturerKey": "chauvet-dj",
  "oflURL": "https://open-fixture-library.org/chauvet-dj/intimidator-spot-260"
}
