{
  "$schema": "https://raw.githubusercontent.com/OpenLightingProject/open-fixture-library/schema-12.1.0/schemas/fixture.json",
  "name": "SlimPAR Pro H USB",
  "shortName": "ChauvetSlimPARProH",
  "categories": ["Color Changer"],
  "meta": {
    "authors": ["Felix Edelmann"],
    "createDate": "2017-08-09",
    "lastModifyDate": "2018-08-10"
  },
  "links": {
    "manual": [
      "https://www.chauvetdj.com/wp-content/uploads/2016/01/SlimPAR_Pro_H_USB_UM_Rev2_WO-1.pdf"
    ],
    "productPage": [
      "https://www.chauvetdj.com/products/slimpar-pro-h-usb/"
    ],
    "video": [
      "https://www.youtube.com/watch?v=_tN3k7mMEn0",
      "https://www.youtube.com/watch?v=GP-Vg-KH8lE"
    ]
  },
  "physical": {
    "dimensions": [235, 290, 98],
    "weight": 3.3,
    "power": 97.5,
    "DMXconnector": "3-pin",
    "bulb": {
      "type": "LED",
      "lumens": 1827
    },
    "lens": {
      "degreesMinMax": [24, 24]
    }
  },
  "availableChannels": {
    "Dimmer": {
      "capability": {
        "type": "Intensity"
      }
    },
    "Red": {
      "capability": {
        "type": "ColorIntensity",
        "color": "Red"
      }
    },
    "Green": {
      "capability": {
        "type": "ColorIntensity",
        "color": "Green"
      }
    },
    "Blue": {
      "capability": {
        "type": "ColorIntensity",
        "color": "Blue"
      }
    },
    "Amber": {
      "capability": {
        "type": "ColorIntensity",
        "color": "Amber"
      }
    },
    "White": {
      "capability": {
        "type": "ColorIntensity",
        "color": "White"
      }
    },
    "UV": {
      "capability": {
        "type": "ColorIntensity",
        "color": "UV"
      }
    },
    "Strobe": {
      "capabilities": [
        {
          "dmxRange": [0, 15],
          "type": "NoFunction"
        },
        {
          "dmxRange": [16, 255],
          "type": "ShutterStrobe",
          "shutterEffect": "Strobe",
          "speedStart": "slow",
          "speedEnd": "fast"
        }
      ]
    },
    "Color Macros": {
      "capabilities": [
        {
          "dmxRange": [0, 15],
          "type": "NoFunction"
        },
        {
          "dmxRange": [16, 255],
          "type": "ColorPreset",
          "comment": "Color Macros",
          "helpWanted": "Which colors can be selected at which DMX values?"
        }
      ]
    },
    "Mode": {
      "defaultValue": 0,
      "capabilities": [
        {
          "dmxRange": [0, 31],
          "type": "NoFunction",
          "switchChannels": {
            "Program Speed / Sound Sensitivity": "Program Speed"
          }
        },
        {
          "dmxRange": [32, 63],
          "type": "ShutterStrobe",
          "shutterEffect": "RampUp",
          "switchChannels": {
            "Program Speed / Sound Sensitivity": "Program Speed"
          }
        },
        {
          "dmxRange": [64, 95],
          "type": "ShutterStrobe",
          "shutterEffect": "RampDown",
          "switchChannels": {
            "Program Speed / Sound Sensitivity": "Program Speed"
          }
        },
        {
          "dmxRange": [96, 127],
          "type": "ShutterStrobe",
          "shutterEffect": "Pulse",
          "switchChannels": {
            "Program Speed / Sound Sensitivity": "Program Speed"
          }
        },
        {
          "dmxRange": [128, 159],
          "type": "Effect",
          "effectPreset": "ColorFade",
          "switchChannels": {
            "Program Speed / Sound Sensitivity": "Program Speed"
          }
        },
        {
          "dmxRange": [160, 191],
          "type": "Effect",
          "effectPreset": "ColorJump",
          "comment": "6 colors",
          "switchChannels": {
            "Program Speed / Sound Sensitivity": "Program Speed"
          }
        },
        {
          "dmxRange": [192, 223],
          "type": "Effect",
          "effectPreset": "ColorJump",
          "comment": "32 colors",
          "switchChannels": {
            "Program Speed / Sound Sensitivity": "Program Speed"
          }
        },
        {
          "dmxRange": [224, 249],
          "type": "Effect",
          "effectName": "Sound control",
          "soundControlled": true,
          "comment": "6 colors",
          "switchChannels": {
            "Program Speed / Sound Sensitivity": "Sound Sensitivity"
          }
        },
        {
          "dmxRange": [250, 255],
          "type": "Effect",
          "effectName": "Sound control",
          "soundControlled": true,
          "comment": "32 colors",
          "switchChannels": {
            "Program Speed / Sound Sensitivity": "Sound Sensitivity"
          }
        }
      ]
    },
    "Program Speed": {
      "capability": {
        "type": "EffectSpeed",
        "speedStart": "slow",
        "speedEnd": "fast"
      }
    },
    "Sound Sensitivity": {
      "capabilities": [
        {
          "dmxRange": [0, 10],
          "type": "NoFunction"
        },
        {
          "dmxRange": [11, 255],
          "type": "SoundSensitivity",
          "soundSensitivityStart": "low",
          "soundSensitivityEnd": "high"
        }
      ]
    },
    "Dimmer Speed": {
      "defaultValue": 0,
      "capabilities": [
        {
          "dmxRange": [0, 51],
          "type": "NoFunction",
          "comment": "Default dimmer speed"
        },
        {
          "dmxRange": [52, 101],
          "type": "Maintenance",
          "comment": "Dimmer speed",
          "parameter": "off"
        },
        {
          "dmxRange": [102, 152],
          "type": "Maintenance",
          "comment": "Dimmer speed",
          "parameter": "fast"
        },
        {
          "dmxRange": [153, 203],
          "type": "Maintenance",
          "comment": "Dimmer speed",
          "parameter": "50%"
        },
        {
          "dmxRange": [204, 255],
          "type": "Maintenance",
          "comment": "Dimmer speed",
          "parameter": "slow"
        }
      ]
    }
  },
  "modes": [
    {
      "name": "6-channel",
      "shortName": "6ch",
      "channels": [
        "Red",
        "Green",
        "Blue",
        "Amber",
        "White",
        "UV"
      ]
    },
    {
      "name": "7-channel",
      "shortName": "7ch",
      "channels": [
        "Dimmer",
        "Red",
        "Green",
        "Blue",
        "Amber",
        "White",
        "UV"
      ]
    },
    {
      "name": "12-channel",
      "shortName": "12ch",
      "channels": [
        "Dimmer",
        "Red",
        "Green",
        "Blue",
        "Amber",
        "White",
        "UV",
        "Strobe",
        "Color Macros",
        "Mode",
        "Program Speed / Sound Sensitivity",
        "Dimmer Speed"
      ]
    }
  ],
  "fixtureKey": "slimpar-pro-h-usb",
  "manufacturerKey": "chauvet-dj",
  "oflURL": "https://open-fixture-library.org/chauvet-dj/slimpar-pro-h-usb"
}
