{
  "$schema": "https://raw.githubusercontent.com/OpenLightingProject/open-fixture-library/schema-12.1.0/schemas/fixture.json",
  "name": "RGB Power Batten",
  "shortName": "EQLED032",
  "categories": ["Pixel Bar", "Color Changer"],
  "meta": {
    "authors": ["Phill"],
    "createDate": "2019-04-07",
    "lastModifyDate": "2019-04-07"
  },
  "links": {
    "manual": [
      "https://www.prolight.co.uk/ftp-in/EQLED032A_Manual.pdf"
    ],
    "productPage": [
      "https://prolight.co.uk/product/rgb-power-batten"
    ]
  },
  "physical": {
    "dimensions": [1075, 85, 65],
    "weight": 1.8,
    "power": 30,
    "DMXconnector": "3-pin",
    "bulb": {
      "type": "240x 10mm LEDs (96x red, 72x green, 72x blue)"
    },
    "lens": {
      "degreesMinMax": [30, 30]
    },
    "matrixPixels": {
      "dimensions": [125, 50, 10],
      "spacing": [0, 0, 0]
    }
  },
  "matrix": {
    "pixelKeys": [
      [
        [
          "Segment 1",
          "Segment 2",
          "Segment 3",
          "Segment 4",
          "Segment 6",
          "Segment 5",
          "Segment 7",
          "Segment 8"
        ]
      ]
    ],
    "pixelGroups": {
      "Master": "all",
      "Segments 1&2": [
        "Segment 1",
        "Segment 2"
      ],
      "Segments 3&4": [
        "Segment 3",
        "Segment 4"
      ],
      "Segments 5&6": [
        "Segment 5",
        "Segment 6"
      ],
      "Segments 7&8": [
        "Segment 7",
        "Segment 8"
      ]
    }
  },
  "availableChannels": {
    "Function": {
      "defaultValue": 0,
      "capabilities": [
        {
          "dmxRange": [0, 7],
          "type": "NoFunction",
          "switchChannels": {
            "Effect Speed / Sound Sensitivity": "Effect Speed"
          }
        },
        {
          "dmxRange": [8, 15],
          "type": "ColorPreset",
          "comment": "Red",
          "colors": ["#ff0000"],
          "switchChannels": {
            "Effect Speed / Sound Sensitivity": "Effect Speed"
          }
        },
        {
          "dmxRange": [16, 23],
          "type": "ColorPreset",
          "comment": "Yellow",
          "colors": ["#ffff00"],
          "switchChannels": {
            "Effect Speed / Sound Sensitivity": "Effect Speed"
          }
        },
        {
          "dmxRange": [24, 31],
          "type": "ColorPreset",
          "comment": "Green",
          "colors": ["#00ff00"],
          "switchChannels": {
            "Effect Speed / Sound Sensitivity": "Effect Speed"
          }
        },
        {
          "dmxRange": [32, 39],
          "type": "ColorPreset",
          "comment": "Cyan",
          "colors": ["#00ffff"],
          "switchChannels": {
            "Effect Speed / Sound Sensitivity": "Effect Speed"
          }
        },
        {
          "dmxRange": [40, 47],
          "type": "ColorPreset",
          "comment": "Blue",
          "colors": ["#0000ff"],
          "switchChannels": {
            "Effect Speed / Sound Sensitivity": "Effect Speed"
          }
        },
        {
          "dmxRange": [48, 55],
          "type": "ColorPreset",
          "comment": "Purple",
          "colors": ["#ff00ff"],
          "switchChannels": {
            "Effect Speed / Sound Sensitivity": "Effect Speed"
          }
        },
        {
          "dmxRange": [56, 63],
          "type": "ColorPreset",
          "comment": "White",
          "colors": ["#ffffff"],
          "switchChannels": {
            "Effect Speed / Sound Sensitivity": "Effect Speed"
          }
        },
        {
          "dmxRange": [64, 71],
          "type": "Effect",
          "effectName": "Program 1",
          "switchChannels": {
            "Effect Speed / Sound Sensitivity": "Effect Speed"
          }
        },
        {
          "dmxRange": [72, 79],
          "type": "Effect",
          "effectName": "Program 2",
          "switchChannels": {
            "Effect Speed / Sound Sensitivity": "Effect Speed"
          }
        },
        {
          "dmxRange": [80, 87],
          "type": "Effect",
          "effectName": "Program 3",
          "switchChannels": {
            "Effect Speed / Sound Sensitivity": "Effect Speed"
          }
        },
        {
          "dmxRange": [88, 95],
          "type": "Effect",
          "effectName": "Program 4",
          "switchChannels": {
            "Effect Speed / Sound Sensitivity": "Effect Speed"
          }
        },
        {
          "dmxRange": [96, 103],
          "type": "Effect",
          "effectName": "Program 5",
          "switchChannels": {
            "Effect Speed / Sound Sensitivity": "Effect Speed"
          }
        },
        {
          "dmxRange": [104, 111],
          "type": "Effect",
          "effectName": "Program 6",
          "switchChannels": {
            "Effect Speed / Sound Sensitivity": "Effect Speed"
          }
        },
        {
          "dmxRange": [112, 119],
          "type": "Effect",
          "effectName": "Program 7",
          "switchChannels": {
            "Effect Speed / Sound Sensitivity": "Effect Speed"
          }
        },
        {
          "dmxRange": [120, 127],
          "type": "Effect",
          "effectName": "Program 8",
          "switchChannels": {
            "Effect Speed / Sound Sensitivity": "Effect Speed"
          }
        },
        {
          "dmxRange": [128, 135],
          "type": "Effect",
          "effectName": "Program 9",
          "switchChannels": {
            "Effect Speed / Sound Sensitivity": "Effect Speed"
          }
        },
        {
          "dmxRange": [136, 143],
          "type": "Effect",
          "effectName": "Program 10",
          "switchChannels": {
            "Effect Speed / Sound Sensitivity": "Effect Speed"
          }
        },
        {
          "dmxRange": [144, 151],
          "type": "Effect",
          "effectName": "Program 11",
          "switchChannels": {
            "Effect Speed / Sound Sensitivity": "Effect Speed"
          }
        },
        {
          "dmxRange": [152, 159],
          "type": "Effect",
          "effectName": "Program 12",
          "switchChannels": {
            "Effect Speed / Sound Sensitivity": "Effect Speed"
          }
        },
        {
          "dmxRange": [160, 167],
          "type": "Effect",
          "effectName": "Program 13",
          "switchChannels": {
            "Effect Speed / Sound Sensitivity": "Effect Speed"
          }
        },
        {
          "dmxRange": [168, 175],
          "type": "Effect",
          "effectName": "Program 14",
          "switchChannels": {
            "Effect Speed / Sound Sensitivity": "Effect Speed"
          }
        },
        {
          "dmxRange": [176, 183],
          "type": "Effect",
          "effectName": "Program 15",
          "switchChannels": {
            "Effect Speed / Sound Sensitivity": "Effect Speed"
          }
        },
        {
          "dmxRange": [184, 191],
          "type": "Effect",
          "effectName": "Program 16",
          "switchChannels": {
            "Effect Speed / Sound Sensitivity": "Effect Speed"
          }
        },
        {
          "dmxRange": [192, 199],
          "type": "Effect",
          "effectName": "Program 17",
          "switchChannels": {
            "Effect Speed / Sound Sensitivity": "Effect Speed"
          }
        },
        {
          "dmxRange": [200, 207],
          "type": "Effect",
          "effectName": "Program 18",
          "switchChannels": {
            "Effect Speed / Sound Sensitivity": "Effect Speed"
          }
        },
        {
          "dmxRange": [208, 215],
          "type": "Effect",
          "effectName": "Program 19",
          "switchChannels": {
            "Effect Speed / Sound Sensitivity": "Effect Speed"
          }
        },
        {
          "dmxRange": [216, 223],
          "type": "Effect",
          "effectName": "Program 20",
          "switchChannels": {
            "Effect Speed / Sound Sensitivity": "Effect Speed"
          }
        },
        {
          "dmxRange": [224, 231],
          "type": "Effect",
          "effectName": "Program 21",
          "switchChannels": {
            "Effect Speed / Sound Sensitivity": "Effect Speed"
          }
        },
        {
          "dmxRange": [232, 255],
          "type": "Effect",
          "effectName": "Sound Effect",
          "soundControlled": true,
          "switchChannels": {
            "Effect Speed / Sound Sensitivity": "Sound Sensitivity"
          }
        }
      ]
    },
    "Effect Speed": {
      "capability": {
        "type": "EffectSpeed",
        "speedStart": "slow",
        "speedEnd": "fast"
      }
    },
    "Sound Sensitivity": {
      "capability": {
        "type": "SoundSensitivity",
        "soundSensitivityStart": "low",
        "soundSensitivityEnd": "high"
      }
    },
    "Dimmer": {
      "defaultValue": 0,
      "capability": {
        "type": "Intensity"
      }
    },
    "Flash": {
      "defaultValue": 0,
      "capability": {
        "type": "ShutterStrobe",
        "shutterEffect": "Strobe",
        "speedStart": "0Hz",
        "speedEnd": "50Hz",
        "helpWanted": "At which DMX value is strobe disabled? When is the lamp constantly on/off? Is the frequency of 50Hz correct?"
      }
    }
  },
  "templateChannels": {
    "Red $pixelKey": {
      "capability": {
        "type": "ColorIntensity",
        "color": "Red"
      }
    },
    "Green $pixelKey": {
      "capability": {
        "type": "ColorIntensity",
        "color": "Green"
      }
    },
    "Blue $pixelKey": {
      "capability": {
        "type": "ColorIntensity",
        "color": "Blue"
      }
    }
  },
  "modes": [
    {
      "name": "2-Channel",
      "shortName": "2ch",
      "channels": [
        "Function",
        "Effect Speed / Sound Sensitivity"
      ]
    },
    {
      "name": "3-Channel",
      "shortName": "3ch",
      "channels": [
        "Red Master",
        "Green Master",
        "Blue Master"
      ]
    },
    {
      "name": "4-Channel",
      "shortName": "4ch",
      "channels": [
        "Red Master",
        "Green Master",
        "Blue Master",
        "Dimmer"
      ]
    },
    {
      "name": "7-Channel",
      "shortName": "7ch",
      "channels": [
        "Red Master",
        "Green Master",
        "Blue Master",
        "Function",
        "Effect Speed / Sound Sensitivity",
        "Flash",
        "Dimmer"
      ]
    },
    {
      "name": "14-Channel",
      "shortName": "14ch",
      "channels": [
        {
          "insert": "matrixChannels",
          "repeatFor": [
            "Segments 1&2",
            "Segments 3&4",
            "Segments 5&6",
            "Segments 7&8"
          ],
          "channelOrder": "perPixel",
          "templateChannels": [
            "Red $pixelKey",
            "Green $pixelKey",
            "Blue $pixelKey"
          ]
        },
        "Flash",
        "Dimmer"
      ]
    },
    {
      "name": "26-Channel",
      "shortName": "26ch",
      "channels": [
        {
          "insert": "matrixChannels",
          "repeatFor": "eachPixelABC",
          "channelOrder": "perPixel",
          "templateChannels": [
            "Red $pixelKey",
            "Green $pixelKey",
            "Blue $pixelKey"
          ]
        },
        "Flash",
        "Dimmer"
      ]
    }
  ],
  "fixtureKey": "rgb-power-batten",
  "manufacturerKey": "equinox",
  "oflURL": "https://open-fixture-library.org/equinox/rgb-power-batten"
}
