{
  "$schema": "https://raw.githubusercontent.com/OpenLightingProject/open-fixture-library/schema-12.1.0/schemas/fixture.json",
  "name": "BAT.PAR 6 RGBWA",
  "shortName": "VaryBat6RGBWA",
  "categories": ["Color Changer"],
  "meta": {
    "authors": ["Aurelien W"],
    "createDate": "2019-06-08",
    "lastModifyDate": "2019-06-08"
  },
  "links": {
    "manual": [
      "https://images.static-thomann.de/pics/atg/atgdata/document/manual/385435_c_385435_385475_r2_en_online.pdf"
    ],
    "productPage": [
      "https://www.thomann.de/intl/varytec_bat_par_6_rgbwa.htm"
    ]
  },
  "physical": {
    "dimensions": [254, 250, 129.65],
    "weight": 1.9,
    "power": 48,
    "DMXconnector": "3-pin",
    "bulb": {
      "type": "6x 8W RGBWA LEDs"
    },
    "lens": {
      "degreesMinMax": [25, 25]
    }
  },
  "availableChannels": {
    "Color Macros": {
      "capability": {
        "type": "ColorPreset",
        "comment": "Color macro 1…51",
        "helpWanted": "At which DMX values can which color macros be selected?"
      }
    },
    "Intensity": {
      "capability": {
        "type": "Intensity"
      }
    },
    "Red": {
      "capability": {
        "type": "ColorIntensity",
        "color": "Red"
      }
    },
    "Green": {
      "capability": {
        "type": "ColorIntensity",
        "color": "Green"
      }
    },
    "Blue": {
      "capability": {
        "type": "ColorIntensity",
        "color": "Blue"
      }
    },
    "White": {
      "capability": {
        "type": "ColorIntensity",
        "color": "White"
      }
    },
    "Amber": {
      "capability": {
        "type": "ColorIntensity",
        "color": "Amber"
      }
    },
    "Programs": {
      "defaultValue": 0,
      "capabilities": [
        {
          "dmxRange": [0, 15],
          "type": "NoFunction",
          "switchChannels": {
            "Strobe / Program Speed / Sound Sensitivity": "Strobe"
          }
        },
        {
          "dmxRange": [16, 31],
          "type": "Effect",
          "effectName": "Program 1",
          "switchChannels": {
            "Strobe / Program Speed / Sound Sensitivity": "Program Speed"
          }
        },
        {
          "dmxRange": [32, 47],
          "type": "Effect",
          "effectName": "Program 2",
          "switchChannels": {
            "Strobe / Program Speed / Sound Sensitivity": "Program Speed"
          }
        },
        {
          "dmxRange": [48, 63],
          "type": "Effect",
          "effectName": "Program 3",
          "switchChannels": {
            "Strobe / Program Speed / Sound Sensitivity": "Program Speed"
          }
        },
        {
          "dmxRange": [64, 79],
          "type": "Effect",
          "effectName": "Program 4",
          "switchChannels": {
            "Strobe / Program Speed / Sound Sensitivity": "Program Speed"
          }
        },
        {
          "dmxRange": [80, 95],
          "type": "Effect",
          "effectName": "Program 5",
          "switchChannels": {
            "Strobe / Program Speed / Sound Sensitivity": "Program Speed"
          }
        },
        {
          "dmxRange": [96, 111],
          "type": "Effect",
          "effectName": "Program 6",
          "switchChannels": {
            "Strobe / Program Speed / Sound Sensitivity": "Program Speed"
          }
        },
        {
          "dmxRange": [112, 127],
          "type": "Effect",
          "effectName": "Program 7",
          "switchChannels": {
            "Strobe / Program Speed / Sound Sensitivity": "Program Speed"
          }
        },
        {
          "dmxRange": [128, 143],
          "type": "Effect",
          "effectName": "Program 8",
          "switchChannels": {
            "Strobe / Program Speed / Sound Sensitivity": "Program Speed"
          }
        },
        {
          "dmxRange": [144, 159],
          "type": "Effect",
          "effectName": "Program 9",
          "switchChannels": {
            "Strobe / Program Speed / Sound Sensitivity": "Program Speed"
          }
        },
        {
          "dmxRange": [160, 175],
          "type": "Effect",
          "effectName": "Program 10",
          "switchChannels": {
            "Strobe / Program Speed / Sound Sensitivity": "Program Speed"
          }
        },
        {
          "dmxRange": [176, 191],
          "type": "Effect",
          "effectName": "Program 11",
          "switchChannels": {
            "Strobe / Program Speed / Sound Sensitivity": "Program Speed"
          }
        },
        {
          "dmxRange": [192, 207],
          "type": "Effect",
          "effectName": "Program 12",
          "switchChannels": {
            "Strobe / Program Speed / Sound Sensitivity": "Program Speed"
          }
        },
        {
          "dmxRange": [208, 223],
          "type": "Effect",
          "effectName": "Program 13",
          "switchChannels": {
            "Strobe / Program Speed / Sound Sensitivity": "Program Speed"
          }
        },
        {
          "dmxRange": [224, 239],
          "type": "Effect",
          "effectName": "Sound mode 1",
          "soundControlled": true,
          "switchChannels": {
            "Strobe / Program Speed / Sound Sensitivity": "Sound Sensitivity"
          }
        },
        {
          "dmxRange": [240, 255],
          "type": "Effect",
          "effectName": "Sound mode 2",
          "soundControlled": true,
          "switchChannels": {
            "Strobe / Program Speed / Sound Sensitivity": "Sound Sensitivity"
          }
        }
      ]
    },
    "Strobe": {
      "capability": {
        "type": "ShutterStrobe",
        "shutterEffect": "Strobe",
        "speedStart": "0%",
        "speedEnd": "100%",
        "helpWanted": "At which DMX value is strobe disabled? When is the lamp constantly on/off?"
      }
    },
    "Program Speed": {
      "capability": {
        "type": "EffectSpeed",
        "speedStart": "slow",
        "speedEnd": "fast"
      }
    },
    "Sound Sensitivity": {
      "capability": {
        "type": "SoundSensitivity",
        "soundSensitivityStart": "low",
        "soundSensitivityEnd": "high"
      }
    }
  },
  "modes": [
    {
      "name": "1-channel",
      "shortName": "1ch",
      "channels": [
        "Color Macros"
      ]
    },
    {
      "name": "5-channel",
      "shortName": "5ch",
      "channels": [
        "Red",
        "Green",
        "Blue",
        "White",
        "Amber"
      ]
    },
    {
      "name": "7-channel",
      "shortName": "7ch",
      "channels": [
        "Intensity",
        "Red",
        "Green",
        "Blue",
        "White",
        "Amber",
        "Strobe"
      ]
    },
    {
      "name": "8-channel",
      "shortName": "8ch",
      "channels": [
        "Intensity",
        "Red",
        "Green",
        "Blue",
        "White",
        "Amber",
        "Programs",
        "Strobe / Program Speed / Sound Sensitivity"
      ]
    }
  ],
  "fixtureKey": "bat-par-6-rgbwa",
  "manufacturerKey": "varytec",
  "oflURL": "https://open-fixture-library.org/varytec/bat-par-6-rgbwa"
}
