{
  "$schema": "https://raw.githubusercontent.com/OpenLightingProject/open-fixture-library/schema-12.1.0/schemas/fixture.json",
  "name": "PicoWash 40 Pixel Quad LED",
  "categories": ["Moving Head", "Color Changer"],
  "meta": {
    "authors": ["Harm Aldick"],
    "createDate": "2019-05-13",
    "lastModifyDate": "2019-05-13",
    "importPlugin": {
      "plugin": "qlcplus_4.11.2",
      "date": "2019-05-11",
      "comment": "created by Q Light Controller Plus (version 4.11.2 GIT)"
    }
  },
  "links": {
    "manual": [
      "https://images.static-thomann.de/pics/atg/atgdata/document/manual/372705_c_372705_v2_r1_en_online.pdf"
    ],
    "productPage": [
      "https://www.thomann.de/intl/fun_generation_picowash_40_pixel_quad_led.htm"
    ]
  },
  "physical": {
    "dimensions": [162, 228, 174],
    "weight": 2.8,
    "power": 55,
    "DMXconnector": "3-pin",
    "bulb": {
      "type": "4x 10W RGBW LEDs"
    },
    "lens": {
      "degreesMinMax": [28, 28]
    }
  },
  "matrix": {
    "pixelKeys": [
      [
        [
          "LED 1",
          "LED 2"
        ],
        [
          "LED 3",
          "LED 4"
        ]
      ]
    ],
    "pixelGroups": {
      "Master": "all"
    }
  },
  "availableChannels": {
    "Pan": {
      "fineChannelAliases": ["Pan fine"],
      "capability": {
        "type": "Pan",
        "angleStart": "0deg",
        "angleEnd": "540deg"
      }
    },
    "Tilt": {
      "fineChannelAliases": ["Tilt fine"],
      "capability": {
        "type": "Tilt",
        "angleStart": "0deg",
        "angleEnd": "180deg"
      }
    },
    "Motor Speed": {
      "defaultValue": 0,
      "capability": {
        "type": "PanTiltSpeed",
        "speedStart": "fast",
        "speedEnd": "slow"
      }
    },
    "Master Dimmer": {
      "capability": {
        "type": "Intensity"
      }
    },
    "Strobe": {
      "capabilities": [
        {
          "dmxRange": [0, 9],
          "type": "ShutterStrobe",
          "shutterEffect": "Open"
        },
        {
          "dmxRange": [10, 255],
          "type": "ShutterStrobe",
          "shutterEffect": "Strobe",
          "speedStart": "1Hz",
          "speedEnd": "25Hz"
        }
      ]
    },
    "Function": {
      "defaultValue": 0,
      "capabilities": [
        {
          "dmxRange": [0, 49],
          "type": "NoFunction",
          "switchChannels": {
            "Program Speed / Sound Sensitivity": "Program Speed"
          }
        },
        {
          "dmxRange": [50, 59],
          "type": "ColorPreset",
          "comment": "Red",
          "colors": ["#ff0000"],
          "switchChannels": {
            "Program Speed / Sound Sensitivity": "Program Speed"
          }
        },
        {
          "dmxRange": [60, 69],
          "type": "ColorPreset",
          "comment": "Green",
          "colors": ["#00ff00"],
          "switchChannels": {
            "Program Speed / Sound Sensitivity": "Program Speed"
          }
        },
        {
          "dmxRange": [70, 79],
          "type": "ColorPreset",
          "comment": "Blue",
          "colors": ["#0000ff"],
          "switchChannels": {
            "Program Speed / Sound Sensitivity": "Program Speed"
          }
        },
        {
          "dmxRange": [80, 89],
          "type": "ColorPreset",
          "comment": "White",
          "colors": ["#ffffff"],
          "switchChannels": {
            "Program Speed / Sound Sensitivity": "Program Speed"
          }
        },
        {
          "dmxRange": [90, 99],
          "type": "ColorPreset",
          "comment": "Yellow",
          "colors": ["#ffff00"],
          "switchChannels": {
            "Program Speed / Sound Sensitivity": "Program Speed"
          }
        },
        {
          "dmxRange": [100, 109],
          "type": "ColorPreset",
          "comment": "Cyan",
          "colors": ["#00ffff"],
          "switchChannels": {
            "Program Speed / Sound Sensitivity": "Program Speed"
          }
        },
        {
          "dmxRange": [110, 119],
          "type": "ColorPreset",
          "comment": "Purple",
          "colors": ["#ff00ff"],
          "switchChannels": {
            "Program Speed / Sound Sensitivity": "Program Speed"
          }
        },
        {
          "dmxRange": [120, 129],
          "type": "ColorPreset",
          "comment": "All White",
          "colors": ["#ffffff"],
          "switchChannels": {
            "Program Speed / Sound Sensitivity": "Program Speed"
          }
        },
        {
          "dmxRange": [130, 139],
          "type": "NoFunction",
          "switchChannels": {
            "Program Speed / Sound Sensitivity": "Program Speed"
          }
        },
        {
          "dmxRange": [140, 149],
          "type": "Effect",
          "effectName": "Program 1",
          "switchChannels": {
            "Program Speed / Sound Sensitivity": "Program Speed"
          }
        },
        {
          "dmxRange": [150, 159],
          "type": "Effect",
          "effectName": "Program 2",
          "switchChannels": {
            "Program Speed / Sound Sensitivity": "Program Speed"
          }
        },
        {
          "dmxRange": [160, 169],
          "type": "Effect",
          "effectName": "Program 3",
          "switchChannels": {
            "Program Speed / Sound Sensitivity": "Program Speed"
          }
        },
        {
          "dmxRange": [170, 179],
          "type": "Effect",
          "effectName": "Program 4",
          "switchChannels": {
            "Program Speed / Sound Sensitivity": "Program Speed"
          }
        },
        {
          "dmxRange": [180, 189],
          "type": "Effect",
          "effectName": "Program 5",
          "switchChannels": {
            "Program Speed / Sound Sensitivity": "Program Speed"
          }
        },
        {
          "dmxRange": [190, 199],
          "type": "Effect",
          "effectName": "Program 6",
          "switchChannels": {
            "Program Speed / Sound Sensitivity": "Program Speed"
          }
        },
        {
          "dmxRange": [200, 209],
          "type": "Effect",
          "effectName": "Program 7",
          "switchChannels": {
            "Program Speed / Sound Sensitivity": "Program Speed"
          }
        },
        {
          "dmxRange": [210, 219],
          "type": "Effect",
          "effectName": "Program 8",
          "switchChannels": {
            "Program Speed / Sound Sensitivity": "Program Speed"
          }
        },
        {
          "dmxRange": [220, 229],
          "type": "Effect",
          "effectName": "Program 9",
          "switchChannels": {
            "Program Speed / Sound Sensitivity": "Program Speed"
          }
        },
        {
          "dmxRange": [230, 233],
          "type": "NoFunction",
          "switchChannels": {
            "Program Speed / Sound Sensitivity": "Program Speed"
          }
        },
        {
          "dmxRange": [234, 236],
          "type": "Maintenance",
          "comment": "Reset",
          "switchChannels": {
            "Program Speed / Sound Sensitivity": "Program Speed"
          }
        },
        {
          "dmxRange": [237, 249],
          "type": "NoFunction",
          "switchChannels": {
            "Program Speed / Sound Sensitivity": "Program Speed"
          }
        },
        {
          "dmxRange": [250, 255],
          "type": "Effect",
          "effectName": "Sound-controlled mode",
          "soundControlled": true,
          "switchChannels": {
            "Program Speed / Sound Sensitivity": "Sound Sensitivity"
          }
        }
      ]
    },
    "Program Speed": {
      "capability": {
        "type": "EffectSpeed",
        "speedStart": "slow",
        "speedEnd": "fast"
      }
    },
    "Sound Sensitivity": {
      "capability": {
        "type": "SoundSensitivity",
        "soundSensitivityStart": "low",
        "soundSensitivityEnd": "high"
      }
    }
  },
  "templateChannels": {
    "Red $pixelKey": {
      "capability": {
        "type": "ColorIntensity",
        "color": "Red"
      }
    },
    "Green $pixelKey": {
      "capability": {
        "type": "ColorIntensity",
        "color": "Green"
      }
    },
    "Blue $pixelKey": {
      "capability": {
        "type": "ColorIntensity",
        "color": "Blue"
      }
    },
    "White $pixelKey": {
      "capability": {
        "type": "ColorIntensity",
        "color": "White"
      }
    }
  },
  "modes": [
    {
      "name": "3-channel",
      "shortName": "3ch",
      "channels": [
        "Pan",
        "Tilt",
        "Master Dimmer"
      ]
    },
    {
      "name": "8-channel",
      "shortName": "8ch",
      "channels": [
        "Pan",
        "Pan fine",
        "Tilt",
        "Tilt fine",
        "Motor Speed",
        "Master Dimmer",
        "Function",
        "Program Speed / Sound Sensitivity"
      ]
    },
    {
      "name": "13-channel",
      "shortName": "13ch",
      "channels": [
        "Pan",
        "Pan fine",
        "Tilt",
        "Tilt fine",
        "Motor Speed",
        "Master Dimmer",
        "Strobe",
        "Red Master",
        "Green Master",
        "Blue Master",
        "White Master",
        "Function",
        "Program Speed / Sound Sensitivity"
      ]
    },
    {
      "name": "25-channel",
      "shortName": "25ch",
      "channels": [
        "Pan",
        "Pan fine",
        "Tilt",
        "Tilt fine",
        "Motor Speed",
        "Master Dimmer",
        "Strobe",
        "Red LED 1",
        "Green LED 1",
        "Blue LED 1",
        "White LED 1",
        "Red LED 2",
        "Green LED 2",
        "Blue LED 2",
        "White LED 2",
        "Red LED 3",
        "Green LED 3",
        "Blue LED 3",
        "White LED 3",
        "Red LED 4",
        "Green LED 4",
        "Blue LED 4",
        "White LED 4",
        "Function",
        "Program Speed / Sound Sensitivity"
      ]
    }
  ],
  "fixtureKey": "picowash-40-pixel-quad-led",
  "manufacturerKey": "fun-generation",
  "oflURL": "https://open-fixture-library.org/fun-generation/picowash-40-pixel-quad-led"
}
