{
  "$schema": "https://raw.githubusercontent.com/OpenLightingProject/open-fixture-library/schema-12.1.0/schemas/fixture.json",
  "name": "SMART 36",
  "categories": ["Color Changer"],
  "meta": {
    "authors": ["Felix Edelmann", "ziopix"],
    "createDate": "2018-10-25",
    "lastModifyDate": "2018-10-25"
  },
  "links": {
    "manual": [
      "https://www.kot.co.il/wp-content/uploads/2016/10/SMART36.pdf"
    ],
    "productPage": [
      "https://solarispro.net/entertainment-lighting/par-led/web-smart-36/"
    ]
  },
  "physical": {
    "dimensions": [118, 237, 230],
    "weight": 3,
    "power": 150,
    "DMXconnector": "3-pin",
    "bulb": {
      "type": "36x 3W LEDs"
    },
    "lens": {
      "degreesMinMax": [25, 25]
    }
  },
  "availableChannels": {
    "Master Dimmer": {
      "capability": {
        "type": "Intensity"
      }
    },
    "Red": {
      "capability": {
        "type": "ColorIntensity",
        "color": "Red"
      }
    },
    "Green": {
      "capability": {
        "type": "ColorIntensity",
        "color": "Green"
      }
    },
    "Blue": {
      "capability": {
        "type": "ColorIntensity",
        "color": "Blue"
      }
    },
    "Strobe": {
      "capability": {
        "type": "ShutterStrobe",
        "shutterEffect": "Strobe",
        "speedStart": "slow",
        "speedEnd": "fast",
        "helpWanted": "At which DMX value is the LED constantly on/off (no strobe)?"
      }
    },
    "Mode Change": {
      "capability": {
        "type": "Effect",
        "effectName": "Macro function",
        "helpWanted": "Which macro is this and at which DMX value is it activated? Are there several macros to choose from?"
      }
    }
  },
  "modes": [
    {
      "name": "6-channel",
      "shortName": "6ch",
      "channels": [
        "Master Dimmer",
        "Red",
        "Green",
        "Blue",
        "Strobe",
        "Mode Change"
      ]
    }
  ],
  "fixtureKey": "smart-36",
  "manufacturerKey": "solaris",
  "oflURL": "https://open-fixture-library.org/solaris/smart-36"
}
