{
  "$schema": "https://raw.githubusercontent.com/OpenLightingProject/open-fixture-library/schema-12.1.0/schemas/fixture.json",
  "name": "Inno Pocket Beam Q4",
  "categories": ["Moving Head", "Color Changer"],
  "meta": {
    "authors": ["jc"],
    "createDate": "2019-02-15",
    "lastModifyDate": "2019-02-15"
  },
  "links": {
    "manual": [
      "http://adjmedia.s3-website-eu-west-1.amazonaws.com/manuals/Inno%20Pocket%20Beam%20Q4.pdf"
    ],
    "productPage": [
      "https://www.americandj.eu/en/inno-pocket-beam-q4.html"
    ],
    "video": [
      "https://www.youtube.com/watch?v=ldCt6rDwOQM",
      "https://www.youtube.com/watch?v=zG4iWzimoqU"
    ]
  },
  "physical": {
    "dimensions": [147, 265, 159],
    "weight": 3,
    "power": 45.6,
    "DMXconnector": "3-pin",
    "bulb": {
      "type": "15W RGBW LED"
    },
    "lens": {
      "degreesMinMax": [4, 4]
    }
  },
  "availableChannels": {
    "Pan": {
      "defaultValue": "50%",
      "fineChannelAliases": ["Pan fine"],
      "capability": {
        "type": "Pan",
        "angleStart": "0deg",
        "angleEnd": "540deg"
      }
    },
    "Tilt": {
      "defaultValue": "50%",
      "fineChannelAliases": ["Tilt fine"],
      "capability": {
        "type": "Tilt",
        "angleStart": "0deg",
        "angleEnd": "230deg"
      }
    },
    "Red": {
      "defaultValue": 0,
      "capability": {
        "type": "ColorIntensity",
        "color": "Red"
      }
    },
    "Green": {
      "defaultValue": 0,
      "capability": {
        "type": "ColorIntensity",
        "color": "Green"
      }
    },
    "Blue": {
      "defaultValue": 0,
      "capability": {
        "type": "ColorIntensity",
        "color": "Blue"
      }
    },
    "White": {
      "defaultValue": 0,
      "capability": {
        "type": "ColorIntensity",
        "color": "White"
      }
    },
    "Shutter / Strobe": {
      "defaultValue": 8,
      "capabilities": [
        {
          "dmxRange": [0, 7],
          "type": "ShutterStrobe",
          "shutterEffect": "Closed"
        },
        {
          "dmxRange": [8, 15],
          "type": "ShutterStrobe",
          "shutterEffect": "Open"
        },
        {
          "dmxRange": [16, 131],
          "type": "ShutterStrobe",
          "shutterEffect": "Strobe",
          "speedStart": "slow",
          "speedEnd": "fast"
        },
        {
          "dmxRange": [132, 139],
          "type": "ShutterStrobe",
          "shutterEffect": "Open"
        },
        {
          "dmxRange": [140, 181],
          "type": "ShutterStrobe",
          "shutterEffect": "RampUp",
          "speedStart": "slow",
          "speedEnd": "fast"
        },
        {
          "dmxRange": [182, 189],
          "type": "ShutterStrobe",
          "shutterEffect": "Open"
        },
        {
          "dmxRange": [190, 231],
          "type": "ShutterStrobe",
          "shutterEffect": "RampDown",
          "speedStart": "slow",
          "speedEnd": "fast"
        },
        {
          "dmxRange": [232, 239],
          "type": "ShutterStrobe",
          "shutterEffect": "Open"
        },
        {
          "dmxRange": [240, 248],
          "type": "ShutterStrobe",
          "shutterEffect": "Strobe",
          "speedStart": "slow",
          "speedEnd": "fast",
          "randomTiming": true
        },
        {
          "dmxRange": [249, 255],
          "type": "ShutterStrobe",
          "shutterEffect": "Open"
        }
      ]
    },
    "Dimmer": {
      "defaultValue": 0,
      "capability": {
        "type": "Intensity"
      }
    },
    "Pan/Tilt Speed": {
      "defaultValue": 0,
      "capability": {
        "type": "PanTiltSpeed",
        "speedStart": "fast",
        "speedEnd": "slow"
      }
    },
    "Maintenance": {
      "defaultValue": 0,
      "capabilities": [
        {
          "dmxRange": [0, 69],
          "type": "NoFunction"
        },
        {
          "dmxRange": [70, 79],
          "type": "Maintenance",
          "comment": "Blackout by pan/tilt movement"
        },
        {
          "dmxRange": [80, 89],
          "type": "NoFunction"
        },
        {
          "dmxRange": [90, 99],
          "type": "Maintenance",
          "comment": "Blackout by color change"
        },
        {
          "dmxRange": [100, 199],
          "type": "NoFunction"
        },
        {
          "dmxRange": [200, 209],
          "type": "Maintenance",
          "comment": "Reset all"
        },
        {
          "dmxRange": [210, 249],
          "type": "NoFunction"
        },
        {
          "dmxRange": [250, 255],
          "type": "Effect",
          "effectName": "Sound active",
          "soundControlled": true
        }
      ]
    },
    "Dimmer Curves": {
      "capabilities": [
        {
          "dmxRange": [0, 20],
          "type": "Maintenance",
          "comment": "Standard"
        },
        {
          "dmxRange": [21, 40],
          "type": "Maintenance",
          "comment": "Stage"
        },
        {
          "dmxRange": [41, 60],
          "type": "Maintenance",
          "comment": "TV"
        },
        {
          "dmxRange": [61, 80],
          "type": "Maintenance",
          "comment": "Architectural"
        },
        {
          "dmxRange": [81, 100],
          "type": "Maintenance",
          "comment": "Theatre"
        },
        {
          "dmxRange": [101, 255],
          "type": "NoFunction",
          "comment": "Default unit curve"
        }
      ]
    }
  },
  "modes": [
    {
      "name": "10-channel",
      "shortName": "10ch",
      "channels": [
        "Pan",
        "Tilt",
        "Red",
        "Green",
        "Blue",
        "White",
        "Shutter / Strobe",
        "Dimmer",
        "Pan/Tilt Speed",
        "Maintenance"
      ]
    },
    {
      "name": "11-channel",
      "shortName": "11ch",
      "channels": [
        "Pan",
        "Tilt",
        "Red",
        "Green",
        "Blue",
        "White",
        "Shutter / Strobe",
        "Dimmer",
        "Pan/Tilt Speed",
        "Maintenance",
        "Dimmer Curves"
      ]
    },
    {
      "name": "13-channel",
      "shortName": "13ch",
      "channels": [
        "Pan",
        "Pan fine",
        "Tilt",
        "Tilt fine",
        "Red",
        "Green",
        "Blue",
        "White",
        "Shutter / Strobe",
        "Dimmer",
        "Pan/Tilt Speed",
        "Maintenance",
        "Dimmer Curves"
      ]
    }
  ],
  "fixtureKey": "inno-pocket-beam-q4",
  "manufacturerKey": "american-dj",
  "oflURL": "https://open-fixture-library.org/american-dj/inno-pocket-beam-q4"
}
