{
  "$schema": "https://raw.githubusercontent.com/OpenLightingProject/open-fixture-library/schema-12.1.0/schemas/fixture.json",
  "name": "Vega Zoom Wash",
  "shortName": "VegaZoomWash",
  "categories": ["Moving Head", "Color Changer"],
  "meta": {
    "authors": ["Flo Edelmann"],
    "createDate": "2017-02-24",
    "lastModifyDate": "2018-09-22"
  },
  "links": {
    "manual": [
      "https://www.musicstore.de/INTERSHOP/web/WFS/MusicStore-MusicStoreShop-Site/de_DE/-/EUR/ViewProductAttachment-ResolveManualURL?File=DE_LIG0013617-000.pdf"
    ],
    "video": [
      "https://www.youtube.com/watch?v=tJM8ScD-bLE",
      "https://www.youtube.com/watch?v=RGQ9Nuvg3Xk"
    ]
  },
  "physical": {
    "dimensions": [260, 280, 340],
    "weight": 4.5,
    "power": 95,
    "DMXconnector": "3-pin",
    "bulb": {
      "type": "LED"
    },
    "lens": {
      "degreesMinMax": [6, 45]
    }
  },
  "availableChannels": {
    "Pan": {
      "fineChannelAliases": ["Pan fine"],
      "defaultValue": "50%",
      "capability": {
        "type": "Pan",
        "angleStart": "0deg",
        "angleEnd": "540deg"
      }
    },
    "Tilt": {
      "fineChannelAliases": ["Tilt fine"],
      "defaultValue": "50%",
      "capability": {
        "type": "Tilt",
        "angleStart": "0deg",
        "angleEnd": "190deg"
      }
    },
    "Pan / Tilt Speed": {
      "capability": {
        "type": "PanTiltSpeed",
        "speedStart": "fast",
        "speedEnd": "slow"
      }
    },
    "Dimmer": {
      "capability": {
        "type": "Intensity"
      }
    },
    "Shutter": {
      "capabilities": [
        {
          "dmxRange": [0, 9],
          "type": "ShutterStrobe",
          "shutterEffect": "Closed"
        },
        {
          "dmxRange": [10, 245],
          "type": "ShutterStrobe",
          "shutterEffect": "Strobe",
          "speedStart": "slow",
          "speedEnd": "fast"
        },
        {
          "dmxRange": [246, 255],
          "type": "ShutterStrobe",
          "shutterEffect": "Open"
        }
      ]
    },
    "Red": {
      "capability": {
        "type": "ColorIntensity",
        "color": "Red"
      }
    },
    "Green": {
      "capability": {
        "type": "ColorIntensity",
        "color": "Green"
      }
    },
    "Blue": {
      "capability": {
        "type": "ColorIntensity",
        "color": "Blue"
      }
    },
    "White": {
      "capability": {
        "type": "ColorIntensity",
        "color": "White"
      }
    },
    "Color Temperature": {
      "capability": {
        "type": "ColorTemperature",
        "colorTemperatureStart": "cold",
        "colorTemperatureEnd": "warm"
      }
    },
    "Color Macro": {
      "capabilities": [
        {
          "dmxRange": [0, 10],
          "type": "NoFunction"
        },
        {
          "dmxRange": [11, 20],
          "type": "ColorPreset",
          "colors": ["#ff0000"],
          "comment": "Red"
        },
        {
          "dmxRange": [21, 30],
          "type": "ColorPreset",
          "colors": ["#00ff00"],
          "comment": "Green"
        },
        {
          "dmxRange": [31, 40],
          "type": "ColorPreset",
          "colors": ["#0000ff"],
          "comment": "Blue"
        },
        {
          "dmxRange": [41, 50],
          "type": "ColorPreset",
          "colors": ["#ffffff"],
          "comment": "White"
        },
        {
          "dmxRange": [51, 60],
          "type": "ColorPreset",
          "colors": ["#ffff00"],
          "comment": "Red + Green"
        },
        {
          "dmxRange": [61, 70],
          "type": "ColorPreset",
          "colors": ["#00ffff"],
          "comment": "Green + Blue"
        },
        {
          "dmxRange": [71, 80],
          "type": "ColorPreset",
          "colors": ["#8080ff"],
          "comment": "Blue + White"
        },
        {
          "dmxRange": [81, 90],
          "type": "ColorPreset",
          "colors": ["#ff00ff"],
          "comment": "Red + Blue"
        },
        {
          "dmxRange": [91, 100],
          "type": "ColorPreset",
          "colors": ["#80ff80"],
          "comment": "Green + White"
        },
        {
          "dmxRange": [101, 110],
          "type": "ColorPreset",
          "colors": ["#ff8080"],
          "comment": "Red + White"
        },
        {
          "dmxRange": [111, 120],
          "type": "ColorPreset",
          "colors": ["#ffffff"],
          "comment": "Red + Green + Blue"
        },
        {
          "dmxRange": [121, 130],
          "type": "ColorPreset",
          "colors": ["#ffff80"],
          "comment": "Red + Green + White"
        },
        {
          "dmxRange": [131, 140],
          "type": "ColorPreset",
          "colors": ["#80ffff"],
          "comment": "Green + Blue + White"
        },
        {
          "dmxRange": [141, 150],
          "type": "ColorPreset",
          "colors": ["#ffffff"],
          "comment": "Red + Green + Blue + White"
        },
        {
          "dmxRange": [151, 255],
          "type": "Effect",
          "effectPreset": "ColorJump",
          "speedStart": "slow",
          "speedEnd": "fast"
        }
      ]
    },
    "Macro Speed": {
      "capabilities": [
        {
          "dmxRange": [0, 10],
          "type": "NoFunction",
          "comment": "Macro off"
        },
        {
          "dmxRange": [11, 255],
          "type": "EffectSpeed",
          "speedStart": "slow",
          "speedEnd": "fast"
        }
      ]
    },
    "Zoom": {
      "capability": {
        "type": "Zoom",
        "angleStart": "6deg",
        "angleEnd": "46deg"
      }
    },
    "Program": {
      "capabilities": [
        {
          "dmxRange": [0, 20],
          "type": "NoFunction"
        },
        {
          "dmxRange": [21, 40],
          "type": "Effect",
          "effectName": "Internal Program 1"
        },
        {
          "dmxRange": [41, 60],
          "type": "Effect",
          "effectName": "Internal Program 2"
        },
        {
          "dmxRange": [61, 80],
          "type": "Effect",
          "effectName": "Internal Program 3"
        },
        {
          "dmxRange": [81, 100],
          "type": "Effect",
          "effectName": "Internal Program 4"
        },
        {
          "dmxRange": [101, 120],
          "type": "Effect",
          "effectName": "Internal Program 5"
        },
        {
          "dmxRange": [121, 140],
          "type": "Effect",
          "effectName": "Internal Program 6"
        },
        {
          "dmxRange": [141, 160],
          "type": "Effect",
          "effectName": "Internal Program 7"
        },
        {
          "dmxRange": [161, 180],
          "type": "Effect",
          "effectName": "Internal Program 8"
        },
        {
          "dmxRange": [181, 200],
          "type": "NoFunction"
        },
        {
          "dmxRange": [201, 225],
          "type": "Maintenance",
          "comment": "Motor reset"
        },
        {
          "dmxRange": [226, 255],
          "type": "NoFunction"
        }
      ]
    }
  },
  "modes": [
    {
      "name": "16-channel",
      "shortName": "16ch",
      "channels": [
        "Pan",
        "Pan fine",
        "Tilt",
        "Tilt fine",
        "Pan / Tilt Speed",
        "Dimmer",
        "Shutter",
        "Red",
        "Green",
        "Blue",
        "White",
        "Color Temperature",
        "Color Macro",
        "Macro Speed",
        "Program",
        "Zoom"
      ]
    }
  ],
  "fixtureKey": "vega-zoom-wash",
  "manufacturerKey": "lightmaxx",
  "oflURL": "https://open-fixture-library.org/lightmaxx/vega-zoom-wash"
}
