{
  "$schema": "https://raw.githubusercontent.com/OpenLightingProject/open-fixture-library/schema-12.1.0/schemas/fixture.json",
  "name": "Crazy Spot 30",
  "shortName": "BTDJCrazySpot30",
  "categories": ["Moving Head", "Color Changer"],
  "meta": {
    "authors": ["zampano"],
    "createDate": "2018-05-30",
    "lastModifyDate": "2018-09-04"
  },
  "links": {
    "manual": [
      "http://static.boomtonedj.com/pdf/manual/49/49502_manuelboomtonedjcrazyspot30.pdf"
    ],
    "video": [
      "https://www.youtube.com/watch?v=UAhS61D0V94",
      "https://www.youtube.com/watch?v=7Cle6ROY1UQ"
    ]
  },
  "physical": {
    "dimensions": [265, 300, 210],
    "weight": 2.95,
    "power": 50,
    "DMXconnector": "3-pin",
    "bulb": {
      "type": "30W Cree LED"
    },
    "lens": {
      "degreesMinMax": [15, 15]
    }
  },
  "wheels": {
    "Color Wheel": {
      "slots": [
        {
          "type": "Color"
        },
        {
          "type": "Color"
        },
        {
          "type": "Color"
        },
        {
          "type": "Color"
        },
        {
          "type": "Color"
        },
        {
          "type": "Color"
        },
        {
          "type": "Color"
        },
        {
          "type": "Color"
        }
      ]
    },
    "Gobo Wheel": {
      "slots": [
        {
          "type": "Gobo"
        },
        {
          "type": "Gobo"
        },
        {
          "type": "Gobo"
        },
        {
          "type": "Gobo"
        },
        {
          "type": "Gobo"
        },
        {
          "type": "Gobo"
        },
        {
          "type": "Gobo"
        },
        {
          "type": "Gobo"
        }
      ]
    }
  },
  "availableChannels": {
    "Pan": {
      "fineChannelAliases": ["Pan fine"],
      "defaultValue": "50%",
      "capability": {
        "type": "Pan",
        "angleStart": "0deg",
        "angleEnd": "540deg"
      }
    },
    "Tilt": {
      "fineChannelAliases": ["Tilt fine"],
      "defaultValue": "50%",
      "capability": {
        "type": "Tilt",
        "angleStart": "0deg",
        "angleEnd": "270deg"
      }
    },
    "Pan/Tilt Speed": {
      "capability": {
        "type": "PanTiltSpeed",
        "speedStart": "fast",
        "speedEnd": "slow"
      }
    },
    "Color Wheel": {
      "capabilities": [
        {
          "dmxRange": [0, 7],
          "type": "WheelSlot",
          "slotNumber": 1
        },
        {
          "dmxRange": [8, 14],
          "type": "WheelSlot",
          "slotNumber": 2
        },
        {
          "dmxRange": [15, 21],
          "type": "WheelSlot",
          "slotNumber": 3
        },
        {
          "dmxRange": [22, 28],
          "type": "WheelSlot",
          "slotNumber": 4
        },
        {
          "dmxRange": [29, 35],
          "type": "WheelSlot",
          "slotNumber": 5
        },
        {
          "dmxRange": [36, 42],
          "type": "WheelSlot",
          "slotNumber": 6
        },
        {
          "dmxRange": [43, 49],
          "type": "WheelSlot",
          "slotNumber": 7
        },
        {
          "dmxRange": [50, 56],
          "type": "WheelSlot",
          "slotNumber": 8
        },
        {
          "dmxRange": [57, 127],
          "type": "Generic",
          "comment": "Split colors",
          "helpWanted": "Which DMX value selects which split color?"
        },
        {
          "dmxRange": [128, 189],
          "type": "WheelRotation",
          "speedStart": "fast CW",
          "speedEnd": "slow CW",
          "helpWanted": "Correct direction?"
        },
        {
          "dmxRange": [190, 193],
          "type": "WheelRotation",
          "speed": "stop"
        },
        {
          "dmxRange": [194, 255],
          "type": "WheelRotation",
          "speedStart": "slow CCW",
          "speedEnd": "fast CCW",
          "helpWanted": "Correct direction?"
        }
      ]
    },
    "Gobo Wheel": {
      "capabilities": [
        {
          "dmxRange": [0, 7],
          "type": "WheelSlot",
          "slotNumber": 1
        },
        {
          "dmxRange": [8, 15],
          "type": "WheelSlot",
          "slotNumber": 2
        },
        {
          "dmxRange": [16, 23],
          "type": "WheelSlot",
          "slotNumber": 3
        },
        {
          "dmxRange": [24, 31],
          "type": "WheelSlot",
          "slotNumber": 4
        },
        {
          "dmxRange": [32, 39],
          "type": "WheelSlot",
          "slotNumber": 5
        },
        {
          "dmxRange": [40, 47],
          "type": "WheelSlot",
          "slotNumber": 6
        },
        {
          "dmxRange": [48, 55],
          "type": "WheelSlot",
          "slotNumber": 7
        },
        {
          "dmxRange": [56, 63],
          "type": "WheelSlot",
          "slotNumber": 8
        },
        {
          "dmxRange": [64, 71],
          "type": "WheelShake",
          "slotNumber": 1
        },
        {
          "dmxRange": [72, 79],
          "type": "WheelShake",
          "slotNumber": 2
        },
        {
          "dmxRange": [80, 87],
          "type": "WheelShake",
          "slotNumber": 3
        },
        {
          "dmxRange": [88, 95],
          "type": "WheelShake",
          "slotNumber": 4
        },
        {
          "dmxRange": [96, 103],
          "type": "WheelShake",
          "slotNumber": 5
        },
        {
          "dmxRange": [104, 111],
          "type": "WheelShake",
          "slotNumber": 6
        },
        {
          "dmxRange": [112, 119],
          "type": "WheelShake",
          "slotNumber": 7
        },
        {
          "dmxRange": [120, 127],
          "type": "WheelShake",
          "slotNumber": 8
        },
        {
          "dmxRange": [128, 189],
          "type": "WheelRotation",
          "speedStart": "fast CW",
          "speedEnd": "slow CW",
          "helpWanted": "Correct direction?"
        },
        {
          "dmxRange": [190, 193],
          "type": "WheelRotation",
          "speed": "stop"
        },
        {
          "dmxRange": [194, 255],
          "type": "WheelRotation",
          "speedStart": "slow CCW",
          "speedEnd": "fast CCW",
          "helpWanted": "Correct direction?"
        }
      ]
    },
    "Dimmer": {
      "capability": {
        "type": "Intensity"
      }
    },
    "Shutter": {
      "capabilities": [
        {
          "dmxRange": [0, 7],
          "type": "ShutterStrobe",
          "shutterEffect": "Closed"
        },
        {
          "dmxRange": [8, 15],
          "type": "ShutterStrobe",
          "shutterEffect": "Open"
        },
        {
          "dmxRange": [16, 131],
          "type": "ShutterStrobe",
          "shutterEffect": "Strobe",
          "speedStart": "slow",
          "speedEnd": "fast"
        },
        {
          "dmxRange": [132, 139],
          "type": "ShutterStrobe",
          "shutterEffect": "Open"
        },
        {
          "dmxRange": [140, 181],
          "type": "ShutterStrobe",
          "shutterEffect": "Strobe"
        },
        {
          "dmxRange": [182, 189],
          "type": "ShutterStrobe",
          "shutterEffect": "Open"
        },
        {
          "dmxRange": [190, 231],
          "type": "ShutterStrobe",
          "shutterEffect": "Strobe"
        },
        {
          "dmxRange": [232, 239],
          "type": "ShutterStrobe",
          "shutterEffect": "Open"
        },
        {
          "dmxRange": [240, 247],
          "type": "ShutterStrobe",
          "shutterEffect": "Strobe",
          "randomTiming": true
        },
        {
          "dmxRange": [248, 255],
          "type": "ShutterStrobe",
          "shutterEffect": "Open"
        }
      ]
    },
    "Function": {
      "capabilities": [
        {
          "dmxRange": [0, 69],
          "type": "NoFunction"
        },
        {
          "dmxRange": [70, 79],
          "type": "Maintenance",
          "comment": "Blackout on Pan/Tilt"
        },
        {
          "dmxRange": [80, 89],
          "type": "NoFunction"
        },
        {
          "dmxRange": [90, 99],
          "type": "Maintenance",
          "comment": "Blackout on color change"
        },
        {
          "dmxRange": [100, 109],
          "type": "NoFunction"
        },
        {
          "dmxRange": [110, 119],
          "type": "Maintenance",
          "comment": "Blackout on gobo change"
        },
        {
          "dmxRange": [120, 199],
          "type": "NoFunction"
        },
        {
          "dmxRange": [200, 209],
          "type": "Maintenance",
          "comment": "Total reset"
        },
        {
          "dmxRange": [210, 249],
          "type": "NoFunction"
        },
        {
          "dmxRange": [250, 255],
          "type": "Effect",
          "effectName": "Sound mode",
          "soundControlled": true
        }
      ]
    }
  },
  "modes": [
    {
      "name": "8-channel",
      "shortName": "8ch",
      "channels": [
        "Pan",
        "Tilt",
        "Pan/Tilt Speed",
        "Color Wheel",
        "Gobo Wheel",
        "Dimmer",
        "Shutter",
        "Function"
      ]
    },
    {
      "name": "10-channel",
      "shortName": "10ch",
      "channels": [
        "Pan",
        "Pan fine",
        "Tilt",
        "Tilt fine",
        "Pan/Tilt Speed",
        "Color Wheel",
        "Gobo Wheel",
        "Dimmer",
        "Shutter",
        "Function"
      ]
    }
  ],
  "fixtureKey": "crazy-spot-30",
  "manufacturerKey": "boomtonedj",
  "oflURL": "https://open-fixture-library.org/boomtonedj/crazy-spot-30"
}
