{
  "$schema": "https://raw.githubusercontent.com/OpenLightingProject/open-fixture-library/schema-12.1.0/schemas/fixture.json",
  "name": "Stage Flame",
  "shortName": "MFXStageFlame",
  "categories": ["Effect"],
  "meta": {
    "authors": ["Alejo Cervera"],
    "createDate": "2018-06-13",
    "lastModifyDate": "2018-08-21"
  },
  "links": {
    "manual": [
      "https://www.magicfx.eu/media/mconnect_uploadfiles/m/a/magicfx_stage_flame_manual.pdf"
    ],
    "productPage": [
      "https://www.magicfx.eu/hardware/flame-fx/magicfx-stage-flame-1860"
    ],
    "video": [
      "https://www.youtube.com/watch?v=YLeYRexsTmc",
      "https://www.youtube.com/watch?v=HvRzNTf07aY"
    ]
  },
  "physical": {
    "dimensions": [310, 210, 360],
    "weight": 11.5,
    "power": 100,
    "DMXconnector": "3-pin"
  },
  "availableChannels": {
    "Safety": {
      "defaultValue": 0,
      "precedence": "LTP",
      "capabilities": [
        {
          "dmxRange": [0, 139],
          "type": "Maintenance",
          "comment": "Safety ON"
        },
        {
          "dmxRange": [140, 153],
          "type": "Maintenance",
          "comment": "Safety OFF"
        },
        {
          "dmxRange": [154, 255],
          "type": "Maintenance",
          "comment": "Safety ON"
        }
      ]
    },
    "Flame": {
      "defaultValue": 0,
      "highlightValue": 255,
      "precedence": "HTP",
      "capability": {
        "type": "EffectParameter",
        "parameterStart": "off",
        "parameterEnd": "high",
        "comment": "Flame Intensity"
      }
    }
  },
  "modes": [
    {
      "name": "Default",
      "channels": [
        "Safety",
        "Flame"
      ]
    }
  ],
  "fixtureKey": "stage-flame",
  "manufacturerKey": "magicfx",
  "oflURL": "https://open-fixture-library.org/magicfx/stage-flame"
}
