{
  "$schema": "https://raw.githubusercontent.com/OpenLightingProject/open-fixture-library/schema-12.1.0/schemas/fixture.json",
  "name": "Beam 230",
  "categories": ["Moving Head", "Color Changer"],
  "meta": {
    "authors": ["josequioss"],
    "createDate": "2019-10-02",
    "lastModifyDate": "2019-10-02"
  },
  "links": {
    "manual": [
      "https://lite-tek.com.mx/manuales/BEAM-230.pdf"
    ],
    "productPage": [
      "https://lite-tek.com.mx/producto/beam-230/"
    ],
    "video": [
      "https://www.youtube.com/watch?v=hXLsF72Pnk4",
      "https://www.youtube.com/watch?v=dMQJ2XyHWTE"
    ]
  },
  "physical": {
    "dimensions": [350, 505, 320],
    "weight": 20.1,
    "power": 320,
    "DMXconnector": "3-pin",
    "bulb": {
      "type": "YODN 7R",
      "colorTemperature": 8000,
      "lumens": 8500
    }
  },
  "wheels": {
    "Color Wheel": {
      "direction": "CW",
      "slots": [
        {
          "type": "Open"
        },
        {
          "type": "Color",
          "name": "Red",
          "colors": ["#e50015"]
        },
        {
          "type": "Color",
          "name": "Orange",
          "colors": ["#ffa300"]
        },
        {
          "type": "Color",
          "name": "Aquamarine",
          "colors": ["#83d1ff"]
        },
        {
          "type": "Color",
          "name": "Green",
          "colors": ["#00993f"]
        },
        {
          "type": "Color",
          "name": "Light green",
          "colors": ["#00ff01"]
        },
        {
          "type": "Color",
          "name": "Lavender",
          "colors": ["#878ddd"]
        },
        {
          "type": "Color",
          "name": "Pink",
          "colors": ["#fec0cb"]
        },
        {
          "type": "Color",
          "name": "Yellow",
          "colors": ["#fff001"]
        },
        {
          "type": "Color",
          "name": "Magenta",
          "colors": ["#e50081"]
        },
        {
          "type": "Color",
          "name": "Cyan",
          "colors": ["#00dce5"]
        },
        {
          "type": "Color",
          "name": "CTO 260",
          "colors": ["#ff9416"]
        },
        {
          "type": "Color",
          "name": "CTO 190",
          "colors": ["#fea94e"]
        },
        {
          "type": "Color",
          "name": "CTB 8000",
          "colors": ["#e5eaff"]
        },
        {
          "type": "Color",
          "name": "Blue",
          "colors": ["#0c1397"]
        }
      ]
    },
    "Gobo Wheel": {
      "direction": "CW",
      "slots": [
        {
          "type": "Open"
        },
        {
          "type": "Gobo"
        },
        {
          "type": "Gobo"
        },
        {
          "type": "Gobo"
        },
        {
          "type": "Gobo"
        },
        {
          "type": "Gobo"
        },
        {
          "type": "Gobo"
        },
        {
          "type": "Gobo"
        },
        {
          "type": "Gobo"
        },
        {
          "type": "Gobo"
        },
        {
          "type": "Gobo"
        },
        {
          "type": "Gobo"
        },
        {
          "type": "Gobo"
        },
        {
          "type": "Gobo"
        },
        {
          "type": "Gobo"
        },
        {
          "type": "Gobo"
        },
        {
          "type": "Gobo"
        },
        {
          "type": "Gobo"
        }
      ]
    }
  },
  "availableChannels": {
    "Color Wheel": {
      "capabilities": [
        {
          "dmxRange": [0, 4],
          "type": "WheelSlot",
          "slotNumber": 1
        },
        {
          "dmxRange": [5, 8],
          "type": "WheelSlot",
          "slotNumber": 1.5
        },
        {
          "dmxRange": [9, 12],
          "type": "WheelSlot",
          "slotNumber": 2
        },
        {
          "dmxRange": [13, 17],
          "type": "WheelSlot",
          "slotNumber": 2.5
        },
        {
          "dmxRange": [18, 21],
          "type": "WheelSlot",
          "slotNumber": 3
        },
        {
          "dmxRange": [22, 25],
          "type": "WheelSlot",
          "slotNumber": 3.5
        },
        {
          "dmxRange": [26, 29],
          "type": "WheelSlot",
          "slotNumber": 4
        },
        {
          "dmxRange": [30, 34],
          "type": "WheelSlot",
          "slotNumber": 4.5
        },
        {
          "dmxRange": [35, 38],
          "type": "WheelSlot",
          "slotNumber": 5
        },
        {
          "dmxRange": [39, 42],
          "type": "WheelSlot",
          "slotNumber": 5.5
        },
        {
          "dmxRange": [43, 46],
          "type": "WheelSlot",
          "slotNumber": 6
        },
        {
          "dmxRange": [47, 51],
          "type": "WheelSlot",
          "slotNumber": 6.5
        },
        {
          "dmxRange": [52, 55],
          "type": "WheelSlot",
          "slotNumber": 7
        },
        {
          "dmxRange": [56, 59],
          "type": "WheelSlot",
          "slotNumber": 7.5
        },
        {
          "dmxRange": [60, 63],
          "type": "WheelSlot",
          "slotNumber": 8
        },
        {
          "dmxRange": [64, 68],
          "type": "WheelSlot",
          "slotNumber": 8.5
        },
        {
          "dmxRange": [69, 72],
          "type": "WheelSlot",
          "slotNumber": 9
        },
        {
          "dmxRange": [73, 76],
          "type": "WheelSlot",
          "slotNumber": 9.5
        },
        {
          "dmxRange": [77, 81],
          "type": "WheelSlot",
          "slotNumber": 10
        },
        {
          "dmxRange": [82, 85],
          "type": "WheelSlot",
          "slotNumber": 10.5
        },
        {
          "dmxRange": [86, 89],
          "type": "WheelSlot",
          "slotNumber": 11
        },
        {
          "dmxRange": [90, 93],
          "type": "WheelSlot",
          "slotNumber": 11.5
        },
        {
          "dmxRange": [94, 98],
          "type": "WheelSlot",
          "slotNumber": 12
        },
        {
          "dmxRange": [99, 102],
          "type": "WheelSlot",
          "slotNumber": 12.5
        },
        {
          "dmxRange": [103, 106],
          "type": "WheelSlot",
          "slotNumber": 13
        },
        {
          "dmxRange": [107, 110],
          "type": "WheelSlot",
          "slotNumber": 13.5
        },
        {
          "dmxRange": [111, 115],
          "type": "WheelSlot",
          "slotNumber": 14
        },
        {
          "dmxRange": [116, 119],
          "type": "WheelSlot",
          "slotNumber": 14.5
        },
        {
          "dmxRange": [120, 123],
          "type": "WheelSlot",
          "slotNumber": 15
        },
        {
          "dmxRange": [124, 127],
          "type": "WheelSlot",
          "slotNumber": 15.5
        },
        {
          "dmxRange": [128, 255],
          "type": "WheelRotation",
          "speedStart": "slow CW",
          "speedEnd": "fast CW"
        }
      ]
    },
    "Strobe": {
      "defaultValue": 255,
      "capabilities": [
        {
          "dmxRange": [0, 3],
          "type": "ShutterStrobe",
          "shutterEffect": "Closed"
        },
        {
          "dmxRange": [4, 103],
          "type": "ShutterStrobe",
          "shutterEffect": "Strobe",
          "speedStart": "slow",
          "speedEnd": "fast"
        },
        {
          "dmxRange": [104, 107],
          "type": "ShutterStrobe",
          "shutterEffect": "Open"
        },
        {
          "dmxRange": [108, 207],
          "type": "ShutterStrobe",
          "shutterEffect": "Pulse",
          "speedStart": "slow",
          "speedEnd": "fast"
        },
        {
          "dmxRange": [208, 212],
          "type": "ShutterStrobe",
          "shutterEffect": "Open"
        },
        {
          "dmxRange": [213, 251],
          "type": "ShutterStrobe",
          "shutterEffect": "Strobe",
          "speedStart": "slow",
          "speedEnd": "fast",
          "randomTiming": true
        },
        {
          "dmxRange": [252, 255],
          "type": "ShutterStrobe",
          "shutterEffect": "Open"
        }
      ]
    },
    "Dimmer": {
      "capability": {
        "type": "Intensity"
      }
    },
    "Gobo Wheel": {
      "capabilities": [
        {
          "dmxRange": [0, 3],
          "type": "WheelSlot",
          "slotNumber": 1
        },
        {
          "dmxRange": [4, 7],
          "type": "WheelSlot",
          "slotNumber": 2
        },
        {
          "dmxRange": [8, 11],
          "type": "WheelSlot",
          "slotNumber": 3
        },
        {
          "dmxRange": [12, 15],
          "type": "WheelSlot",
          "slotNumber": 4
        },
        {
          "dmxRange": [16, 19],
          "type": "WheelSlot",
          "slotNumber": 5
        },
        {
          "dmxRange": [20, 23],
          "type": "WheelSlot",
          "slotNumber": 6
        },
        {
          "dmxRange": [24, 27],
          "type": "WheelSlot",
          "slotNumber": 7
        },
        {
          "dmxRange": [28, 31],
          "type": "WheelSlot",
          "slotNumber": 8
        },
        {
          "dmxRange": [32, 35],
          "type": "WheelSlot",
          "slotNumber": 9
        },
        {
          "dmxRange": [36, 39],
          "type": "WheelSlot",
          "slotNumber": 10
        },
        {
          "dmxRange": [40, 43],
          "type": "WheelSlot",
          "slotNumber": 11
        },
        {
          "dmxRange": [44, 47],
          "type": "WheelSlot",
          "slotNumber": 12
        },
        {
          "dmxRange": [48, 51],
          "type": "WheelSlot",
          "slotNumber": 13
        },
        {
          "dmxRange": [52, 55],
          "type": "WheelSlot",
          "slotNumber": 14
        },
        {
          "dmxRange": [56, 59],
          "type": "WheelSlot",
          "slotNumber": 15
        },
        {
          "dmxRange": [60, 63],
          "type": "WheelSlot",
          "slotNumber": 16
        },
        {
          "dmxRange": [64, 67],
          "type": "WheelSlot",
          "slotNumber": 17
        },
        {
          "dmxRange": [68, 71],
          "type": "WheelSlot",
          "slotNumber": 18
        },
        {
          "dmxRange": [72, 113],
          "type": "WheelRotation",
          "speedStart": "fast CCW",
          "speedEnd": "slow CCW"
        },
        {
          "dmxRange": [114, 117],
          "type": "WheelRotation",
          "speed": "stop"
        },
        {
          "dmxRange": [118, 159],
          "type": "WheelRotation",
          "speedStart": "slow CW",
          "speedEnd": "fast CW"
        },
        {
          "dmxRange": [160, 166],
          "type": "WheelShake",
          "slotNumber": 3,
          "shakeSpeedStart": "slow",
          "shakeSpeedEnd": "fast"
        },
        {
          "dmxRange": [167, 172],
          "type": "WheelShake",
          "slotNumber": 4,
          "shakeSpeedStart": "slow",
          "shakeSpeedEnd": "fast"
        },
        {
          "dmxRange": [173, 179],
          "type": "WheelShake",
          "slotNumber": 5,
          "shakeSpeedStart": "slow",
          "shakeSpeedEnd": "fast"
        },
        {
          "dmxRange": [180, 185],
          "type": "WheelShake",
          "slotNumber": 6,
          "shakeSpeedStart": "slow",
          "shakeSpeedEnd": "fast"
        },
        {
          "dmxRange": [186, 191],
          "type": "WheelShake",
          "slotNumber": 7,
          "shakeSpeedStart": "slow",
          "shakeSpeedEnd": "fast"
        },
        {
          "dmxRange": [192, 198],
          "type": "WheelShake",
          "slotNumber": 8,
          "shakeSpeedStart": "slow",
          "shakeSpeedEnd": "fast"
        },
        {
          "dmxRange": [199, 204],
          "type": "WheelShake",
          "slotNumber": 9,
          "shakeSpeedStart": "slow",
          "shakeSpeedEnd": "fast"
        },
        {
          "dmxRange": [205, 211],
          "type": "WheelShake",
          "slotNumber": 10,
          "shakeSpeedStart": "slow",
          "shakeSpeedEnd": "fast"
        },
        {
          "dmxRange": [212, 217],
          "type": "WheelShake",
          "slotNumber": 11,
          "shakeSpeedStart": "slow",
          "shakeSpeedEnd": "fast"
        },
        {
          "dmxRange": [218, 223],
          "type": "WheelShake",
          "slotNumber": 12,
          "shakeSpeedStart": "slow",
          "shakeSpeedEnd": "fast"
        },
        {
          "dmxRange": [224, 230],
          "type": "WheelShake",
          "slotNumber": 13,
          "shakeSpeedStart": "slow",
          "shakeSpeedEnd": "fast"
        },
        {
          "dmxRange": [231, 236],
          "type": "WheelShake",
          "slotNumber": 14,
          "shakeSpeedStart": "slow",
          "shakeSpeedEnd": "fast"
        },
        {
          "dmxRange": [237, 243],
          "type": "WheelShake",
          "slotNumber": 15,
          "shakeSpeedStart": "slow",
          "shakeSpeedEnd": "fast"
        },
        {
          "dmxRange": [244, 249],
          "type": "WheelShake",
          "slotNumber": 16,
          "shakeSpeedStart": "slow",
          "shakeSpeedEnd": "fast"
        },
        {
          "dmxRange": [250, 255],
          "type": "WheelShake",
          "slotNumber": 17,
          "shakeSpeedStart": "slow",
          "shakeSpeedEnd": "fast"
        }
      ]
    },
    "Prism": {
      "capabilities": [
        {
          "dmxRange": [0, 127],
          "type": "NoFunction"
        },
        {
          "dmxRange": [128, 255],
          "type": "Prism"
        }
      ]
    },
    "Prism Rotation": {
      "capabilities": [
        {
          "dmxRange": [0, 127],
          "type": "PrismRotation",
          "angleStart": "0deg",
          "angleEnd": "540deg"
        },
        {
          "dmxRange": [128, 190],
          "type": "PrismRotation",
          "speedStart": "fast CCW",
          "speedEnd": "slow CCW"
        },
        {
          "dmxRange": [191, 192],
          "type": "PrismRotation",
          "speed": "stop"
        },
        {
          "dmxRange": [193, 255],
          "type": "PrismRotation",
          "speedStart": "slow CW",
          "speedEnd": "fast CW"
        }
      ]
    },
    "Color Macros": {
      "capability": {
        "type": "Effect",
        "effectName": "Color and Prism macros",
        "helpWanted": "At which DMX values can which macros be selected?"
      }
    },
    "Frost": {
      "capabilities": [
        {
          "dmxRange": [0, 127],
          "type": "Frost",
          "frostIntensity": "off"
        },
        {
          "dmxRange": [128, 255],
          "type": "Frost",
          "frostIntensity": "high"
        }
      ]
    },
    "Focus": {
      "capability": {
        "type": "Focus",
        "distanceStart": "near",
        "distanceEnd": "far"
      }
    },
    "Pan": {
      "fineChannelAliases": ["Pan fine"],
      "defaultValue": "50%",
      "capability": {
        "type": "Pan",
        "angleStart": "0deg",
        "angleEnd": "540deg"
      }
    },
    "Tilt": {
      "fineChannelAliases": ["Tilt fine"],
      "defaultValue": "50%",
      "capability": {
        "type": "Tilt",
        "angleStart": "0deg",
        "angleEnd": "270deg"
      }
    },
    "Macros": {
      "capabilities": [
        {
          "dmxRange": [0, 11],
          "type": "NoFunction"
        },
        {
          "dmxRange": [12, 24],
          "type": "Effect",
          "effectName": "Macro 1"
        },
        {
          "dmxRange": [25, 37],
          "type": "Effect",
          "effectName": "Macro 2"
        },
        {
          "dmxRange": [38, 50],
          "type": "Effect",
          "effectName": "Macro 3"
        },
        {
          "dmxRange": [51, 62],
          "type": "Effect",
          "effectName": "Macro 4"
        },
        {
          "dmxRange": [63, 255],
          "type": "Effect",
          "effectName": "Macro 5"
        }
      ]
    },
    "Reset": {
      "capabilities": [
        {
          "dmxRange": [0, 62],
          "type": "NoFunction"
        },
        {
          "dmxRange": [63, 63],
          "type": "Maintenance",
          "comment": "Reset"
        },
        {
          "dmxRange": [64, 255],
          "type": "NoFunction"
        }
      ]
    },
    "Lamp": {
      "capabilities": [
        {
          "dmxRange": [0, 62],
          "type": "NoFunction"
        },
        {
          "dmxRange": [63, 63],
          "type": "Maintenance",
          "comment": "Lamp off"
        },
        {
          "dmxRange": [64, 177],
          "type": "NoFunction"
        },
        {
          "dmxRange": [178, 178],
          "type": "Maintenance",
          "comment": "Lamp on"
        },
        {
          "dmxRange": [179, 255],
          "type": "NoFunction"
        }
      ]
    }
  },
  "modes": [
    {
      "name": "16-channel",
      "shortName": "16ch",
      "channels": [
        "Color Wheel",
        "Strobe",
        "Dimmer",
        "Gobo Wheel",
        "Prism",
        "Prism Rotation",
        "Color Macros",
        "Frost",
        "Focus",
        "Pan",
        "Pan fine",
        "Tilt",
        "Tilt fine",
        "Macros",
        "Reset",
        "Lamp"
      ]
    }
  ],
  "fixtureKey": "beam-230",
  "manufacturerKey": "lite-tek",
  "oflURL": "https://open-fixture-library.org/lite-tek/beam-230"
}
