{
  "$schema": "https://raw.githubusercontent.com/OpenLightingProject/open-fixture-library/schema-12.1.0/schemas/fixture.json",
  "name": "LED Flood Panel 150",
  "shortName": "StairvilleFloodPanel150",
  "categories": ["Blinder", "Color Changer"],
  "meta": {
    "authors": ["Felix Edelmann"],
    "createDate": "2018-03-10",
    "lastModifyDate": "2018-08-09"
  },
  "links": {
    "manual": [
      "https://images.thomann.de/pics/prod/253358_manual_en.pdf"
    ],
    "video": [
      "https://www.youtube.com/watch?v=ntFuKR7bSfw"
    ]
  },
  "physical": {
    "dimensions": [200, 210, 68],
    "weight": 1.8,
    "power": 20,
    "DMXconnector": "3-pin",
    "bulb": {
      "type": "48 red, 51 green and 51 blue 10mm LEDs"
    },
    "lens": {
      "degreesMinMax": [20, 20]
    }
  },
  "availableChannels": {
    "Red": {
      "defaultValue": 0,
      "capability": {
        "type": "ColorIntensity",
        "color": "Red"
      }
    },
    "Green": {
      "defaultValue": 0,
      "capability": {
        "type": "ColorIntensity",
        "color": "Green"
      }
    },
    "Blue": {
      "defaultValue": 0,
      "capability": {
        "type": "ColorIntensity",
        "color": "Blue"
      }
    },
    "Dimmer": {
      "defaultValue": 0,
      "capability": {
        "type": "Intensity"
      }
    },
    "Color Presets": {
      "capabilities": [
        {
          "dmxRange": [0, 8],
          "type": "ColorPreset",
          "colors": ["#ff0000"],
          "comment": "Red"
        },
        {
          "dmxRange": [9, 17],
          "type": "ColorPreset",
          "colors": ["#ff3200"],
          "comment": "Red: 255, Green: 50"
        },
        {
          "dmxRange": [18, 26],
          "type": "ColorPreset",
          "colors": ["#ff9600"],
          "comment": "Red: 255, Green: 150"
        },
        {
          "dmxRange": [27, 35],
          "type": "ColorPreset",
          "colors": ["#ffff00"],
          "comment": "Yellow"
        },
        {
          "dmxRange": [36, 44],
          "type": "ColorPreset",
          "colors": ["#c8ff00"],
          "comment": "Red: 200, Green: 255"
        },
        {
          "dmxRange": [45, 53],
          "type": "ColorPreset",
          "colors": ["#64ff00"],
          "comment": "Red: 100, Green: 255"
        },
        {
          "dmxRange": [54, 62],
          "type": "ColorPreset",
          "colors": ["#28ff00"],
          "comment": "Red: 40, Green: 255"
        },
        {
          "dmxRange": [63, 71],
          "type": "ColorPreset",
          "colors": ["#00ff00"],
          "comment": "Green"
        },
        {
          "dmxRange": [72, 80],
          "type": "ColorPreset",
          "colors": ["#00ff32"],
          "comment": "Green: 255, Blue: 50"
        },
        {
          "dmxRange": [81, 89],
          "type": "ColorPreset",
          "colors": ["#00ff96"],
          "comment": "Green: 255, Blue: 150"
        },
        {
          "dmxRange": [90, 98],
          "type": "ColorPreset",
          "colors": ["#00ffff"],
          "comment": "Cyan"
        },
        {
          "dmxRange": [99, 107],
          "type": "ColorPreset",
          "colors": ["#0096ff"],
          "comment": "Green: 150, Blue: 255"
        },
        {
          "dmxRange": [108, 116],
          "type": "ColorPreset",
          "colors": ["#0032ff"],
          "comment": "Green: 50, Blue: 255"
        },
        {
          "dmxRange": [117, 125],
          "type": "ColorPreset",
          "colors": ["#0000ff"],
          "comment": "Blue"
        },
        {
          "dmxRange": [126, 134],
          "type": "ColorPreset",
          "colors": ["#3200ff"],
          "comment": "Red: 50, Blue: 255"
        },
        {
          "dmxRange": [135, 143],
          "type": "ColorPreset",
          "colors": ["#9600ff"],
          "comment": "Red: 150, Blue: 255"
        },
        {
          "dmxRange": [144, 152],
          "type": "ColorPreset",
          "colors": ["#ff00ff"],
          "comment": "Magenta"
        },
        {
          "dmxRange": [153, 161],
          "type": "ColorPreset",
          "colors": ["#dc00ff"],
          "comment": "Red: 220, Blue: 255"
        },
        {
          "dmxRange": [162, 170],
          "type": "ColorPreset",
          "colors": ["#963264"],
          "comment": "Red: 150, Green: 50, Blue: 100"
        },
        {
          "dmxRange": [171, 179],
          "type": "ColorPreset",
          "colors": ["#32b4dc"],
          "comment": "Red: 50, Green: 180, Blue: 220"
        },
        {
          "dmxRange": [180, 188],
          "type": "ColorPreset",
          "colors": ["#32dc64"],
          "comment": "Red: 50, Green: 220, Blue: 100"
        },
        {
          "dmxRange": [189, 197],
          "type": "ColorPreset",
          "colors": ["#96dc00"],
          "comment": "Red: 150, Green: 220"
        },
        {
          "dmxRange": [198, 206],
          "type": "ColorPreset",
          "colors": ["#9600dc"],
          "comment": "Red: 150, Blue: 220"
        },
        {
          "dmxRange": [207, 215],
          "type": "ColorPreset",
          "colors": ["#00b4dc"],
          "comment": "Green: 180, Blue: 220"
        },
        {
          "dmxRange": [216, 224],
          "type": "ColorPreset",
          "colors": ["#00dc32"],
          "comment": "Green: 220, Blue: 50"
        },
        {
          "dmxRange": [225, 233],
          "type": "ColorPreset",
          "colors": ["#dc6432"],
          "comment": "Red: 220, Green: 100, Blue: 50"
        },
        {
          "dmxRange": [234, 242],
          "type": "ColorPreset",
          "colors": ["#dcc864"],
          "comment": "Red: 220, Green: 200, Blue: 100"
        },
        {
          "dmxRange": [243, 251],
          "type": "ColorPreset",
          "colors": ["#ffc896"],
          "comment": "Red: 255, Green: 200, Blue: 150"
        },
        {
          "dmxRange": [252, 255],
          "type": "ColorPreset",
          "colors": ["#ffffff"],
          "comment": "White"
        }
      ]
    },
    "Program Speed": {
      "capability": {
        "type": "EffectSpeed",
        "speedStart": "slow",
        "speedEnd": "fast"
      }
    },
    "Sound Sensitivity": {
      "capability": {
        "type": "SoundSensitivity",
        "soundSensitivityStart": "low",
        "soundSensitivityEnd": "high"
      }
    },
    "Strobe": {
      "defaultValue": 0,
      "capabilities": [
        {
          "dmxRange": [0, 9],
          "type": "NoFunction"
        },
        {
          "dmxRange": [10, 255],
          "type": "ShutterStrobe",
          "shutterEffect": "Strobe",
          "speedStart": "slow",
          "speedEnd": "fast"
        }
      ]
    },
    "Internal Programs": {
      "defaultValue": 0,
      "capabilities": [
        {
          "dmxRange": [0, 0],
          "type": "NoFunction",
          "switchChannels": {
            "Red / Color Presets / Program Speed / Sound Sensitivity": "Red"
          }
        },
        {
          "dmxRange": [1, 24],
          "type": "Effect",
          "effectName": "Color presets",
          "switchChannels": {
            "Red / Color Presets / Program Speed / Sound Sensitivity": "Color Presets"
          }
        },
        {
          "dmxRange": [25, 49],
          "type": "Effect",
          "effectPreset": "ColorFade",
          "comment": "7-color",
          "switchChannels": {
            "Red / Color Presets / Program Speed / Sound Sensitivity": "Program Speed"
          }
        },
        {
          "dmxRange": [50, 74],
          "type": "Effect",
          "effectPreset": "ColorFade",
          "comment": "3-color",
          "switchChannels": {
            "Red / Color Presets / Program Speed / Sound Sensitivity": "Program Speed"
          }
        },
        {
          "dmxRange": [75, 99],
          "type": "Effect",
          "effectPreset": "ColorJump",
          "comment": "7-color",
          "switchChannels": {
            "Red / Color Presets / Program Speed / Sound Sensitivity": "Program Speed"
          }
        },
        {
          "dmxRange": [100, 124],
          "type": "Effect",
          "effectPreset": "ColorJump",
          "comment": "3-color",
          "switchChannels": {
            "Red / Color Presets / Program Speed / Sound Sensitivity": "Program Speed"
          }
        },
        {
          "dmxRange": [125, 149],
          "type": "Effect",
          "effectName": "Fantasy change 1",
          "switchChannels": {
            "Red / Color Presets / Program Speed / Sound Sensitivity": "Program Speed"
          }
        },
        {
          "dmxRange": [150, 174],
          "type": "Effect",
          "effectName": "Fantasy change 2",
          "switchChannels": {
            "Red / Color Presets / Program Speed / Sound Sensitivity": "Program Speed"
          }
        },
        {
          "dmxRange": [175, 199],
          "type": "Effect",
          "effectName": "Red fading",
          "switchChannels": {
            "Red / Color Presets / Program Speed / Sound Sensitivity": "Program Speed"
          }
        },
        {
          "dmxRange": [200, 224],
          "type": "Effect",
          "effectName": "Green fading",
          "switchChannels": {
            "Red / Color Presets / Program Speed / Sound Sensitivity": "Program Speed"
          }
        },
        {
          "dmxRange": [225, 249],
          "type": "Effect",
          "effectName": "Blue fading",
          "switchChannels": {
            "Red / Color Presets / Program Speed / Sound Sensitivity": "Program Speed"
          }
        },
        {
          "dmxRange": [250, 255],
          "type": "Effect",
          "effectName": "Sound control",
          "soundControlled": true,
          "switchChannels": {
            "Red / Color Presets / Program Speed / Sound Sensitivity": "Sound Sensitivity"
          }
        }
      ]
    },
    "ID Select": {
      "defaultValue": 0,
      "capabilities": [
        {
          "dmxRange": [0, 9],
          "type": "Maintenance",
          "comment": "All IDs (1-66)"
        },
        {
          "dmxRange": [10, 19],
          "type": "Maintenance",
          "comment": "ID 1"
        },
        {
          "dmxRange": [20, 29],
          "type": "Maintenance",
          "comment": "ID 2"
        },
        {
          "dmxRange": [30, 39],
          "type": "Maintenance",
          "comment": "ID 3"
        },
        {
          "dmxRange": [40, 49],
          "type": "Maintenance",
          "comment": "ID 4"
        },
        {
          "dmxRange": [50, 59],
          "type": "Maintenance",
          "comment": "ID 5"
        },
        {
          "dmxRange": [60, 69],
          "type": "Maintenance",
          "comment": "ID 6"
        },
        {
          "dmxRange": [70, 79],
          "type": "Maintenance",
          "comment": "ID 7"
        },
        {
          "dmxRange": [80, 89],
          "type": "Maintenance",
          "comment": "ID 8"
        },
        {
          "dmxRange": [90, 99],
          "type": "Maintenance",
          "comment": "ID 9"
        },
        {
          "dmxRange": [100, 109],
          "type": "Maintenance",
          "comment": "ID 10"
        },
        {
          "dmxRange": [110, 119],
          "type": "Maintenance",
          "comment": "ID 11"
        },
        {
          "dmxRange": [120, 129],
          "type": "Maintenance",
          "comment": "ID 12"
        },
        {
          "dmxRange": [130, 139],
          "type": "Maintenance",
          "comment": "ID 13"
        },
        {
          "dmxRange": [140, 149],
          "type": "Maintenance",
          "comment": "ID 14"
        },
        {
          "dmxRange": [150, 159],
          "type": "Maintenance",
          "comment": "ID 15"
        },
        {
          "dmxRange": [160, 169],
          "type": "Maintenance",
          "comment": "ID 16"
        },
        {
          "dmxRange": [170, 179],
          "type": "Maintenance",
          "comment": "ID 17"
        },
        {
          "dmxRange": [180, 189],
          "type": "Maintenance",
          "comment": "ID 18"
        },
        {
          "dmxRange": [190, 199],
          "type": "Maintenance",
          "comment": "ID 19"
        },
        {
          "dmxRange": [200, 209],
          "type": "Maintenance",
          "comment": "ID 20"
        },
        {
          "dmxRange": [210, 210],
          "type": "Maintenance",
          "comment": "ID 21"
        },
        {
          "dmxRange": [211, 211],
          "type": "Maintenance",
          "comment": "ID 22"
        },
        {
          "dmxRange": [212, 212],
          "type": "Maintenance",
          "comment": "ID 23"
        },
        {
          "dmxRange": [213, 213],
          "type": "Maintenance",
          "comment": "ID 24"
        },
        {
          "dmxRange": [214, 214],
          "type": "Maintenance",
          "comment": "ID 25"
        },
        {
          "dmxRange": [215, 215],
          "type": "Maintenance",
          "comment": "ID 26"
        },
        {
          "dmxRange": [216, 216],
          "type": "Maintenance",
          "comment": "ID 27"
        },
        {
          "dmxRange": [217, 217],
          "type": "Maintenance",
          "comment": "ID 28"
        },
        {
          "dmxRange": [218, 218],
          "type": "Maintenance",
          "comment": "ID 29"
        },
        {
          "dmxRange": [219, 219],
          "type": "Maintenance",
          "comment": "ID 30"
        },
        {
          "dmxRange": [220, 220],
          "type": "Maintenance",
          "comment": "ID 31"
        },
        {
          "dmxRange": [221, 221],
          "type": "Maintenance",
          "comment": "ID 32"
        },
        {
          "dmxRange": [222, 222],
          "type": "Maintenance",
          "comment": "ID 33"
        },
        {
          "dmxRange": [223, 223],
          "type": "Maintenance",
          "comment": "ID 34"
        },
        {
          "dmxRange": [224, 224],
          "type": "Maintenance",
          "comment": "ID 35"
        },
        {
          "dmxRange": [225, 225],
          "type": "Maintenance",
          "comment": "ID 36"
        },
        {
          "dmxRange": [226, 226],
          "type": "Maintenance",
          "comment": "ID 37"
        },
        {
          "dmxRange": [227, 227],
          "type": "Maintenance",
          "comment": "ID 38"
        },
        {
          "dmxRange": [228, 228],
          "type": "Maintenance",
          "comment": "ID 39"
        },
        {
          "dmxRange": [229, 229],
          "type": "Maintenance",
          "comment": "ID 40"
        },
        {
          "dmxRange": [230, 230],
          "type": "Maintenance",
          "comment": "ID 41"
        },
        {
          "dmxRange": [231, 231],
          "type": "Maintenance",
          "comment": "ID 42"
        },
        {
          "dmxRange": [232, 232],
          "type": "Maintenance",
          "comment": "ID 43"
        },
        {
          "dmxRange": [233, 233],
          "type": "Maintenance",
          "comment": "ID 44"
        },
        {
          "dmxRange": [234, 234],
          "type": "Maintenance",
          "comment": "ID 45"
        },
        {
          "dmxRange": [235, 235],
          "type": "Maintenance",
          "comment": "ID 46"
        },
        {
          "dmxRange": [236, 236],
          "type": "Maintenance",
          "comment": "ID 47"
        },
        {
          "dmxRange": [237, 237],
          "type": "Maintenance",
          "comment": "ID 48"
        },
        {
          "dmxRange": [238, 238],
          "type": "Maintenance",
          "comment": "ID 49"
        },
        {
          "dmxRange": [239, 239],
          "type": "Maintenance",
          "comment": "ID 50"
        },
        {
          "dmxRange": [240, 240],
          "type": "Maintenance",
          "comment": "ID 51"
        },
        {
          "dmxRange": [241, 241],
          "type": "Maintenance",
          "comment": "ID 52"
        },
        {
          "dmxRange": [242, 242],
          "type": "Maintenance",
          "comment": "ID 53"
        },
        {
          "dmxRange": [243, 243],
          "type": "Maintenance",
          "comment": "ID 54"
        },
        {
          "dmxRange": [244, 244],
          "type": "Maintenance",
          "comment": "ID 55"
        },
        {
          "dmxRange": [245, 245],
          "type": "Maintenance",
          "comment": "ID 56"
        },
        {
          "dmxRange": [246, 246],
          "type": "Maintenance",
          "comment": "ID 57"
        },
        {
          "dmxRange": [247, 247],
          "type": "Maintenance",
          "comment": "ID 58"
        },
        {
          "dmxRange": [248, 248],
          "type": "Maintenance",
          "comment": "ID 59"
        },
        {
          "dmxRange": [249, 249],
          "type": "Maintenance",
          "comment": "ID 60"
        },
        {
          "dmxRange": [250, 250],
          "type": "Maintenance",
          "comment": "ID 61"
        },
        {
          "dmxRange": [251, 251],
          "type": "Maintenance",
          "comment": "ID 62"
        },
        {
          "dmxRange": [252, 252],
          "type": "Maintenance",
          "comment": "ID 63"
        },
        {
          "dmxRange": [253, 253],
          "type": "Maintenance",
          "comment": "ID 64"
        },
        {
          "dmxRange": [254, 254],
          "type": "Maintenance",
          "comment": "ID 65"
        },
        {
          "dmxRange": [255, 255],
          "type": "Maintenance",
          "comment": "ID 66"
        }
      ]
    },
    "Dimmer Delay": {
      "capabilities": [
        {
          "dmxRange": [0, 250],
          "type": "Maintenance",
          "comment": "Instant"
        },
        {
          "dmxRange": [251, 255],
          "type": "Maintenance",
          "comment": "Delayed"
        }
      ]
    }
  },
  "modes": [
    {
      "name": "3-channel",
      "shortName": "3ch",
      "channels": [
        "Red",
        "Green",
        "Blue"
      ]
    },
    {
      "name": "4-channel",
      "shortName": "4ch",
      "channels": [
        "Dimmer",
        "Red",
        "Green",
        "Blue"
      ]
    },
    {
      "name": "8-channel",
      "shortName": "8ch",
      "channels": [
        "Dimmer",
        "Red / Color Presets / Program Speed / Sound Sensitivity",
        "Green",
        "Blue",
        "Strobe",
        "Internal Programs",
        "ID Select",
        "Dimmer Delay"
      ]
    }
  ],
  "fixtureKey": "led-flood-panel-150",
  "manufacturerKey": "stairville",
  "oflURL": "https://open-fixture-library.org/stairville/led-flood-panel-150"
}
