{
  "$schema": "https://raw.githubusercontent.com/OpenLightingProject/open-fixture-library/schema-12.1.0/schemas/fixture.json",
  "name": "MH-100",
  "shortName": "svlmh100",
  "categories": ["Moving Head", "Color Changer"],
  "meta": {
    "authors": ["Anonymous"],
    "createDate": "2017-10-28",
    "lastModifyDate": "2018-09-04"
  },
  "links": {
    "manual": [
      "https://images.thomann.de/pics/atg/atgdata/document/manual/c_325876_en_online.pdf"
    ],
    "video": [
      "https://www.youtube.com/watch?v=fasqGFMdPOU",
      "https://www.youtube.com/watch?v=Qk0iHZVd5-s"
    ]
  },
  "physical": {
    "dimensions": [260, 310, 148],
    "weight": 4.9,
    "power": 150,
    "DMXconnector": "3-pin",
    "bulb": {
      "type": "36 × 3 W LEDs (8 × red, 10 × green, 10 × blue, 8 × white)"
    },
    "lens": {
      "degreesMinMax": [8, 8]
    }
  },
  "availableChannels": {
    "Pan": {
      "fineChannelAliases": ["Pan fine"],
      "defaultValue": "50%",
      "capability": {
        "type": "Pan",
        "angleStart": "0deg",
        "angleEnd": "630deg"
      }
    },
    "Tilt": {
      "fineChannelAliases": ["Tilt fine"],
      "defaultValue": "50%",
      "capability": {
        "type": "Tilt",
        "angleStart": "0deg",
        "angleEnd": "220deg"
      }
    },
    "Pan/Tilt Speed": {
      "capability": {
        "type": "PanTiltSpeed",
        "speedStart": "fast",
        "speedEnd": "slow"
      }
    },
    "Dimmer": {
      "capability": {
        "type": "Intensity"
      }
    },
    "Red": {
      "capability": {
        "type": "ColorIntensity",
        "color": "Red"
      }
    },
    "Green": {
      "capability": {
        "type": "ColorIntensity",
        "color": "Green"
      }
    },
    "Blue": {
      "capability": {
        "type": "ColorIntensity",
        "color": "Blue"
      }
    },
    "White": {
      "capability": {
        "type": "ColorIntensity",
        "color": "White"
      }
    },
    "Color Temperature": {
      "capabilities": [
        {
          "dmxRange": [0, 35],
          "type": "ShutterStrobe",
          "shutterEffect": "Closed"
        },
        {
          "dmxRange": [36, 55],
          "type": "ColorTemperature",
          "colorTemperature": "3200K"
        },
        {
          "dmxRange": [56, 75],
          "type": "ColorTemperature",
          "colorTemperature": "3400K"
        },
        {
          "dmxRange": [76, 95],
          "type": "ColorTemperature",
          "colorTemperature": "4200K"
        },
        {
          "dmxRange": [96, 115],
          "type": "ColorTemperature",
          "colorTemperature": "4900K"
        },
        {
          "dmxRange": [116, 135],
          "type": "ColorTemperature",
          "colorTemperature": "5600K"
        },
        {
          "dmxRange": [136, 175],
          "type": "ColorTemperature",
          "colorTemperature": "6500K"
        },
        {
          "dmxRange": [176, 195],
          "type": "ColorTemperature",
          "colorTemperature": "7200K"
        },
        {
          "dmxRange": [196, 215],
          "type": "ColorTemperature",
          "colorTemperature": "8000K"
        },
        {
          "dmxRange": [216, 235],
          "type": "ColorTemperature",
          "colorTemperature": "8500K"
        },
        {
          "dmxRange": [236, 255],
          "type": "ColorTemperature",
          "colorTemperature": "10000K"
        }
      ]
    },
    "Constant Color": {
      "capabilities": [
        {
          "dmxRange": [0, 14],
          "type": "ShutterStrobe",
          "shutterEffect": "Closed"
        },
        {
          "dmxRange": [15, 255],
          "type": "ColorPreset",
          "comment": "One of 28 preprogrammed colors",
          "helpWanted": "Which 28 preprogrammed colors?"
        }
      ]
    },
    "Strobe": {
      "capabilities": [
        {
          "dmxRange": [0, 19],
          "type": "NoFunction"
        },
        {
          "dmxRange": [20, 255],
          "type": "ShutterStrobe",
          "shutterEffect": "Strobe",
          "speedStart": "slow",
          "speedEnd": "fast"
        }
      ]
    },
    "Special Functions": {
      "capabilities": [
        {
          "dmxRange": [0, 99],
          "type": "NoFunction"
        },
        {
          "dmxRange": [100, 199],
          "type": "Maintenance",
          "comment": "Sound control"
        },
        {
          "dmxRange": [200, 255],
          "type": "Maintenance",
          "comment": "Reset",
          "hold": "5s"
        }
      ]
    }
  },
  "modes": [
    {
      "name": "9-Channel",
      "shortName": "9ch",
      "channels": [
        "Pan",
        "Tilt",
        "Pan/Tilt Speed",
        "Dimmer",
        "Red",
        "Green",
        "Blue",
        "White",
        "Strobe"
      ]
    },
    {
      "name": "14-Channel",
      "shortName": "14ch",
      "channels": [
        "Pan",
        "Pan fine",
        "Tilt",
        "Tilt fine",
        "Pan/Tilt Speed",
        "Dimmer",
        "Red",
        "Green",
        "Blue",
        "White",
        "Color Temperature",
        "Constant Color",
        "Strobe",
        "Special Functions"
      ]
    }
  ],
  "fixtureKey": "mh-100",
  "manufacturerKey": "stairville",
  "oflURL": "https://open-fixture-library.org/stairville/mh-100"
}
