{
  "$schema": "https://raw.githubusercontent.com/OpenLightingProject/open-fixture-library/schema-12.1.0/schemas/fixture.json",
  "name": "MH-x30 LED Spot",
  "shortName": "StairvilleMHx30Spot",
  "categories": ["Moving Head", "Color Changer"],
  "meta": {
    "authors": ["Voyo"],
    "createDate": "2019-07-22",
    "lastModifyDate": "2019-12-22"
  },
  "links": {
    "manual": [
      "https://images.thomann.de/pics/atg/atgdata/document/manual/398853_c_398853_v2_en_online.pdf"
    ],
    "productPage": [
      "https://www.thomann.de/intl/stairville_mh_x30_led_spot_moving_head.htm"
    ],
    "video": [
      "https://video2.thomann.de/vidiot/02591c1c/video_i5728p10_yd59vqpa.mp4"
    ]
  },
  "physical": {
    "dimensions": [280, 374, 150],
    "weight": 5.8,
    "power": 94,
    "DMXconnector": "3-pin",
    "bulb": {
      "type": "30W white LED",
      "colorTemperature": 6000
    },
    "lens": {
      "degreesMinMax": [14, 14]
    }
  },
  "wheels": {
    "Color Wheel": {
      "slots": [
        {
          "type": "Color",
          "name": "White",
          "colors": ["#ffffff"]
        },
        {
          "type": "Color",
          "name": "Red",
          "colors": ["#ff0000"]
        },
        {
          "type": "Color",
          "name": "Green",
          "colors": ["#00ff00"]
        },
        {
          "type": "Color",
          "name": "Light blue",
          "colors": ["#00ccff"]
        },
        {
          "type": "Color",
          "name": "Purple",
          "colors": ["#ff00ff"]
        },
        {
          "type": "Color",
          "name": "Light yellow",
          "colors": ["#ffff99"]
        },
        {
          "type": "Color",
          "name": "Blue",
          "colors": ["#0000ff"]
        },
        {
          "type": "Color",
          "name": "Yellow",
          "colors": ["#ffff00"]
        }
      ]
    },
    "Gobo Wheel": {
      "slots": [
        {
          "type": "Open"
        },
        {
          "type": "Gobo"
        },
        {
          "type": "Gobo"
        },
        {
          "type": "Gobo"
        },
        {
          "type": "Gobo"
        },
        {
          "type": "Gobo"
        },
        {
          "type": "Gobo"
        },
        {
          "type": "Gobo"
        }
      ]
    }
  },
  "availableChannels": {
    "Pan": {
      "fineChannelAliases": ["Pan fine"],
      "capability": {
        "type": "Pan",
        "angleStart": "0deg",
        "angleEnd": "540deg"
      }
    },
    "Tilt": {
      "fineChannelAliases": ["Tilt fine"],
      "capability": {
        "type": "Tilt",
        "angleStart": "0deg",
        "angleEnd": "200deg"
      }
    },
    "Pan/Tilt Speed": {
      "capability": {
        "type": "PanTiltSpeed",
        "speedStart": "fast",
        "speedEnd": "slow"
      }
    },
    "Dimmer": {
      "capability": {
        "type": "Intensity"
      }
    },
    "Strobe": {
      "capabilities": [
        {
          "dmxRange": [0, 10],
          "type": "NoFunction"
        },
        {
          "dmxRange": [11, 128],
          "type": "ShutterStrobe",
          "shutterEffect": "Strobe",
          "speedStart": "0Hz",
          "speedEnd": "20Hz",
          "randomTiming": true
        },
        {
          "dmxRange": [129, 255],
          "type": "ShutterStrobe",
          "shutterEffect": "Strobe",
          "speedStart": "0Hz",
          "speedEnd": "20Hz"
        }
      ]
    },
    "Color Wheel": {
      "capabilities": [
        {
          "dmxRange": [0, 11],
          "type": "WheelSlot",
          "slotNumber": 1
        },
        {
          "dmxRange": [12, 23],
          "type": "WheelSlot",
          "slotNumber": 2
        },
        {
          "dmxRange": [24, 35],
          "type": "WheelSlot",
          "slotNumber": 3
        },
        {
          "dmxRange": [36, 47],
          "type": "WheelSlot",
          "slotNumber": 4
        },
        {
          "dmxRange": [48, 59],
          "type": "WheelSlot",
          "slotNumber": 5
        },
        {
          "dmxRange": [60, 71],
          "type": "WheelSlot",
          "slotNumber": 6
        },
        {
          "dmxRange": [72, 83],
          "type": "WheelSlot",
          "slotNumber": 7
        },
        {
          "dmxRange": [84, 95],
          "type": "WheelSlot",
          "slotNumber": 8
        },
        {
          "dmxRange": [96, 107],
          "type": "WheelSlot",
          "slotNumber": 1.5
        },
        {
          "dmxRange": [108, 119],
          "type": "WheelSlot",
          "slotNumber": 2.5
        },
        {
          "dmxRange": [120, 131],
          "type": "WheelSlot",
          "slotNumber": 3.5
        },
        {
          "dmxRange": [132, 143],
          "type": "WheelSlot",
          "slotNumber": 4.5
        },
        {
          "dmxRange": [144, 155],
          "type": "WheelSlot",
          "slotNumber": 5.5
        },
        {
          "dmxRange": [156, 167],
          "type": "WheelSlot",
          "slotNumber": 6.5
        },
        {
          "dmxRange": [168, 179],
          "type": "WheelSlot",
          "slotNumber": 7.5
        },
        {
          "dmxRange": [180, 191],
          "type": "WheelSlot",
          "slotNumber": 8.5
        },
        {
          "dmxRange": [192, 223],
          "type": "WheelRotation",
          "speedStart": "fast CW",
          "speedEnd": "slow CW"
        },
        {
          "dmxRange": [224, 255],
          "type": "WheelRotation",
          "speedStart": "slow CCW",
          "speedEnd": "fast CCW"
        }
      ]
    },
    "Gobo Wheel": {
      "capabilities": [
        {
          "dmxRange": [0, 11],
          "type": "WheelSlot",
          "slotNumber": 1
        },
        {
          "dmxRange": [12, 23],
          "type": "WheelSlot",
          "slotNumber": 2
        },
        {
          "dmxRange": [24, 35],
          "type": "WheelSlot",
          "slotNumber": 3
        },
        {
          "dmxRange": [36, 47],
          "type": "WheelSlot",
          "slotNumber": 4
        },
        {
          "dmxRange": [48, 59],
          "type": "WheelSlot",
          "slotNumber": 5
        },
        {
          "dmxRange": [60, 71],
          "type": "WheelSlot",
          "slotNumber": 6
        },
        {
          "dmxRange": [72, 83],
          "type": "WheelSlot",
          "slotNumber": 7
        },
        {
          "dmxRange": [84, 95],
          "type": "WheelSlot",
          "slotNumber": 8
        },
        {
          "dmxRange": [96, 107],
          "type": "WheelShake",
          "slotNumber": 2,
          "shakeSpeedStart": "slow",
          "shakeSpeedEnd": "fast"
        },
        {
          "dmxRange": [108, 119],
          "type": "WheelShake",
          "slotNumber": 3,
          "shakeSpeedStart": "slow",
          "shakeSpeedEnd": "fast"
        },
        {
          "dmxRange": [120, 131],
          "type": "WheelShake",
          "slotNumber": 4,
          "shakeSpeedStart": "slow",
          "shakeSpeedEnd": "fast"
        },
        {
          "dmxRange": [132, 143],
          "type": "WheelShake",
          "slotNumber": 5,
          "shakeSpeedStart": "slow",
          "shakeSpeedEnd": "fast"
        },
        {
          "dmxRange": [144, 155],
          "type": "WheelShake",
          "slotNumber": 6,
          "shakeSpeedStart": "slow",
          "shakeSpeedEnd": "fast"
        },
        {
          "dmxRange": [156, 167],
          "type": "WheelShake",
          "slotNumber": 7,
          "shakeSpeedStart": "slow",
          "shakeSpeedEnd": "fast"
        },
        {
          "dmxRange": [168, 179],
          "type": "WheelShake",
          "slotNumber": 8,
          "shakeSpeedStart": "slow",
          "shakeSpeedEnd": "fast"
        },
        {
          "dmxRange": [180, 191],
          "type": "WheelSlot",
          "slotNumber": 1
        },
        {
          "dmxRange": [192, 223],
          "type": "WheelRotation",
          "speedStart": "fast CW",
          "speedEnd": "slow CW"
        },
        {
          "dmxRange": [224, 255],
          "type": "WheelRotation",
          "speedStart": "slow CCW",
          "speedEnd": "fast CCW"
        }
      ]
    },
    "Gobo Rotation": {
      "capabilities": [
        {
          "dmxRange": [0, 127],
          "type": "WheelSlotRotation",
          "wheel": "Gobo Wheel",
          "angleStart": "0deg",
          "angleEnd": "360deg"
        },
        {
          "dmxRange": [128, 191],
          "type": "WheelSlotRotation",
          "wheel": "Gobo Wheel",
          "speedStart": "slow CW",
          "speedEnd": "fast CW"
        },
        {
          "dmxRange": [192, 255],
          "type": "WheelSlotRotation",
          "wheel": "Gobo Wheel",
          "speedStart": "slow CCW",
          "speedEnd": "fast CCW"
        }
      ]
    },
    "Focus": {
      "capability": {
        "type": "Focus",
        "distanceStart": "near",
        "distanceEnd": "far"
      }
    },
    "Maintenance": {
      "capabilities": [
        {
          "dmxRange": [0, 9],
          "type": "NoFunction"
        },
        {
          "dmxRange": [10, 20],
          "type": "Maintenance",
          "comment": "Reset",
          "hold": "5s"
        },
        {
          "dmxRange": [21, 255],
          "type": "NoFunction"
        }
      ]
    }
  },
  "modes": [
    {
      "name": "9-channel",
      "shortName": "9ch",
      "channels": [
        "Pan",
        "Tilt",
        "Pan/Tilt Speed",
        "Dimmer",
        "Strobe",
        "Color Wheel",
        "Gobo Wheel",
        "Gobo Rotation",
        "Focus"
      ]
    },
    {
      "name": "12-channel",
      "shortName": "12ch",
      "channels": [
        "Pan",
        "Pan fine",
        "Tilt",
        "Tilt fine",
        "Pan/Tilt Speed",
        "Dimmer",
        "Strobe",
        "Color Wheel",
        "Gobo Wheel",
        "Gobo Rotation",
        "Focus",
        "Maintenance"
      ]
    }
  ],
  "fixtureKey": "mh-x30-led-spot",
  "manufacturerKey": "stairville",
  "oflURL": "https://open-fixture-library.org/stairville/mh-x30-led-spot"
}
