{
  "$schema": "https://raw.githubusercontent.com/OpenLightingProject/open-fixture-library/schema-12.1.0/schemas/fixture.json",
  "name": "Sparkular Fall",
  "categories": ["Effect"],
  "meta": {
    "authors": ["Alejo Cervera"],
    "createDate": "2018-06-13",
    "lastModifyDate": "2018-08-09"
  },
  "links": {
    "manual": [
      "http://www.vlammen.com/sparkular/Sparkular%20fall.pdf"
    ],
    "productPage": [
      "https://showven.en.alibaba.com/product/60694495911-805413758/Sparkular_FALL_from_SHOWVEN.html"
    ],
    "video": [
      "https://www.youtube.com/watch?v=nCAtCLBoXxs"
    ]
  },
  "physical": {
    "dimensions": [192, 208, 192],
    "weight": 6,
    "power": 400,
    "DMXconnector": "3-pin"
  },
  "availableChannels": {
    "Fountain": {
      "defaultValue": 0,
      "precedence": "HTP",
      "capabilities": [
        {
          "dmxRange": [0, 15],
          "type": "NoFunction",
          "comment": "Fountain off"
        },
        {
          "dmxRange": [16, 135],
          "type": "EffectParameter",
          "parameter": "low",
          "comment": "Fountain level"
        },
        {
          "dmxRange": [136, 255],
          "type": "EffectParameter",
          "parameter": "high",
          "comment": "Fountain level"
        }
      ]
    },
    "Control": {
      "precedence": "LTP",
      "capabilities": [
        {
          "dmxRange": [0, 10],
          "type": "Maintenance",
          "comment": "Pre-Heat OFF"
        },
        {
          "dmxRange": [11, 19],
          "type": "NoFunction"
        },
        {
          "dmxRange": [20, 40],
          "type": "Maintenance",
          "comment": "Emergency Stop"
        },
        {
          "dmxRange": [41, 59],
          "type": "NoFunction"
        },
        {
          "dmxRange": [60, 80],
          "type": "Maintenance",
          "comment": "Clear Material"
        },
        {
          "dmxRange": [81, 239],
          "type": "NoFunction"
        },
        {
          "dmxRange": [240, 255],
          "type": "Maintenance",
          "comment": "Pre-Heat ON"
        }
      ]
    }
  },
  "modes": [
    {
      "name": "Default",
      "channels": [
        "Fountain",
        "Control"
      ]
    }
  ],
  "fixtureKey": "sparkular-fall",
  "manufacturerKey": "showven",
  "oflURL": "https://open-fixture-library.org/showven/sparkular-fall"
}
