{
  "$schema": "https://raw.githubusercontent.com/OpenLightingProject/open-fixture-library/schema-12.1.0/schemas/fixture.json",
  "name": "Ribalta Beam",
  "categories": ["Pixel Bar", "Color Changer"],
  "meta": {
    "authors": ["txukinho", "pedro hugo", "Felix Edelmann"],
    "createDate": "2018-10-16",
    "lastModifyDate": "2018-10-16"
  },
  "links": {
    "productPage": [
      "http://skypixlight.com.br/produto.php?produto=SK-RBB01"
    ]
  },
  "helpWanted": "The 38-channel mode, channel data and a link to the manual are missing. Is this fixture the same as the ETEC LED Roto Bar?",
  "physical": {
    "bulb": {
      "type": "8x 10W RGBW LEDs"
    }
  },
  "matrix": {
    "pixelCount": [
      8,
      1,
      1
    ],
    "pixelGroups": {
      "Master": "all"
    }
  },
  "availableChannels": {
    "Tilt": {
      "defaultValue": "50%",
      "capability": {
        "type": "Tilt",
        "angleStart": "0deg",
        "angleEnd": "180deg"
      }
    },
    "Tilt Speed": {
      "defaultValue": 0,
      "capability": {
        "type": "PanTiltSpeed",
        "speedStart": "fast",
        "speedEnd": "slow"
      }
    },
    "Dimmer": {
      "defaultValue": 0,
      "capability": {
        "type": "Intensity"
      }
    },
    "Strobe": {
      "capability": {
        "type": "ShutterStrobe",
        "shutterEffect": "Strobe",
        "helpWanted": "At which DMX value is strobe enabled or the lamp constantly on/off?"
      }
    },
    "Auto": {
      "capability": {
        "type": "Generic",
        "helpWanted": "What does this channel do?"
      }
    },
    "Sound Sensitivity": {
      "capability": {
        "type": "SoundSensitivity",
        "soundSensitivityStart": "low",
        "soundSensitivityEnd": "high",
        "helpWanted": "Is it low…high or high…low?"
      }
    }
  },
  "templateChannels": {
    "Red $pixelKey": {
      "defaultValue": 0,
      "capability": {
        "type": "ColorIntensity",
        "color": "Red"
      }
    },
    "Green $pixelKey": {
      "defaultValue": 0,
      "capability": {
        "type": "ColorIntensity",
        "color": "Green"
      }
    },
    "Blue $pixelKey": {
      "defaultValue": 0,
      "capability": {
        "type": "ColorIntensity",
        "color": "Blue"
      }
    },
    "White $pixelKey": {
      "defaultValue": 0,
      "capability": {
        "type": "ColorIntensity",
        "color": "White"
      }
    }
  },
  "modes": [
    {
      "name": "10-channel",
      "shortName": "10ch",
      "channels": [
        "Tilt",
        "Tilt Speed",
        "Dimmer",
        "Strobe",
        "Auto",
        "Sound Sensitivity",
        "Red Master",
        "Green Master",
        "Blue Master",
        "White Master"
      ]
    }
  ],
  "fixtureKey": "ribalta-beam",
  "manufacturerKey": "skypix",
  "oflURL": "https://open-fixture-library.org/skypix/ribalta-beam"
}
