{
  "$schema": "https://raw.githubusercontent.com/OpenLightingProject/open-fixture-library/schema-12.1.0/schemas/fixture.json",
  "name": "MAC Axiom Hybrid",
  "shortName": "MartinAxiomHybrid",
  "categories": ["Moving Head", "Color Changer"],
  "meta": {
    "authors": ["novasfronteiras.co"],
    "createDate": "2017-08-07",
    "lastModifyDate": "2018-08-09"
  },
  "links": {
    "manual": [
      "https://www.martin.com/files/files/productdocuments/11_MANUALS/999/UM_MACAxiomHybrid_EN_D.pdf"
    ],
    "video": [
      "https://www.youtube.com/watch?v=TfERaCQ_WzU",
      "https://www.youtube.com/watch?v=AxdUJgscNHg"
    ]
  },
  "physical": {
    "dimensions": [414, 630, 399],
    "weight": 24.8,
    "power": 600,
    "DMXconnector": "5-pin",
    "bulb": {
      "type": "440 W short-arc discharge",
      "colorTemperature": 7000,
      "lumens": 16000
    },
    "lens": {
      "degreesMinMax": [2, 44]
    }
  },
  "wheels": {
    "Color Wheel": {
      "direction": "CCW",
      "slots": [
        {
          "type": "Open"
        },
        {
          "type": "Color",
          "name": "Blue",
          "colors": ["#71c9ed"]
        },
        {
          "type": "Color",
          "name": "Light green",
          "colors": ["#8ad088"]
        },
        {
          "type": "Color",
          "name": "Half CTB",
          "colors": ["#d4f1fb"]
        },
        {
          "type": "Color",
          "name": "Orange",
          "colors": ["#cb6122"]
        },
        {
          "type": "Color",
          "name": "Magenta",
          "colors": ["#a035a0"]
        },
        {
          "type": "Color",
          "name": "Full CTB",
          "colors": ["#9bd2ef"]
        },
        {
          "type": "Color",
          "name": "Yellow 2",
          "colors": ["#f2e663"]
        },
        {
          "type": "Color",
          "name": "Light blue",
          "colors": ["#85d2f1"]
        },
        {
          "type": "Color",
          "name": "Light red",
          "colors": ["#be2b1f"]
        },
        {
          "type": "Color",
          "name": "Lavender",
          "colors": ["#5765b4"]
        },
        {
          "type": "Color",
          "name": "Dark green",
          "colors": ["#8cc783"]
        },
        {
          "type": "Color",
          "name": "Purple",
          "colors": ["#ac87c3"]
        },
        {
          "type": "Color",
          "name": "Pink",
          "colors": ["#aa47a3"]
        },
        {
          "type": "Color",
          "name": "Yellow 1",
          "colors": ["#ffde3f"]
        },
        {
          "type": "Color",
          "name": "Blue 101",
          "colors": ["#3b51aa"]
        },
        {
          "type": "Color",
          "name": "Red",
          "colors": ["#ac241b"]
        }
      ]
    },
    "Rotating Gobo Wheel": {
      "slots": [
        {
          "type": "Open"
        },
        {
          "type": "Gobo",
          "name": "Damped Wave"
        },
        {
          "type": "Gobo",
          "name": "Luck Stakes"
        },
        {
          "type": "Gobo",
          "name": "Bite Me"
        },
        {
          "type": "Gobo",
          "name": "Laser Squares"
        },
        {
          "type": "Gobo",
          "name": "Kite Surf"
        },
        {
          "type": "Gobo",
          "name": "Dots in Space"
        },
        {
          "type": "Gobo",
          "name": "Organic Delight"
        },
        {
          "type": "Gobo",
          "name": "Slice It"
        },
        {
          "type": "Gobo",
          "name": "Circles"
        }
      ]
    },
    "Fixed Gobo Wheel": {
      "slots": [
        {
          "type": "Open"
        },
        {
          "type": "Iris",
          "openPercent": "75%"
        },
        {
          "type": "Iris",
          "openPercent": "50%"
        },
        {
          "type": "Iris",
          "openPercent": "25%"
        },
        {
          "type": "Iris",
          "openPercent": "5%"
        },
        {
          "type": "Gobo"
        },
        {
          "type": "Gobo"
        },
        {
          "type": "Gobo"
        },
        {
          "type": "Gobo"
        },
        {
          "type": "Gobo"
        },
        {
          "type": "Gobo"
        },
        {
          "type": "Gobo"
        },
        {
          "type": "Gobo"
        },
        {
          "type": "Gobo"
        },
        {
          "type": "Gobo"
        },
        {
          "type": "Gobo"
        },
        {
          "type": "Gobo"
        },
        {
          "type": "Frost"
        },
        {
          "type": "AnimationGoboStart"
        },
        {
          "type": "AnimationGoboEnd"
        },
        {
          "type": "Gobo",
          "name": "Not used"
        }
      ]
    }
  },
  "availableChannels": {
    "Strobe": {
      "defaultValue": 30,
      "capabilities": [
        {
          "dmxRange": [0, 19],
          "type": "ShutterStrobe",
          "shutterEffect": "Closed"
        },
        {
          "dmxRange": [20, 49],
          "type": "ShutterStrobe",
          "shutterEffect": "Open"
        },
        {
          "dmxRange": [50, 180],
          "type": "ShutterStrobe",
          "shutterEffect": "Strobe",
          "speedStart": "slow",
          "speedEnd": "fast"
        },
        {
          "dmxRange": [181, 190],
          "type": "ShutterStrobe",
          "shutterEffect": "RampUp",
          "speedStart": "slow",
          "speedEnd": "fast"
        },
        {
          "dmxRange": [191, 200],
          "type": "ShutterStrobe",
          "shutterEffect": "RampDown",
          "speedStart": "slow",
          "speedEnd": "fast"
        },
        {
          "dmxRange": [201, 210],
          "type": "ShutterStrobe",
          "shutterEffect": "Open"
        },
        {
          "dmxRange": [211, 255],
          "type": "ShutterStrobe",
          "shutterEffect": "Strobe",
          "speedStart": "slow",
          "speedEnd": "fast",
          "randomTiming": true
        }
      ]
    },
    "Dimmer": {
      "capability": {
        "type": "Intensity"
      }
    },
    "Cyan": {
      "capability": {
        "type": "ColorIntensity",
        "color": "Cyan"
      }
    },
    "Magenta": {
      "capability": {
        "type": "ColorIntensity",
        "color": "Magenta"
      }
    },
    "Yellow": {
      "capability": {
        "type": "ColorIntensity",
        "color": "Yellow"
      }
    },
    "CTO": {
      "capability": {
        "type": "ColorTemperature",
        "colorTemperatureStart": "default",
        "colorTemperatureEnd": "warm"
      }
    },
    "Color Wheel": {
      "capabilities": [
        {
          "dmxRange": [0, 0],
          "type": "WheelSlot",
          "slotNumber": 1
        },
        {
          "dmxRange": [1, 8],
          "type": "WheelSlot",
          "slotNumberStart": 1,
          "slotNumberEnd": 2
        },
        {
          "dmxRange": [9, 9],
          "type": "WheelSlot",
          "slotNumber": 2
        },
        {
          "dmxRange": [10, 17],
          "type": "WheelSlot",
          "slotNumberStart": 2,
          "slotNumberEnd": 3
        },
        {
          "dmxRange": [18, 18],
          "type": "WheelSlot",
          "slotNumber": 3
        },
        {
          "dmxRange": [19, 26],
          "type": "WheelSlot",
          "slotNumberStart": 3,
          "slotNumberEnd": 4
        },
        {
          "dmxRange": [27, 27],
          "type": "WheelSlot",
          "slotNumber": 4
        },
        {
          "dmxRange": [28, 35],
          "type": "WheelSlot",
          "slotNumberStart": 4,
          "slotNumberEnd": 5
        },
        {
          "dmxRange": [36, 36],
          "type": "WheelSlot",
          "slotNumber": 5
        },
        {
          "dmxRange": [37, 44],
          "type": "WheelSlot",
          "slotNumberStart": 5,
          "slotNumberEnd": 6
        },
        {
          "dmxRange": [45, 45],
          "type": "WheelSlot",
          "slotNumber": 6
        },
        {
          "dmxRange": [46, 53],
          "type": "WheelSlot",
          "slotNumberStart": 6,
          "slotNumberEnd": 7
        },
        {
          "dmxRange": [54, 54],
          "type": "WheelSlot",
          "slotNumber": 7
        },
        {
          "dmxRange": [55, 62],
          "type": "WheelSlot",
          "slotNumberStart": 7,
          "slotNumberEnd": 8
        },
        {
          "dmxRange": [63, 63],
          "type": "WheelSlot",
          "slotNumber": 8
        },
        {
          "dmxRange": [64, 71],
          "type": "WheelSlot",
          "slotNumberStart": 8,
          "slotNumberEnd": 9
        },
        {
          "dmxRange": [72, 72],
          "type": "WheelSlot",
          "slotNumber": 9
        },
        {
          "dmxRange": [73, 80],
          "type": "WheelSlot",
          "slotNumberStart": 9,
          "slotNumberEnd": 10
        },
        {
          "dmxRange": [81, 81],
          "type": "WheelSlot",
          "slotNumber": 10
        },
        {
          "dmxRange": [82, 89],
          "type": "WheelSlot",
          "slotNumberStart": 10,
          "slotNumberEnd": 11
        },
        {
          "dmxRange": [90, 90],
          "type": "WheelSlot",
          "slotNumber": 11
        },
        {
          "dmxRange": [91, 98],
          "type": "WheelSlot",
          "slotNumberStart": 11,
          "slotNumberEnd": 12
        },
        {
          "dmxRange": [99, 99],
          "type": "WheelSlot",
          "slotNumber": 12
        },
        {
          "dmxRange": [100, 107],
          "type": "WheelSlot",
          "slotNumberStart": 12,
          "slotNumberEnd": 13
        },
        {
          "dmxRange": [108, 108],
          "type": "WheelSlot",
          "slotNumber": 13
        },
        {
          "dmxRange": [109, 116],
          "type": "WheelSlot",
          "slotNumberStart": 13,
          "slotNumberEnd": 14
        },
        {
          "dmxRange": [117, 117],
          "type": "WheelSlot",
          "slotNumber": 14
        },
        {
          "dmxRange": [118, 125],
          "type": "WheelSlot",
          "slotNumberStart": 14,
          "slotNumberEnd": 15
        },
        {
          "dmxRange": [126, 126],
          "type": "WheelSlot",
          "slotNumber": 15
        },
        {
          "dmxRange": [127, 134],
          "type": "WheelSlot",
          "slotNumberStart": 15,
          "slotNumberEnd": 16
        },
        {
          "dmxRange": [135, 135],
          "type": "WheelSlot",
          "slotNumber": 16
        },
        {
          "dmxRange": [136, 143],
          "type": "WheelSlot",
          "slotNumberStart": 16,
          "slotNumberEnd": 17
        },
        {
          "dmxRange": [144, 144],
          "type": "WheelSlot",
          "slotNumber": 17
        },
        {
          "dmxRange": [145, 152],
          "type": "WheelSlot",
          "slotNumberStart": 17,
          "slotNumberEnd": 1
        },
        {
          "dmxRange": [153, 162],
          "type": "WheelSlot",
          "slotNumber": 1
        },
        {
          "dmxRange": [163, 163],
          "type": "WheelSlot",
          "slotNumber": 2
        },
        {
          "dmxRange": [164, 164],
          "type": "WheelSlot",
          "slotNumber": 3
        },
        {
          "dmxRange": [165, 165],
          "type": "WheelSlot",
          "slotNumber": 4
        },
        {
          "dmxRange": [166, 166],
          "type": "WheelSlot",
          "slotNumber": 5
        },
        {
          "dmxRange": [167, 167],
          "type": "WheelSlot",
          "slotNumber": 6
        },
        {
          "dmxRange": [168, 168],
          "type": "WheelSlot",
          "slotNumber": 7
        },
        {
          "dmxRange": [169, 169],
          "type": "WheelSlot",
          "slotNumber": 8
        },
        {
          "dmxRange": [170, 170],
          "type": "WheelSlot",
          "slotNumber": 9
        },
        {
          "dmxRange": [171, 171],
          "type": "WheelSlot",
          "slotNumber": 10
        },
        {
          "dmxRange": [172, 172],
          "type": "WheelSlot",
          "slotNumber": 11
        },
        {
          "dmxRange": [173, 173],
          "type": "WheelSlot",
          "slotNumber": 12
        },
        {
          "dmxRange": [174, 174],
          "type": "WheelSlot",
          "slotNumber": 13
        },
        {
          "dmxRange": [175, 175],
          "type": "WheelSlot",
          "slotNumber": 14
        },
        {
          "dmxRange": [176, 176],
          "type": "WheelSlot",
          "slotNumber": 15
        },
        {
          "dmxRange": [177, 177],
          "type": "WheelSlot",
          "slotNumber": 16
        },
        {
          "dmxRange": [178, 178],
          "type": "WheelSlot",
          "slotNumber": 17
        },
        {
          "dmxRange": [179, 192],
          "type": "WheelSlot",
          "slotNumber": 1
        },
        {
          "dmxRange": [193, 214],
          "type": "WheelRotation",
          "speedStart": "fast CW",
          "speedEnd": "slow CW"
        },
        {
          "dmxRange": [215, 221],
          "type": "WheelRotation",
          "speed": "stop"
        },
        {
          "dmxRange": [222, 243],
          "type": "WheelRotation",
          "speedStart": "slow CCW",
          "speedEnd": "fast CCW"
        },
        {
          "dmxRange": [244, 247],
          "type": "Effect",
          "effectName": "Random color",
          "speed": "fast"
        },
        {
          "dmxRange": [248, 251],
          "type": "Effect",
          "effectName": "Random color",
          "speed": "50%"
        },
        {
          "dmxRange": [252, 255],
          "type": "Effect",
          "effectName": "Random color",
          "speed": "slow"
        }
      ]
    },
    "Gobo indexing angle": {
      "fineChannelAliases": ["Gobo indexing angle fine"],
      "defaultValue": 32768,
      "capability": {
        "type": "WheelSlotRotation",
        "wheel": "Rotating Gobo Wheel",
        "angleStart": "0deg",
        "angleEnd": "360deg"
      }
    },
    "Gobo rotation": {
      "fineChannelAliases": ["Gobo rotation fine"],
      "defaultValue": 32768,
      "capabilities": [
        {
          "dmxRange": [0, 600],
          "type": "WheelSlotRotation",
          "wheel": "Rotating Gobo Wheel",
          "angle": "0deg"
        },
        {
          "dmxRange": [601, 32130],
          "type": "WheelSlotRotation",
          "wheel": "Rotating Gobo Wheel",
          "speedStart": "fast CW",
          "speedEnd": "slow CW"
        },
        {
          "dmxRange": [32131, 32895],
          "type": "WheelSlotRotation",
          "wheel": "Rotating Gobo Wheel",
          "speed": "stop"
        },
        {
          "dmxRange": [32896, 64515],
          "type": "WheelSlotRotation",
          "wheel": "Rotating Gobo Wheel",
          "speedStart": "slow CCW",
          "speedEnd": "fast CCW"
        },
        {
          "dmxRange": [64516, 65535],
          "type": "WheelSlotRotation",
          "wheel": "Rotating Gobo Wheel",
          "angle": "90deg"
        }
      ]
    },
    "Rotating Gobo Wheel": {
      "defaultValue": 0,
      "capabilities": [
        {
          "dmxRange": [0, 2],
          "type": "WheelSlot",
          "slotNumber": 1,
          "switchChannels": {
            "Gobo indexing angle / rotation": "Gobo indexing angle",
            "Gobo indexing angle / rotation fine": "Gobo indexing angle fine"
          }
        },
        {
          "dmxRange": [3, 6],
          "type": "WheelSlot",
          "slotNumber": 2,
          "comment": "indexing",
          "switchChannels": {
            "Gobo indexing angle / rotation": "Gobo indexing angle",
            "Gobo indexing angle / rotation fine": "Gobo indexing angle fine"
          }
        },
        {
          "dmxRange": [7, 10],
          "type": "WheelSlot",
          "slotNumber": 3,
          "comment": "indexing",
          "switchChannels": {
            "Gobo indexing angle / rotation": "Gobo indexing angle",
            "Gobo indexing angle / rotation fine": "Gobo indexing angle fine"
          }
        },
        {
          "dmxRange": [11, 14],
          "type": "WheelSlot",
          "slotNumber": 4,
          "comment": "indexing",
          "switchChannels": {
            "Gobo indexing angle / rotation": "Gobo indexing angle",
            "Gobo indexing angle / rotation fine": "Gobo indexing angle fine"
          }
        },
        {
          "dmxRange": [15, 19],
          "type": "WheelSlot",
          "slotNumber": 5,
          "comment": "indexing",
          "switchChannels": {
            "Gobo indexing angle / rotation": "Gobo indexing angle",
            "Gobo indexing angle / rotation fine": "Gobo indexing angle fine"
          }
        },
        {
          "dmxRange": [20, 23],
          "type": "WheelSlot",
          "slotNumber": 6,
          "comment": "indexing",
          "switchChannels": {
            "Gobo indexing angle / rotation": "Gobo indexing angle",
            "Gobo indexing angle / rotation fine": "Gobo indexing angle fine"
          }
        },
        {
          "dmxRange": [24, 27],
          "type": "WheelSlot",
          "slotNumber": 7,
          "comment": "indexing",
          "switchChannels": {
            "Gobo indexing angle / rotation": "Gobo indexing angle",
            "Gobo indexing angle / rotation fine": "Gobo indexing angle fine"
          }
        },
        {
          "dmxRange": [28, 31],
          "type": "WheelSlot",
          "slotNumber": 8,
          "comment": "indexing",
          "switchChannels": {
            "Gobo indexing angle / rotation": "Gobo indexing angle",
            "Gobo indexing angle / rotation fine": "Gobo indexing angle fine"
          }
        },
        {
          "dmxRange": [32, 35],
          "type": "WheelSlot",
          "slotNumber": 9,
          "comment": "indexing",
          "switchChannels": {
            "Gobo indexing angle / rotation": "Gobo indexing angle",
            "Gobo indexing angle / rotation fine": "Gobo indexing angle fine"
          }
        },
        {
          "dmxRange": [36, 40],
          "type": "WheelSlot",
          "slotNumber": 10,
          "comment": "indexing",
          "switchChannels": {
            "Gobo indexing angle / rotation": "Gobo indexing angle",
            "Gobo indexing angle / rotation fine": "Gobo indexing angle fine"
          }
        },
        {
          "dmxRange": [41, 44],
          "type": "WheelSlot",
          "slotNumber": 2,
          "comment": "rotation",
          "switchChannels": {
            "Gobo indexing angle / rotation": "Gobo rotation",
            "Gobo indexing angle / rotation fine": "Gobo rotation fine"
          }
        },
        {
          "dmxRange": [45, 48],
          "type": "WheelSlot",
          "slotNumber": 3,
          "comment": "rotation",
          "switchChannels": {
            "Gobo indexing angle / rotation": "Gobo rotation",
            "Gobo indexing angle / rotation fine": "Gobo rotation fine"
          }
        },
        {
          "dmxRange": [49, 52],
          "type": "WheelSlot",
          "slotNumber": 4,
          "comment": "rotation",
          "switchChannels": {
            "Gobo indexing angle / rotation": "Gobo rotation",
            "Gobo indexing angle / rotation fine": "Gobo rotation fine"
          }
        },
        {
          "dmxRange": [53, 56],
          "type": "WheelSlot",
          "slotNumber": 5,
          "comment": "rotation",
          "switchChannels": {
            "Gobo indexing angle / rotation": "Gobo rotation",
            "Gobo indexing angle / rotation fine": "Gobo rotation fine"
          }
        },
        {
          "dmxRange": [57, 60],
          "type": "WheelSlot",
          "slotNumber": 6,
          "comment": "rotation",
          "switchChannels": {
            "Gobo indexing angle / rotation": "Gobo rotation",
            "Gobo indexing angle / rotation fine": "Gobo rotation fine"
          }
        },
        {
          "dmxRange": [61, 64],
          "type": "WheelSlot",
          "slotNumber": 7,
          "comment": "rotation",
          "switchChannels": {
            "Gobo indexing angle / rotation": "Gobo rotation",
            "Gobo indexing angle / rotation fine": "Gobo rotation fine"
          }
        },
        {
          "dmxRange": [65, 68],
          "type": "WheelSlot",
          "slotNumber": 8,
          "comment": "rotation",
          "switchChannels": {
            "Gobo indexing angle / rotation": "Gobo rotation",
            "Gobo indexing angle / rotation fine": "Gobo rotation fine"
          }
        },
        {
          "dmxRange": [69, 71],
          "type": "WheelSlot",
          "slotNumber": 9,
          "comment": "rotation",
          "switchChannels": {
            "Gobo indexing angle / rotation": "Gobo rotation",
            "Gobo indexing angle / rotation fine": "Gobo rotation fine"
          }
        },
        {
          "dmxRange": [72, 80],
          "type": "WheelSlot",
          "slotNumber": 10,
          "comment": "rotation",
          "switchChannels": {
            "Gobo indexing angle / rotation": "Gobo rotation",
            "Gobo indexing angle / rotation fine": "Gobo rotation fine"
          }
        },
        {
          "dmxRange": [81, 90],
          "type": "WheelShake",
          "slotNumber": 2,
          "shakeSpeedStart": "slow",
          "shakeSpeedEnd": "fast",
          "shakeAngleStart": "25deg",
          "shakeAngleEnd": "10deg",
          "switchChannels": {
            "Gobo indexing angle / rotation": "Gobo indexing angle",
            "Gobo indexing angle / rotation fine": "Gobo indexing angle fine"
          }
        },
        {
          "dmxRange": [91, 100],
          "type": "WheelShake",
          "slotNumber": 3,
          "shakeSpeedStart": "slow",
          "shakeSpeedEnd": "fast",
          "shakeAngleStart": "25deg",
          "shakeAngleEnd": "10deg",
          "switchChannels": {
            "Gobo indexing angle / rotation": "Gobo indexing angle",
            "Gobo indexing angle / rotation fine": "Gobo indexing angle fine"
          }
        },
        {
          "dmxRange": [101, 110],
          "type": "WheelShake",
          "slotNumber": 4,
          "shakeSpeedStart": "slow",
          "shakeSpeedEnd": "fast",
          "shakeAngleStart": "25deg",
          "shakeAngleEnd": "10deg",
          "switchChannels": {
            "Gobo indexing angle / rotation": "Gobo indexing angle",
            "Gobo indexing angle / rotation fine": "Gobo indexing angle fine"
          }
        },
        {
          "dmxRange": [111, 120],
          "type": "WheelShake",
          "slotNumber": 5,
          "shakeSpeedStart": "slow",
          "shakeSpeedEnd": "fast",
          "shakeAngleStart": "25deg",
          "shakeAngleEnd": "10deg",
          "switchChannels": {
            "Gobo indexing angle / rotation": "Gobo indexing angle",
            "Gobo indexing angle / rotation fine": "Gobo indexing angle fine"
          }
        },
        {
          "dmxRange": [121, 130],
          "type": "WheelShake",
          "slotNumber": 6,
          "shakeSpeedStart": "slow",
          "shakeSpeedEnd": "fast",
          "shakeAngleStart": "25deg",
          "shakeAngleEnd": "10deg",
          "switchChannels": {
            "Gobo indexing angle / rotation": "Gobo indexing angle",
            "Gobo indexing angle / rotation fine": "Gobo indexing angle fine"
          }
        },
        {
          "dmxRange": [131, 140],
          "type": "WheelShake",
          "slotNumber": 7,
          "shakeSpeedStart": "slow",
          "shakeSpeedEnd": "fast",
          "shakeAngleStart": "25deg",
          "shakeAngleEnd": "10deg",
          "switchChannels": {
            "Gobo indexing angle / rotation": "Gobo indexing angle",
            "Gobo indexing angle / rotation fine": "Gobo indexing angle fine"
          }
        },
        {
          "dmxRange": [141, 150],
          "type": "WheelShake",
          "slotNumber": 8,
          "shakeSpeedStart": "slow",
          "shakeSpeedEnd": "fast",
          "shakeAngleStart": "25deg",
          "shakeAngleEnd": "10deg",
          "switchChannels": {
            "Gobo indexing angle / rotation": "Gobo indexing angle",
            "Gobo indexing angle / rotation fine": "Gobo indexing angle fine"
          }
        },
        {
          "dmxRange": [151, 160],
          "type": "WheelShake",
          "slotNumber": 9,
          "shakeSpeedStart": "slow",
          "shakeSpeedEnd": "fast",
          "shakeAngleStart": "25deg",
          "shakeAngleEnd": "10deg",
          "switchChannels": {
            "Gobo indexing angle / rotation": "Gobo indexing angle",
            "Gobo indexing angle / rotation fine": "Gobo indexing angle fine"
          }
        },
        {
          "dmxRange": [161, 170],
          "type": "WheelShake",
          "slotNumber": 10,
          "shakeSpeedStart": "slow",
          "shakeSpeedEnd": "fast",
          "shakeAngleStart": "25deg",
          "shakeAngleEnd": "10deg",
          "switchChannels": {
            "Gobo indexing angle / rotation": "Gobo indexing angle",
            "Gobo indexing angle / rotation fine": "Gobo indexing angle fine"
          }
        },
        {
          "dmxRange": [171, 200],
          "type": "WheelSlot",
          "slotNumber": 1,
          "switchChannels": {
            "Gobo indexing angle / rotation": "Gobo indexing angle",
            "Gobo indexing angle / rotation fine": "Gobo indexing angle fine"
          }
        },
        {
          "dmxRange": [201, 228],
          "type": "WheelRotation",
          "speedStart": "fast CW",
          "speedEnd": "slow CW",
          "switchChannels": {
            "Gobo indexing angle / rotation": "Gobo indexing angle",
            "Gobo indexing angle / rotation fine": "Gobo indexing angle fine"
          }
        },
        {
          "dmxRange": [229, 255],
          "type": "WheelRotation",
          "speedStart": "slow CCW",
          "speedEnd": "fast CCW",
          "switchChannels": {
            "Gobo indexing angle / rotation": "Gobo indexing angle",
            "Gobo indexing angle / rotation fine": "Gobo indexing angle fine"
          }
        }
      ]
    },
    "Fixed Gobo Wheel": {
      "capabilities": [
        {
          "dmxRange": [0, 20],
          "type": "WheelSlot",
          "slotNumber": 1
        },
        {
          "dmxRange": [21, 30],
          "type": "WheelSlot",
          "slotNumber": 2
        },
        {
          "dmxRange": [31, 40],
          "type": "WheelSlot",
          "slotNumber": 3
        },
        {
          "dmxRange": [41, 50],
          "type": "WheelSlot",
          "slotNumber": 4
        },
        {
          "dmxRange": [51, 60],
          "type": "WheelSlot",
          "slotNumber": 5
        },
        {
          "dmxRange": [61, 70],
          "type": "WheelSlot",
          "slotNumber": 6
        },
        {
          "dmxRange": [71, 80],
          "type": "WheelSlot",
          "slotNumber": 7
        },
        {
          "dmxRange": [81, 90],
          "type": "WheelSlot",
          "slotNumber": 8
        },
        {
          "dmxRange": [91, 100],
          "type": "WheelSlot",
          "slotNumber": 9
        },
        {
          "dmxRange": [101, 110],
          "type": "WheelSlot",
          "slotNumber": 10
        },
        {
          "dmxRange": [111, 120],
          "type": "WheelSlot",
          "slotNumber": 11
        },
        {
          "dmxRange": [121, 130],
          "type": "WheelSlot",
          "slotNumber": 12
        },
        {
          "dmxRange": [131, 140],
          "type": "WheelSlot",
          "slotNumber": 13
        },
        {
          "dmxRange": [141, 150],
          "type": "WheelSlot",
          "slotNumber": 14
        },
        {
          "dmxRange": [151, 160],
          "type": "WheelSlot",
          "slotNumber": 15
        },
        {
          "dmxRange": [161, 170],
          "type": "WheelSlot",
          "slotNumber": 16
        },
        {
          "dmxRange": [171, 180],
          "type": "WheelSlot",
          "slotNumber": 17
        },
        {
          "dmxRange": [181, 190],
          "type": "WheelSlot",
          "slotNumber": 18
        },
        {
          "dmxRange": [191, 200],
          "type": "WheelSlot",
          "slotNumberStart": 19,
          "slotNumberEnd": 20
        },
        {
          "dmxRange": [201, 201],
          "type": "WheelShake",
          "slotNumber": 19.5,
          "shakeSpeed": "slow"
        },
        {
          "dmxRange": [202, 202],
          "type": "WheelShake",
          "slotNumber": 19.5,
          "shakeSpeed": "50%"
        },
        {
          "dmxRange": [203, 203],
          "type": "WheelShake",
          "slotNumber": 19.5,
          "shakeSpeed": "fast"
        },
        {
          "dmxRange": [204, 220],
          "type": "WheelRotation",
          "speedStart": "fast CW",
          "speedEnd": "slow CW"
        },
        {
          "dmxRange": [221, 226],
          "type": "WheelRotation",
          "speed": "stop"
        },
        {
          "dmxRange": [227, 243],
          "type": "WheelRotation",
          "speedStart": "slow CCW",
          "speedEnd": "fast CCW"
        },
        {
          "dmxRange": [244, 247],
          "type": "Effect",
          "effectName": "Random gobo",
          "speed": "fast"
        },
        {
          "dmxRange": [248, 251],
          "type": "Effect",
          "effectName": "Random gobo",
          "speed": "50%"
        },
        {
          "dmxRange": [252, 255],
          "type": "Effect",
          "effectName": "Random gobo",
          "speed": "slow"
        }
      ]
    },
    "Frost": {
      "capabilities": [
        {
          "dmxRange": [0, 127],
          "type": "Frost",
          "frostIntensity": "off"
        },
        {
          "dmxRange": [128, 255],
          "type": "Frost",
          "frostIntensity": "high"
        }
      ]
    },
    "Prism deployment": {
      "capabilities": [
        {
          "dmxRange": [0, 10],
          "type": "NoFunction"
        },
        {
          "dmxRange": [11, 20],
          "type": "Prism",
          "comment": "3-facet, between zoom and focus"
        },
        {
          "dmxRange": [21, 30],
          "type": "Prism",
          "comment": "8-facet, between zoom and focus"
        },
        {
          "dmxRange": [31, 40],
          "type": "Prism",
          "comment": "3-facet, in front of zoom"
        },
        {
          "dmxRange": [41, 255],
          "type": "Prism",
          "comment": "8-facet, in front of zoom"
        }
      ]
    },
    "Prism rotation": {
      "capabilities": [
        {
          "dmxRange": [0, 2],
          "type": "PrismRotation",
          "speed": "stop"
        },
        {
          "dmxRange": [3, 126],
          "type": "PrismRotation",
          "speedStart": "fast CW",
          "speedEnd": "slow CW"
        },
        {
          "dmxRange": [127, 129],
          "type": "PrismRotation",
          "speed": "stop"
        },
        {
          "dmxRange": [130, 253],
          "type": "PrismRotation",
          "speedStart": "slow CCW",
          "speedEnd": "fast CCW"
        },
        {
          "dmxRange": [254, 255],
          "type": "PrismRotation",
          "speed": "stop"
        }
      ]
    },
    "Prism lineator": {
      "defaultValue": 128,
      "capability": {
        "type": "BeamAngle",
        "angleStart": "wide",
        "angleEnd": "narrow"
      }
    },
    "Zoom": {
      "defaultValue": 128,
      "capability": {
        "type": "Zoom",
        "angleStart": "wide",
        "angleEnd": "narrow"
      }
    },
    "Focus": {
      "defaultValue": 32768,
      "fineChannelAliases": ["Focus fine"],
      "capability": {
        "type": "Focus",
        "distanceStart": "far",
        "distanceEnd": "near"
      }
    },
    "Pan": {
      "defaultValue": 32768,
      "fineChannelAliases": ["Pan fine"],
      "capability": {
        "type": "Pan",
        "angleStart": "0deg",
        "angleEnd": "540deg"
      }
    },
    "Tilt": {
      "defaultValue": 32768,
      "fineChannelAliases": ["Tilt fine"],
      "capability": {
        "type": "Tilt",
        "angleStart": "0deg",
        "angleEnd": "260deg"
      }
    },
    "Fixture control settings": {
      "capabilities": [
        {
          "dmxRange": [0, 9],
          "type": "NoFunction"
        },
        {
          "dmxRange": [10, 14],
          "type": "Maintenance",
          "comment": "Reset fixtures"
        },
        {
          "dmxRange": [15, 15],
          "type": "NoFunction"
        },
        {
          "dmxRange": [16, 17],
          "type": "Maintenance",
          "comment": "Reset head motors only"
        },
        {
          "dmxRange": [18, 18],
          "type": "Maintenance",
          "comment": "Reset pan and tilt"
        },
        {
          "dmxRange": [19, 27],
          "type": "NoFunction"
        },
        {
          "dmxRange": [28, 28],
          "type": "Maintenance",
          "comment": "Pan and tilt speed = fast"
        },
        {
          "dmxRange": [29, 29],
          "type": "Maintenance",
          "comment": "Pan and tilt speed = smooth"
        },
        {
          "dmxRange": [30, 30],
          "type": "Maintenance",
          "comment": "Parameter shortcuts = on"
        },
        {
          "dmxRange": [31, 31],
          "type": "Maintenance",
          "comment": "Parameter shortcuts = off"
        },
        {
          "dmxRange": [32, 32],
          "type": "Maintenance",
          "comment": "Disable focus tracking"
        },
        {
          "dmxRange": [33, 33],
          "type": "Maintenance",
          "comment": "Enable focus tracking"
        },
        {
          "dmxRange": [34, 34],
          "type": "Maintenance",
          "comment": "CMY Snap mode (default)"
        },
        {
          "dmxRange": [35, 35],
          "type": "Maintenance",
          "comment": "CMY Fade mode"
        },
        {
          "dmxRange": [36, 39],
          "type": "NoFunction"
        },
        {
          "dmxRange": [40, 44],
          "type": "Maintenance",
          "comment": "Lamp = on"
        },
        {
          "dmxRange": [45, 51],
          "type": "Maintenance",
          "comment": "Lamp = off"
        },
        {
          "dmxRange": [52, 52],
          "type": "Maintenance",
          "comment": "Turn on onboard display"
        },
        {
          "dmxRange": [53, 53],
          "type": "Maintenance",
          "comment": "Turn off onboard display"
        },
        {
          "dmxRange": [54, 255],
          "type": "NoFunction"
        }
      ]
    }
  },
  "modes": [
    {
      "name": "Standard",
      "shortName": "std",
      "channels": [
        "Strobe",
        "Dimmer",
        "Cyan",
        "Magenta",
        "Yellow",
        "CTO",
        "Color Wheel",
        "Rotating Gobo Wheel",
        "Gobo indexing angle / rotation",
        "Gobo indexing angle / rotation fine",
        "Fixed Gobo Wheel",
        "Frost",
        "Prism deployment",
        "Prism rotation",
        "Prism lineator",
        "Zoom",
        "Focus",
        "Focus fine",
        "Pan",
        "Pan fine",
        "Tilt",
        "Tilt fine",
        "Fixture control settings"
      ]
    }
  ],
  "fixtureKey": "mac-axiom-hybrid",
  "manufacturerKey": "martin",
  "oflURL": "https://open-fixture-library.org/martin/mac-axiom-hybrid"
}
