{
  "$schema": "https://raw.githubusercontent.com/OpenLightingProject/open-fixture-library/schema-12.1.0/schemas/fixture.json",
  "name": "Rush Scanner 1 LED",
  "shortName": "MartinRushScan1",
  "categories": ["Scanner", "Color Changer"],
  "meta": {
    "authors": ["Felix Edelmann"],
    "createDate": "2019-03-07",
    "lastModifyDate": "2019-03-07"
  },
  "links": {
    "manual": [
      "https://adn.harmanpro.com/site_elements/executables/6809_1526699780/UM_RUSHScanner1LED_EN_B_original.pdf"
    ],
    "productPage": [
      "https://www.martin.com/en-US/products/rush-scanner-1-led"
    ],
    "video": [
      "https://www.youtube.com/watch?v=Hz23QxIo-Zc"
    ]
  },
  "physical": {
    "dimensions": [303, 193, 588],
    "weight": 9.6,
    "power": 168,
    "DMXconnector": "3-pin and 5-pin",
    "bulb": {
      "type": "90W LED"
    }
  },
  "wheels": {
    "Color Wheel 1": {
      "slots": [
        {
          "type": "Open"
        },
        {
          "type": "Color",
          "name": "Red",
          "colors": ["#ff0000"]
        },
        {
          "type": "Color",
          "name": "Deep Blue",
          "colors": ["#0000b4"]
        },
        {
          "type": "Color",
          "name": "Lavender",
          "colors": ["#ff80ff"]
        },
        {
          "type": "Color",
          "name": "Magenta",
          "colors": ["#ff00ff"]
        },
        {
          "type": "Color",
          "name": "Yellow",
          "colors": ["#ffff00"]
        },
        {
          "type": "Color",
          "name": "Orange",
          "colors": ["#ff8000"]
        },
        {
          "type": "Color",
          "name": "Light green",
          "colors": ["#80ff00"]
        },
        {
          "type": "Color",
          "name": "Light blue",
          "colors": ["#0080ff"]
        }
      ]
    },
    "Color Wheel 2": {
      "slots": [
        {
          "type": "Open"
        },
        {
          "type": "Color",
          "name": "Pink",
          "colors": ["#ff9696"]
        },
        {
          "type": "Color",
          "name": "CTO",
          "colorTemperature": "3200K",
          "colors": ["#fff0c8"]
        },
        {
          "type": "Color",
          "name": "UV Purple",
          "colors": ["#b400ff"]
        },
        {
          "type": "Color",
          "name": "Light yellow",
          "colors": ["#ffff80"]
        },
        {
          "type": "Color",
          "name": "Green",
          "colors": ["#00ff00"]
        },
        {
          "type": "Color",
          "name": "Aquamarine",
          "colors": ["#00ff80"]
        },
        {
          "type": "Color",
          "name": "CTO",
          "colorTemperature": "5600K",
          "colors": ["#fff0c8"]
        },
        {
          "type": "Color",
          "name": "Blue",
          "colors": ["#0000ff"]
        }
      ]
    },
    "Rotating Gobo Wheel": {
      "slots": [
        {
          "type": "Open"
        },
        {
          "type": "Gobo"
        },
        {
          "type": "Gobo"
        },
        {
          "type": "Gobo"
        },
        {
          "type": "Gobo"
        },
        {
          "type": "Gobo"
        },
        {
          "type": "Gobo"
        }
      ]
    },
    "Static Gobo Wheel": {
      "slots": [
        {
          "type": "Open"
        },
        {
          "type": "Gobo"
        },
        {
          "type": "Gobo"
        },
        {
          "type": "Gobo"
        },
        {
          "type": "Gobo"
        },
        {
          "type": "Gobo"
        },
        {
          "type": "Gobo"
        },
        {
          "type": "Gobo"
        }
      ]
    }
  },
  "availableChannels": {
    "Dimmer": {
      "fineChannelAliases": ["Dimmer fine"],
      "dmxValueResolution": "8bit",
      "defaultValue": 0,
      "capability": {
        "type": "Intensity"
      }
    },
    "Strobe": {
      "defaultValue": 8,
      "capabilities": [
        {
          "dmxRange": [0, 7],
          "type": "ShutterStrobe",
          "shutterEffect": "Closed"
        },
        {
          "dmxRange": [8, 15],
          "type": "ShutterStrobe",
          "shutterEffect": "Open"
        },
        {
          "dmxRange": [16, 131],
          "type": "ShutterStrobe",
          "shutterEffect": "Strobe",
          "speedStart": "slow",
          "speedEnd": "fast"
        },
        {
          "dmxRange": [132, 167],
          "type": "ShutterStrobe",
          "shutterEffect": "RampUp"
        },
        {
          "dmxRange": [168, 203],
          "type": "ShutterStrobe",
          "shutterEffect": "RampDown"
        },
        {
          "dmxRange": [204, 239],
          "type": "ShutterStrobe",
          "shutterEffect": "Pulse"
        },
        {
          "dmxRange": [240, 247],
          "type": "ShutterStrobe",
          "shutterEffect": "Strobe",
          "randomTiming": true
        },
        {
          "dmxRange": [248, 255],
          "type": "ShutterStrobe",
          "shutterEffect": "Open"
        }
      ]
    },
    "Color Wheel 1": {
      "defaultValue": 0,
      "capabilities": [
        {
          "dmxRange": [0, 0],
          "type": "WheelSlot",
          "slotNumber": 1
        },
        {
          "dmxRange": [1, 14],
          "type": "WheelSlot",
          "slotNumberStart": 1,
          "slotNumberEnd": 2
        },
        {
          "dmxRange": [15, 15],
          "type": "WheelSlot",
          "slotNumber": 2
        },
        {
          "dmxRange": [16, 29],
          "type": "WheelSlot",
          "slotNumberStart": 2,
          "slotNumberEnd": 3
        },
        {
          "dmxRange": [30, 30],
          "type": "WheelSlot",
          "slotNumber": 3
        },
        {
          "dmxRange": [31, 44],
          "type": "WheelSlot",
          "slotNumberStart": 3,
          "slotNumberEnd": 4
        },
        {
          "dmxRange": [45, 45],
          "type": "WheelSlot",
          "slotNumber": 4
        },
        {
          "dmxRange": [46, 59],
          "type": "WheelSlot",
          "slotNumberStart": 4,
          "slotNumberEnd": 5
        },
        {
          "dmxRange": [60, 60],
          "type": "WheelSlot",
          "slotNumber": 5
        },
        {
          "dmxRange": [61, 74],
          "type": "WheelSlot",
          "slotNumberStart": 5,
          "slotNumberEnd": 6
        },
        {
          "dmxRange": [75, 75],
          "type": "WheelSlot",
          "slotNumber": 6
        },
        {
          "dmxRange": [76, 89],
          "type": "WheelSlot",
          "slotNumberStart": 6,
          "slotNumberEnd": 7
        },
        {
          "dmxRange": [90, 90],
          "type": "WheelSlot",
          "slotNumber": 7
        },
        {
          "dmxRange": [91, 104],
          "type": "WheelSlot",
          "slotNumberStart": 7,
          "slotNumberEnd": 8
        },
        {
          "dmxRange": [105, 105],
          "type": "WheelSlot",
          "slotNumber": 8
        },
        {
          "dmxRange": [106, 119],
          "type": "WheelSlot",
          "slotNumberStart": 8,
          "slotNumberEnd": 9
        },
        {
          "dmxRange": [120, 120],
          "type": "WheelSlot",
          "slotNumber": 9
        },
        {
          "dmxRange": [121, 134],
          "type": "WheelSlot",
          "slotNumberStart": 9,
          "slotNumberEnd": 10
        },
        {
          "dmxRange": [135, 160],
          "type": "WheelSlot",
          "slotNumber": 1
        },
        {
          "dmxRange": [161, 163],
          "type": "WheelSlot",
          "slotNumber": 2
        },
        {
          "dmxRange": [164, 166],
          "type": "WheelSlot",
          "slotNumber": 3
        },
        {
          "dmxRange": [167, 169],
          "type": "WheelSlot",
          "slotNumber": 4
        },
        {
          "dmxRange": [170, 172],
          "type": "WheelSlot",
          "slotNumber": 5
        },
        {
          "dmxRange": [173, 175],
          "type": "WheelSlot",
          "slotNumber": 6
        },
        {
          "dmxRange": [176, 178],
          "type": "WheelSlot",
          "slotNumber": 7
        },
        {
          "dmxRange": [179, 181],
          "type": "WheelSlot",
          "slotNumber": 8
        },
        {
          "dmxRange": [182, 184],
          "type": "WheelSlot",
          "slotNumber": 9
        },
        {
          "dmxRange": [185, 192],
          "type": "WheelSlot",
          "slotNumber": 1
        },
        {
          "dmxRange": [193, 214],
          "type": "WheelRotation",
          "speedStart": "fast CW",
          "speedEnd": "slow CW"
        },
        {
          "dmxRange": [215, 221],
          "type": "WheelRotation",
          "speed": "stop"
        },
        {
          "dmxRange": [222, 243],
          "type": "WheelRotation",
          "speedStart": "slow CCW",
          "speedEnd": "fast CCW"
        },
        {
          "dmxRange": [244, 247],
          "type": "Effect",
          "effectName": "Random color",
          "speed": "fast"
        },
        {
          "dmxRange": [248, 251],
          "type": "Effect",
          "effectName": "Random color",
          "speed": "50%"
        },
        {
          "dmxRange": [252, 255],
          "type": "Effect",
          "effectName": "Random color",
          "speed": "slow"
        }
      ]
    },
    "Color Wheel 2": {
      "defaultValue": 0,
      "capabilities": [
        {
          "dmxRange": [0, 0],
          "type": "WheelSlot",
          "slotNumber": 1
        },
        {
          "dmxRange": [1, 14],
          "type": "WheelSlot",
          "slotNumberStart": 1,
          "slotNumberEnd": 2
        },
        {
          "dmxRange": [15, 15],
          "type": "WheelSlot",
          "slotNumber": 2
        },
        {
          "dmxRange": [16, 29],
          "type": "WheelSlot",
          "slotNumberStart": 2,
          "slotNumberEnd": 3
        },
        {
          "dmxRange": [30, 30],
          "type": "WheelSlot",
          "slotNumber": 3
        },
        {
          "dmxRange": [31, 44],
          "type": "WheelSlot",
          "slotNumberStart": 3,
          "slotNumberEnd": 4
        },
        {
          "dmxRange": [45, 45],
          "type": "WheelSlot",
          "slotNumber": 4
        },
        {
          "dmxRange": [46, 59],
          "type": "WheelSlot",
          "slotNumberStart": 4,
          "slotNumberEnd": 5
        },
        {
          "dmxRange": [60, 60],
          "type": "WheelSlot",
          "slotNumber": 5
        },
        {
          "dmxRange": [61, 74],
          "type": "WheelSlot",
          "slotNumberStart": 5,
          "slotNumberEnd": 6
        },
        {
          "dmxRange": [75, 75],
          "type": "WheelSlot",
          "slotNumber": 6
        },
        {
          "dmxRange": [76, 89],
          "type": "WheelSlot",
          "slotNumberStart": 6,
          "slotNumberEnd": 7
        },
        {
          "dmxRange": [90, 90],
          "type": "WheelSlot",
          "slotNumber": 7
        },
        {
          "dmxRange": [91, 104],
          "type": "WheelSlot",
          "slotNumberStart": 7,
          "slotNumberEnd": 8
        },
        {
          "dmxRange": [105, 105],
          "type": "WheelSlot",
          "slotNumber": 8
        },
        {
          "dmxRange": [106, 119],
          "type": "WheelSlot",
          "slotNumberStart": 8,
          "slotNumberEnd": 9
        },
        {
          "dmxRange": [120, 120],
          "type": "WheelSlot",
          "slotNumber": 9
        },
        {
          "dmxRange": [121, 134],
          "type": "WheelSlot",
          "slotNumberStart": 9,
          "slotNumberEnd": 10
        },
        {
          "dmxRange": [135, 160],
          "type": "WheelSlot",
          "slotNumber": 1
        },
        {
          "dmxRange": [161, 163],
          "type": "WheelSlot",
          "slotNumber": 2
        },
        {
          "dmxRange": [164, 166],
          "type": "WheelSlot",
          "slotNumber": 3
        },
        {
          "dmxRange": [167, 169],
          "type": "WheelSlot",
          "slotNumber": 4
        },
        {
          "dmxRange": [170, 172],
          "type": "WheelSlot",
          "slotNumber": 5
        },
        {
          "dmxRange": [173, 175],
          "type": "WheelSlot",
          "slotNumber": 6
        },
        {
          "dmxRange": [176, 178],
          "type": "WheelSlot",
          "slotNumber": 7
        },
        {
          "dmxRange": [179, 181],
          "type": "WheelSlot",
          "slotNumber": 8
        },
        {
          "dmxRange": [182, 184],
          "type": "WheelSlot",
          "slotNumber": 9
        },
        {
          "dmxRange": [185, 192],
          "type": "WheelSlot",
          "slotNumber": 1
        },
        {
          "dmxRange": [193, 214],
          "type": "WheelRotation",
          "speedStart": "fast CW",
          "speedEnd": "slow CW"
        },
        {
          "dmxRange": [215, 221],
          "type": "WheelRotation",
          "speed": "stop"
        },
        {
          "dmxRange": [222, 243],
          "type": "WheelRotation",
          "speedStart": "slow CCW",
          "speedEnd": "fast CCW"
        },
        {
          "dmxRange": [244, 247],
          "type": "Effect",
          "effectName": "Random color",
          "speed": "fast"
        },
        {
          "dmxRange": [248, 251],
          "type": "Effect",
          "effectName": "Random color",
          "speed": "50%"
        },
        {
          "dmxRange": [252, 255],
          "type": "Effect",
          "effectName": "Random color",
          "speed": "slow"
        }
      ]
    },
    "Rotating Gobo Wheel": {
      "defaultValue": 0,
      "capabilities": [
        {
          "dmxRange": [0, 4],
          "type": "WheelSlot",
          "slotNumber": 1,
          "switchChannels": {
            "Gobo Indexing / Rotation": "Gobo Indexing"
          }
        },
        {
          "dmxRange": [5, 9],
          "type": "WheelSlot",
          "slotNumber": 2,
          "comment": "indexing",
          "switchChannels": {
            "Gobo Indexing / Rotation": "Gobo Indexing"
          }
        },
        {
          "dmxRange": [10, 14],
          "type": "WheelSlot",
          "slotNumber": 3,
          "comment": "indexing",
          "switchChannels": {
            "Gobo Indexing / Rotation": "Gobo Indexing"
          }
        },
        {
          "dmxRange": [15, 19],
          "type": "WheelSlot",
          "slotNumber": 4,
          "comment": "indexing",
          "switchChannels": {
            "Gobo Indexing / Rotation": "Gobo Indexing"
          }
        },
        {
          "dmxRange": [20, 24],
          "type": "WheelSlot",
          "slotNumber": 5,
          "comment": "indexing",
          "switchChannels": {
            "Gobo Indexing / Rotation": "Gobo Indexing"
          }
        },
        {
          "dmxRange": [25, 29],
          "type": "WheelSlot",
          "slotNumber": 6,
          "comment": "indexing",
          "switchChannels": {
            "Gobo Indexing / Rotation": "Gobo Indexing"
          }
        },
        {
          "dmxRange": [30, 34],
          "type": "WheelSlot",
          "slotNumber": 7,
          "comment": "indexing",
          "switchChannels": {
            "Gobo Indexing / Rotation": "Gobo Indexing"
          }
        },
        {
          "dmxRange": [35, 39],
          "type": "WheelSlot",
          "slotNumber": 2,
          "comment": "rotating",
          "switchChannels": {
            "Gobo Indexing / Rotation": "Gobo Rotation"
          }
        },
        {
          "dmxRange": [40, 44],
          "type": "WheelSlot",
          "slotNumber": 3,
          "comment": "rotating",
          "switchChannels": {
            "Gobo Indexing / Rotation": "Gobo Rotation"
          }
        },
        {
          "dmxRange": [45, 49],
          "type": "WheelSlot",
          "slotNumber": 4,
          "comment": "rotating",
          "switchChannels": {
            "Gobo Indexing / Rotation": "Gobo Rotation"
          }
        },
        {
          "dmxRange": [50, 54],
          "type": "WheelSlot",
          "slotNumber": 5,
          "comment": "rotating",
          "switchChannels": {
            "Gobo Indexing / Rotation": "Gobo Rotation"
          }
        },
        {
          "dmxRange": [55, 59],
          "type": "WheelSlot",
          "slotNumber": 6,
          "comment": "rotating",
          "switchChannels": {
            "Gobo Indexing / Rotation": "Gobo Rotation"
          }
        },
        {
          "dmxRange": [60, 64],
          "type": "WheelSlot",
          "slotNumber": 7,
          "comment": "rotating",
          "switchChannels": {
            "Gobo Indexing / Rotation": "Gobo Rotation"
          }
        },
        {
          "dmxRange": [65, 88],
          "type": "WheelShake",
          "slotNumber": 2,
          "isShaking": "slot",
          "switchChannels": {
            "Gobo Indexing / Rotation": "Gobo Indexing"
          }
        },
        {
          "dmxRange": [89, 112],
          "type": "WheelShake",
          "slotNumber": 3,
          "isShaking": "slot",
          "switchChannels": {
            "Gobo Indexing / Rotation": "Gobo Indexing"
          }
        },
        {
          "dmxRange": [113, 136],
          "type": "WheelShake",
          "slotNumber": 4,
          "isShaking": "slot",
          "switchChannels": {
            "Gobo Indexing / Rotation": "Gobo Indexing"
          }
        },
        {
          "dmxRange": [137, 160],
          "type": "WheelShake",
          "slotNumber": 5,
          "isShaking": "slot",
          "switchChannels": {
            "Gobo Indexing / Rotation": "Gobo Indexing"
          }
        },
        {
          "dmxRange": [161, 184],
          "type": "WheelShake",
          "slotNumber": 6,
          "isShaking": "slot",
          "switchChannels": {
            "Gobo Indexing / Rotation": "Gobo Indexing"
          }
        },
        {
          "dmxRange": [185, 208],
          "type": "WheelShake",
          "slotNumber": 7,
          "isShaking": "slot",
          "switchChannels": {
            "Gobo Indexing / Rotation": "Gobo Indexing"
          }
        },
        {
          "dmxRange": [209, 209],
          "type": "NoFunction",
          "switchChannels": {
            "Gobo Indexing / Rotation": "Gobo Indexing"
          }
        },
        {
          "dmxRange": [210, 232],
          "type": "WheelRotation",
          "speedStart": "fast CW",
          "speedEnd": "slow CW",
          "switchChannels": {
            "Gobo Indexing / Rotation": "Gobo Indexing"
          }
        },
        {
          "dmxRange": [233, 255],
          "type": "WheelRotation",
          "speedStart": "slow CCW",
          "speedEnd": "fast CCW",
          "switchChannels": {
            "Gobo Indexing / Rotation": "Gobo Indexing"
          }
        }
      ]
    },
    "Gobo Indexing": {
      "capability": {
        "type": "WheelSlotRotation",
        "wheel": "Rotating Gobo Wheel",
        "angleStart": "0deg",
        "angleEnd": "180deg"
      }
    },
    "Gobo Rotation": {
      "defaultValue": 128,
      "capabilities": [
        {
          "dmxRange": [0, 2],
          "type": "WheelSlotRotation",
          "wheel": "Rotating Gobo Wheel",
          "angle": "0deg"
        },
        {
          "dmxRange": [3, 126],
          "type": "WheelSlotRotation",
          "wheel": "Rotating Gobo Wheel",
          "speedStart": "fast CW",
          "speedEnd": "slow CW"
        },
        {
          "dmxRange": [127, 129],
          "type": "WheelSlotRotation",
          "wheel": "Rotating Gobo Wheel",
          "speed": "stop"
        },
        {
          "dmxRange": [130, 253],
          "type": "WheelSlotRotation",
          "wheel": "Rotating Gobo Wheel",
          "speedStart": "slow CCW",
          "speedEnd": "fast CCW"
        },
        {
          "dmxRange": [254, 255],
          "type": "WheelSlotRotation",
          "wheel": "Rotating Gobo Wheel",
          "speed": "stop"
        }
      ]
    },
    "Static Gobo Wheel": {
      "defaultValue": 0,
      "capabilities": [
        {
          "dmxRange": [0, 0],
          "type": "WheelSlot",
          "slotNumber": 1
        },
        {
          "dmxRange": [1, 14],
          "type": "WheelSlot",
          "slotNumberStart": 1,
          "slotNumberEnd": 2
        },
        {
          "dmxRange": [15, 15],
          "type": "WheelSlot",
          "slotNumber": 2
        },
        {
          "dmxRange": [16, 29],
          "type": "WheelSlot",
          "slotNumberStart": 2,
          "slotNumberEnd": 3
        },
        {
          "dmxRange": [30, 30],
          "type": "WheelSlot",
          "slotNumber": 3
        },
        {
          "dmxRange": [31, 44],
          "type": "WheelSlot",
          "slotNumberStart": 3,
          "slotNumberEnd": 4
        },
        {
          "dmxRange": [45, 45],
          "type": "WheelSlot",
          "slotNumber": 4
        },
        {
          "dmxRange": [46, 59],
          "type": "WheelSlot",
          "slotNumberStart": 4,
          "slotNumberEnd": 5
        },
        {
          "dmxRange": [60, 60],
          "type": "WheelSlot",
          "slotNumber": 5
        },
        {
          "dmxRange": [61, 74],
          "type": "WheelSlot",
          "slotNumberStart": 5,
          "slotNumberEnd": 6
        },
        {
          "dmxRange": [75, 75],
          "type": "WheelSlot",
          "slotNumber": 6
        },
        {
          "dmxRange": [76, 89],
          "type": "WheelSlot",
          "slotNumberStart": 6,
          "slotNumberEnd": 7
        },
        {
          "dmxRange": [90, 90],
          "type": "WheelSlot",
          "slotNumber": 7
        },
        {
          "dmxRange": [91, 104],
          "type": "WheelSlot",
          "slotNumberStart": 7,
          "slotNumberEnd": 8
        },
        {
          "dmxRange": [105, 105],
          "type": "WheelSlot",
          "slotNumber": 8
        },
        {
          "dmxRange": [106, 119],
          "type": "WheelSlot",
          "slotNumberStart": 8,
          "slotNumberEnd": 9
        },
        {
          "dmxRange": [120, 160],
          "type": "WheelSlot",
          "slotNumber": 1
        },
        {
          "dmxRange": [161, 163],
          "type": "WheelSlot",
          "slotNumber": 2
        },
        {
          "dmxRange": [164, 166],
          "type": "WheelSlot",
          "slotNumber": 3
        },
        {
          "dmxRange": [167, 169],
          "type": "WheelSlot",
          "slotNumber": 4
        },
        {
          "dmxRange": [170, 172],
          "type": "WheelSlot",
          "slotNumber": 5
        },
        {
          "dmxRange": [173, 175],
          "type": "WheelSlot",
          "slotNumber": 6
        },
        {
          "dmxRange": [176, 178],
          "type": "WheelSlot",
          "slotNumber": 7
        },
        {
          "dmxRange": [179, 181],
          "type": "WheelSlot",
          "slotNumber": 8
        },
        {
          "dmxRange": [182, 192],
          "type": "WheelSlot",
          "slotNumber": 1
        },
        {
          "dmxRange": [193, 214],
          "type": "WheelRotation",
          "speedStart": "fast CW",
          "speedEnd": "slow CW"
        },
        {
          "dmxRange": [215, 221],
          "type": "WheelRotation",
          "speed": "stop"
        },
        {
          "dmxRange": [222, 243],
          "type": "WheelRotation",
          "speedStart": "slow CCW",
          "speedEnd": "fast CCW"
        },
        {
          "dmxRange": [244, 247],
          "type": "Effect",
          "effectName": "Random gobo",
          "speed": "fast"
        },
        {
          "dmxRange": [248, 251],
          "type": "Effect",
          "effectName": "Random gobo",
          "speed": "50%"
        },
        {
          "dmxRange": [252, 255],
          "type": "Effect",
          "effectName": "Random gobo",
          "speed": "slow"
        }
      ]
    },
    "Prism": {
      "defaultValue": 0,
      "capabilities": [
        {
          "dmxRange": [0, 10],
          "type": "NoFunction",
          "switchChannels": {
            "Prism Indexing / Rotation": "Prism Indexing"
          }
        },
        {
          "dmxRange": [11, 138],
          "type": "Prism",
          "comment": "indexed",
          "switchChannels": {
            "Prism Indexing / Rotation": "Prism Indexing"
          }
        },
        {
          "dmxRange": [139, 255],
          "type": "Prism",
          "comment": "rotating",
          "switchChannels": {
            "Prism Indexing / Rotation": "Prism Rotation"
          }
        }
      ]
    },
    "Prism Indexing": {
      "capability": {
        "type": "PrismRotation",
        "angleStart": "0deg",
        "angleEnd": "180deg"
      }
    },
    "Prism Rotation": {
      "defaultValue": 128,
      "capabilities": [
        {
          "dmxRange": [0, 2],
          "type": "PrismRotation",
          "angle": "0deg"
        },
        {
          "dmxRange": [3, 126],
          "type": "PrismRotation",
          "speedStart": "fast CW",
          "speedEnd": "slow CW"
        },
        {
          "dmxRange": [127, 129],
          "type": "PrismRotation",
          "speed": "stop"
        },
        {
          "dmxRange": [130, 253],
          "type": "PrismRotation",
          "speedStart": "slow CCW",
          "speedEnd": "fast CCW"
        },
        {
          "dmxRange": [254, 255],
          "type": "PrismRotation",
          "speed": "stop"
        }
      ]
    },
    "Focus": {
      "capability": {
        "type": "Focus",
        "distanceStart": "far",
        "distanceEnd": "near"
      }
    },
    "Pan": {
      "fineChannelAliases": ["Pan fine"],
      "dmxValueResolution": "8bit",
      "capability": {
        "type": "Pan",
        "angleStart": "0deg",
        "angleEnd": "170deg"
      }
    },
    "Tilt": {
      "fineChannelAliases": ["Tilt fine"],
      "dmxValueResolution": "8bit",
      "capability": {
        "type": "Tilt",
        "angleStart": "0deg",
        "angleEnd": "75deg"
      }
    },
    "Functions / Settings": {
      "defaultValue": 0,
      "capabilities": [
        {
          "dmxRange": [0, 9],
          "type": "NoFunction"
        },
        {
          "dmxRange": [10, 14],
          "type": "Maintenance",
          "comment": "Reset all"
        },
        {
          "dmxRange": [15, 19],
          "type": "Maintenance",
          "comment": "Reset color"
        },
        {
          "dmxRange": [20, 24],
          "type": "Maintenance",
          "comment": "Reset gobo"
        },
        {
          "dmxRange": [25, 29],
          "type": "Maintenance",
          "comment": "Reset focus"
        },
        {
          "dmxRange": [30, 34],
          "type": "Maintenance",
          "comment": "Reset prism"
        },
        {
          "dmxRange": [35, 39],
          "type": "Maintenance",
          "comment": "Reset pan/tilt"
        },
        {
          "dmxRange": [40, 54],
          "type": "NoFunction"
        },
        {
          "dmxRange": [55, 59],
          "type": "Maintenance",
          "comment": "Enable calibration"
        },
        {
          "dmxRange": [60, 79],
          "type": "NoFunction"
        },
        {
          "dmxRange": [80, 84],
          "type": "Maintenance",
          "comment": "Pan/tilt speed = normal"
        },
        {
          "dmxRange": [85, 89],
          "type": "Maintenance",
          "comment": "Pan/tilt speed = fast (default)"
        },
        {
          "dmxRange": [90, 94],
          "type": "Maintenance",
          "comment": "Pan/tilt speed = slow"
        },
        {
          "dmxRange": [95, 99],
          "type": "Maintenance",
          "comment": "Parameter shortcuts = On (default)"
        },
        {
          "dmxRange": [100, 104],
          "type": "Maintenance",
          "comment": "Parameter shortcuts = Off"
        },
        {
          "dmxRange": [105, 144],
          "type": "NoFunction"
        },
        {
          "dmxRange": [145, 149],
          "type": "Maintenance",
          "comment": "Blackout = On (fixture goes to standby when no DMX signal)"
        },
        {
          "dmxRange": [150, 154],
          "type": "Maintenance",
          "comment": "Blackout = Off (default setting: fixture enters standalone operation when no DMX signal)"
        },
        {
          "dmxRange": [155, 159],
          "type": "Maintenance",
          "comment": "Illuminate control panel display"
        },
        {
          "dmxRange": [160, 164],
          "type": "Maintenance",
          "comment": "Turn off control panel display"
        },
        {
          "dmxRange": [165, 194],
          "type": "NoFunction"
        },
        {
          "dmxRange": [195, 199],
          "type": "Maintenance",
          "comment": "Store color wheel 1 calibration"
        },
        {
          "dmxRange": [200, 204],
          "type": "Maintenance",
          "comment": "Store color wheel 2 calibration"
        },
        {
          "dmxRange": [205, 209],
          "type": "Maintenance",
          "comment": "Store rotating gobo wheel calibration"
        },
        {
          "dmxRange": [210, 214],
          "type": "Maintenance",
          "comment": "Store rotating gobo calibration"
        },
        {
          "dmxRange": [215, 219],
          "type": "Maintenance",
          "comment": "Store static gobo wheel calibration"
        },
        {
          "dmxRange": [220, 224],
          "type": "Maintenance",
          "comment": "Store focus calibration"
        },
        {
          "dmxRange": [225, 229],
          "type": "Maintenance",
          "comment": "Store prism calibration"
        },
        {
          "dmxRange": [230, 234],
          "type": "Maintenance",
          "comment": "Store prism rotation calibration"
        },
        {
          "dmxRange": [235, 239],
          "type": "Maintenance",
          "comment": "Store pan calibration"
        },
        {
          "dmxRange": [240, 244],
          "type": "Maintenance",
          "comment": "Store tilt calibration"
        },
        {
          "dmxRange": [245, 249],
          "type": "Maintenance",
          "comment": "Reset all calibration settings to factory defaults"
        },
        {
          "dmxRange": [250, 255],
          "type": "NoFunction"
        }
      ]
    }
  },
  "modes": [
    {
      "name": "16-channel",
      "shortName": "16ch",
      "channels": [
        "Dimmer",
        "Dimmer fine",
        "Strobe",
        "Color Wheel 1",
        "Color Wheel 2",
        "Rotating Gobo Wheel",
        "Gobo Indexing / Rotation",
        "Static Gobo Wheel",
        "Prism",
        "Prism Indexing / Rotation",
        "Focus",
        "Pan",
        "Pan fine",
        "Tilt",
        "Tilt fine",
        "Functions / Settings"
      ]
    }
  ],
  "fixtureKey": "rush-scanner-1-led",
  "manufacturerKey": "martin",
  "oflURL": "https://open-fixture-library.org/martin/rush-scanner-1-led"
}
