{
  "$schema": "https://raw.githubusercontent.com/OpenLightingProject/open-fixture-library/schema-12.1.0/schemas/fixture.json",
  "name": "Auro Spot 400",
  "shortName": "CLAS400",
  "categories": ["Moving Head", "Color Changer"],
  "meta": {
    "authors": ["Felix Edelmann"],
    "createDate": "2019-02-08",
    "lastModifyDate": "2019-02-08"
  },
  "links": {
    "manual": [
      "https://adamhall.s3.amazonaws.com/media/MARKEN/CAMEO/CLAS400/CLAS400_Bedienungsanleitung_EN_DE_FR_ES_PL_IT.pdf"
    ],
    "productPage": [
      "https://www.cameolight.com/en/solutions/dj-musicians/moving-lights/moving-heads/2075/auro-spot-400"
    ],
    "video": [
      "https://www.youtube.com/watch?v=dgaex6QQBOI&t=141"
    ]
  },
  "physical": {
    "dimensions": [405, 565, 285],
    "weight": 15.6,
    "power": 290,
    "DMXconnector": "3-pin and 5-pin",
    "bulb": {
      "type": "180W white LED",
      "colorTemperature": 9300,
      "lumens": 4470
    },
    "lens": {
      "degreesMinMax": [12, 12]
    }
  },
  "wheels": {
    "Color Wheel 1": {
      "slots": [
        {
          "type": "Open"
        },
        {
          "type": "Color",
          "name": "Red",
          "colors": ["#ff0000"]
        },
        {
          "type": "Color",
          "name": "Orange",
          "colors": ["#ffaa00"]
        },
        {
          "type": "Color",
          "name": "Yellow",
          "colors": ["#ffff00"]
        },
        {
          "type": "Color",
          "name": "Green",
          "colors": ["#00ff00"]
        },
        {
          "type": "Color",
          "name": "Cyan",
          "colors": ["#00ffff"]
        },
        {
          "type": "Color",
          "name": "Blue",
          "colors": ["#0000ff"]
        },
        {
          "type": "Color",
          "name": "Magenta",
          "colors": ["#ff00ff"]
        }
      ]
    },
    "Color Wheel 2": {
      "slots": [
        {
          "type": "Open"
        },
        {
          "type": "Color",
          "name": "Amber",
          "colors": ["#ffaa00"]
        },
        {
          "type": "Color",
          "name": "Yellow warm",
          "colors": ["#ffd500"]
        },
        {
          "type": "Color",
          "name": "Lavender",
          "colors": ["#ccbfff"]
        },
        {
          "type": "Color",
          "name": "Lime",
          "colors": ["#92ff00"]
        },
        {
          "type": "Color",
          "name": "Turquoise",
          "colors": ["#00ffbb"]
        },
        {
          "type": "Color",
          "name": "Warm White",
          "colors": ["#fffbf2"],
          "colorTemperature": "CTO"
        },
        {
          "type": "Color",
          "name": "Cold White",
          "colors": ["#f2f6fe"],
          "colorTemperature": "CTB"
        }
      ]
    },
    "Gobo Wheel 1": {
      "slots": [
        {
          "type": "Open"
        },
        {
          "type": "Gobo"
        },
        {
          "type": "Gobo"
        },
        {
          "type": "Gobo"
        },
        {
          "type": "Gobo"
        },
        {
          "type": "Gobo"
        },
        {
          "type": "Gobo"
        },
        {
          "type": "Gobo"
        }
      ]
    },
    "Gobo Wheel 2": {
      "slots": [
        {
          "type": "Open"
        },
        {
          "type": "Gobo"
        },
        {
          "type": "Gobo"
        },
        {
          "type": "Gobo"
        },
        {
          "type": "Gobo"
        },
        {
          "type": "Gobo"
        },
        {
          "type": "Gobo"
        },
        {
          "type": "Gobo"
        },
        {
          "type": "Gobo"
        },
        {
          "type": "Gobo"
        }
      ]
    },
    "Prism Wheel": {
      "slots": [
        {
          "type": "Open"
        },
        {
          "type": "Prism",
          "facets": 3
        },
        {
          "type": "Prism",
          "facets": 5
        },
        {
          "type": "Prism",
          "facets": 8
        }
      ]
    }
  },
  "availableChannels": {
    "Pan": {
      "fineChannelAliases": ["Pan fine"],
      "defaultValue": "50%",
      "capability": {
        "type": "Pan",
        "angleStart": "0deg",
        "angleEnd": "630deg"
      }
    },
    "Tilt": {
      "fineChannelAliases": ["Tilt fine"],
      "defaultValue": "50%",
      "capability": {
        "type": "Tilt",
        "angleStart": "0deg",
        "angleEnd": "230deg"
      }
    },
    "Dimmer": {
      "fineChannelAliases": ["Dimmer fine"],
      "defaultValue": 0,
      "capability": {
        "type": "Intensity"
      }
    },
    "Strobe": {
      "defaultValue": 0,
      "capabilities": [
        {
          "dmxRange": [0, 10],
          "type": "ShutterStrobe",
          "shutterEffect": "Open"
        },
        {
          "dmxRange": [11, 255],
          "type": "ShutterStrobe",
          "shutterEffect": "Strobe",
          "speedStart": "1Hz",
          "speedEnd": "20Hz"
        }
      ]
    },
    "Strobe Functions": {
      "defaultValue": 0,
      "capabilities": [
        {
          "dmxRange": [0, 5],
          "type": "ShutterStrobe",
          "shutterEffect": "Open"
        },
        {
          "dmxRange": [6, 10],
          "type": "ShutterStrobe",
          "shutterEffect": "Closed"
        },
        {
          "dmxRange": [11, 33],
          "type": "ShutterStrobe",
          "shutterEffect": "Pulse",
          "speedStart": "slow",
          "speedEnd": "fast",
          "randomTiming": true
        },
        {
          "dmxRange": [34, 56],
          "type": "ShutterStrobe",
          "shutterEffect": "RampUp",
          "speedStart": "slow",
          "speedEnd": "fast",
          "randomTiming": true
        },
        {
          "dmxRange": [57, 79],
          "type": "ShutterStrobe",
          "shutterEffect": "RampDown",
          "speedStart": "slow",
          "speedEnd": "fast",
          "randomTiming": true
        },
        {
          "dmxRange": [80, 102],
          "type": "ShutterStrobe",
          "shutterEffect": "Strobe",
          "speedStart": "slow",
          "speedEnd": "fast",
          "randomTiming": true
        },
        {
          "dmxRange": [103, 127],
          "type": "ShutterStrobe",
          "shutterEffect": "Strobe",
          "durationStart": "5s",
          "durationEnd": "1s",
          "comment": "Short burst with break"
        },
        {
          "dmxRange": [128, 250],
          "type": "ShutterStrobe",
          "shutterEffect": "Strobe",
          "speedStart": "1Hz",
          "speedEnd": "20Hz"
        },
        {
          "dmxRange": [251, 255],
          "type": "ShutterStrobe",
          "shutterEffect": "Open"
        }
      ]
    },
    "Color Wheel 1": {
      "defaultValue": 0,
      "capabilities": [
        {
          "dmxRange": [0, 5],
          "type": "WheelSlot",
          "slotNumber": 1
        },
        {
          "dmxRange": [6, 13],
          "type": "WheelSlot",
          "slotNumber": 1.5
        },
        {
          "dmxRange": [14, 21],
          "type": "WheelSlot",
          "slotNumber": 2
        },
        {
          "dmxRange": [22, 29],
          "type": "WheelSlot",
          "slotNumber": 2.5
        },
        {
          "dmxRange": [30, 37],
          "type": "WheelSlot",
          "slotNumber": 3
        },
        {
          "dmxRange": [38, 45],
          "type": "WheelSlot",
          "slotNumber": 3.5
        },
        {
          "dmxRange": [46, 53],
          "type": "WheelSlot",
          "slotNumber": 4
        },
        {
          "dmxRange": [54, 61],
          "type": "WheelSlot",
          "slotNumber": 4.5
        },
        {
          "dmxRange": [62, 69],
          "type": "WheelSlot",
          "slotNumber": 5
        },
        {
          "dmxRange": [70, 77],
          "type": "WheelSlot",
          "slotNumber": 5.5
        },
        {
          "dmxRange": [78, 85],
          "type": "WheelSlot",
          "slotNumber": 6
        },
        {
          "dmxRange": [86, 93],
          "type": "WheelSlot",
          "slotNumber": 6.5
        },
        {
          "dmxRange": [94, 101],
          "type": "WheelSlot",
          "slotNumber": 7
        },
        {
          "dmxRange": [102, 109],
          "type": "WheelSlot",
          "slotNumber": 7.5
        },
        {
          "dmxRange": [110, 117],
          "type": "WheelSlot",
          "slotNumber": 8
        },
        {
          "dmxRange": [118, 125],
          "type": "WheelSlot",
          "slotNumber": 8.5
        },
        {
          "dmxRange": [126, 128],
          "type": "WheelRotation",
          "speed": "stop"
        },
        {
          "dmxRange": [129, 255],
          "type": "WheelRotation",
          "speedStart": "slow CW",
          "speedEnd": "fast CW"
        }
      ]
    },
    "Color Wheel 2": {
      "defaultValue": 0,
      "capabilities": [
        {
          "dmxRange": [0, 5],
          "type": "WheelSlot",
          "slotNumber": 1
        },
        {
          "dmxRange": [6, 13],
          "type": "WheelSlot",
          "slotNumber": 1.5
        },
        {
          "dmxRange": [14, 21],
          "type": "WheelSlot",
          "slotNumber": 2
        },
        {
          "dmxRange": [22, 29],
          "type": "WheelSlot",
          "slotNumber": 2.5
        },
        {
          "dmxRange": [30, 37],
          "type": "WheelSlot",
          "slotNumber": 3
        },
        {
          "dmxRange": [38, 45],
          "type": "WheelSlot",
          "slotNumber": 3.5
        },
        {
          "dmxRange": [46, 53],
          "type": "WheelSlot",
          "slotNumber": 4
        },
        {
          "dmxRange": [54, 61],
          "type": "WheelSlot",
          "slotNumber": 4.5
        },
        {
          "dmxRange": [62, 69],
          "type": "WheelSlot",
          "slotNumber": 5
        },
        {
          "dmxRange": [70, 77],
          "type": "WheelSlot",
          "slotNumber": 5.5
        },
        {
          "dmxRange": [78, 85],
          "type": "WheelSlot",
          "slotNumber": 6
        },
        {
          "dmxRange": [86, 93],
          "type": "WheelSlot",
          "slotNumber": 6.5
        },
        {
          "dmxRange": [94, 101],
          "type": "WheelSlot",
          "slotNumber": 7
        },
        {
          "dmxRange": [102, 109],
          "type": "WheelSlot",
          "slotNumber": 7.5
        },
        {
          "dmxRange": [110, 117],
          "type": "WheelSlot",
          "slotNumber": 8
        },
        {
          "dmxRange": [118, 125],
          "type": "WheelSlot",
          "slotNumber": 8.5
        },
        {
          "dmxRange": [126, 128],
          "type": "WheelRotation",
          "speed": "stop"
        },
        {
          "dmxRange": [129, 255],
          "type": "WheelRotation",
          "speedStart": "slow CW",
          "speedEnd": "fast CW"
        }
      ]
    },
    "Gobo Wheel 1": {
      "defaultValue": 0,
      "capabilities": [
        {
          "dmxRange": [0, 5],
          "type": "WheelSlot",
          "slotNumber": 1
        },
        {
          "dmxRange": [6, 22],
          "type": "WheelSlot",
          "slotNumber": 2
        },
        {
          "dmxRange": [23, 39],
          "type": "WheelSlot",
          "slotNumber": 3
        },
        {
          "dmxRange": [40, 56],
          "type": "WheelSlot",
          "slotNumber": 4
        },
        {
          "dmxRange": [57, 73],
          "type": "WheelSlot",
          "slotNumber": 5
        },
        {
          "dmxRange": [74, 90],
          "type": "WheelSlot",
          "slotNumber": 6
        },
        {
          "dmxRange": [91, 107],
          "type": "WheelSlot",
          "slotNumber": 7
        },
        {
          "dmxRange": [108, 127],
          "type": "WheelSlot",
          "slotNumber": 8
        },
        {
          "dmxRange": [128, 128],
          "type": "WheelRotation",
          "speed": "stop"
        },
        {
          "dmxRange": [129, 191],
          "type": "WheelRotation",
          "speedStart": "slow CW",
          "speedEnd": "fast CW"
        },
        {
          "dmxRange": [192, 255],
          "type": "WheelRotation",
          "speedStart": "fast CCW",
          "speedEnd": "slow CCW"
        }
      ]
    },
    "Gobo 1 Rotation": {
      "defaultValue": 0,
      "capabilities": [
        {
          "dmxRange": [0, 5],
          "type": "NoFunction"
        },
        {
          "dmxRange": [6, 127],
          "type": "WheelSlotRotation",
          "wheel": "Gobo Wheel 1",
          "angleStart": "0deg",
          "angleEnd": "360deg"
        },
        {
          "dmxRange": [128, 128],
          "type": "WheelSlotRotation",
          "wheel": "Gobo Wheel 1",
          "speed": "stop"
        },
        {
          "dmxRange": [129, 191],
          "type": "WheelSlotRotation",
          "wheel": "Gobo Wheel 1",
          "speedStart": "slow CW",
          "speedEnd": "fast CW"
        },
        {
          "dmxRange": [192, 250],
          "type": "WheelSlotRotation",
          "wheel": "Gobo Wheel 1",
          "speedStart": "fast CCW",
          "speedEnd": "slow CCW"
        },
        {
          "dmxRange": [251, 255],
          "type": "WheelSlotRotation",
          "wheel": "Gobo Wheel 1",
          "speed": "stop"
        }
      ]
    },
    "Gobo 1 Shake": {
      "defaultValue": 0,
      "capabilities": [
        {
          "dmxRange": [0, 5],
          "type": "NoFunction"
        },
        {
          "dmxRange": [6, 37],
          "type": "WheelShake",
          "wheel": "Gobo Wheel 1",
          "shakeSpeed": "12.5%",
          "shakeAngleStart": "narrow",
          "shakeAngleEnd": "wide"
        },
        {
          "dmxRange": [38, 69],
          "type": "WheelShake",
          "wheel": "Gobo Wheel 1",
          "shakeSpeed": "25%",
          "shakeAngleStart": "narrow",
          "shakeAngleEnd": "wide"
        },
        {
          "dmxRange": [70, 101],
          "type": "WheelShake",
          "wheel": "Gobo Wheel 1",
          "shakeSpeed": "37.5%",
          "shakeAngleStart": "narrow",
          "shakeAngleEnd": "wide"
        },
        {
          "dmxRange": [102, 133],
          "type": "WheelShake",
          "wheel": "Gobo Wheel 1",
          "shakeSpeed": "50%",
          "shakeAngleStart": "narrow",
          "shakeAngleEnd": "wide"
        },
        {
          "dmxRange": [134, 165],
          "type": "WheelShake",
          "wheel": "Gobo Wheel 1",
          "shakeSpeed": "62.5%",
          "shakeAngleStart": "narrow",
          "shakeAngleEnd": "wide"
        },
        {
          "dmxRange": [166, 197],
          "type": "WheelShake",
          "wheel": "Gobo Wheel 1",
          "shakeSpeed": "75%",
          "shakeAngleStart": "narrow",
          "shakeAngleEnd": "wide"
        },
        {
          "dmxRange": [198, 229],
          "type": "WheelShake",
          "wheel": "Gobo Wheel 1",
          "shakeSpeed": "87.5%",
          "shakeAngleStart": "narrow",
          "shakeAngleEnd": "wide"
        },
        {
          "dmxRange": [230, 255],
          "type": "WheelShake",
          "wheel": "Gobo Wheel 1",
          "shakeSpeed": "100%",
          "shakeAngleStart": "narrow",
          "shakeAngleEnd": "wide"
        }
      ]
    },
    "Gobo Wheel 2": {
      "defaultValue": 0,
      "capabilities": [
        {
          "dmxRange": [0, 5],
          "type": "WheelSlot",
          "slotNumber": 1
        },
        {
          "dmxRange": [6, 19],
          "type": "WheelSlot",
          "slotNumber": 2
        },
        {
          "dmxRange": [20, 33],
          "type": "WheelSlot",
          "slotNumber": 3
        },
        {
          "dmxRange": [34, 47],
          "type": "WheelSlot",
          "slotNumber": 4
        },
        {
          "dmxRange": [48, 61],
          "type": "WheelSlot",
          "slotNumber": 5
        },
        {
          "dmxRange": [62, 75],
          "type": "WheelSlot",
          "slotNumber": 6
        },
        {
          "dmxRange": [76, 89],
          "type": "WheelSlot",
          "slotNumber": 7
        },
        {
          "dmxRange": [90, 103],
          "type": "WheelSlot",
          "slotNumber": 8
        },
        {
          "dmxRange": [104, 117],
          "type": "WheelSlot",
          "slotNumber": 9
        },
        {
          "dmxRange": [118, 127],
          "type": "WheelSlot",
          "slotNumber": 10
        },
        {
          "dmxRange": [128, 128],
          "type": "WheelRotation",
          "speed": "stop"
        },
        {
          "dmxRange": [129, 191],
          "type": "WheelRotation",
          "speedStart": "slow CW",
          "speedEnd": "fast CW"
        },
        {
          "dmxRange": [192, 255],
          "type": "WheelRotation",
          "speedStart": "fast CCW",
          "speedEnd": "slow CCW"
        }
      ]
    },
    "Gobo 2 Shake": {
      "defaultValue": 0,
      "capabilities": [
        {
          "dmxRange": [0, 5],
          "type": "NoFunction"
        },
        {
          "dmxRange": [6, 37],
          "type": "WheelShake",
          "wheel": "Gobo Wheel 2",
          "shakeSpeed": "12.5%",
          "shakeAngleStart": "narrow",
          "shakeAngleEnd": "wide"
        },
        {
          "dmxRange": [38, 69],
          "type": "WheelShake",
          "wheel": "Gobo Wheel 2",
          "shakeSpeed": "25%",
          "shakeAngleStart": "narrow",
          "shakeAngleEnd": "wide"
        },
        {
          "dmxRange": [70, 101],
          "type": "WheelShake",
          "wheel": "Gobo Wheel 2",
          "shakeSpeed": "37.5%",
          "shakeAngleStart": "narrow",
          "shakeAngleEnd": "wide"
        },
        {
          "dmxRange": [102, 133],
          "type": "WheelShake",
          "wheel": "Gobo Wheel 2",
          "shakeSpeed": "50%",
          "shakeAngleStart": "narrow",
          "shakeAngleEnd": "wide"
        },
        {
          "dmxRange": [134, 165],
          "type": "WheelShake",
          "wheel": "Gobo Wheel 2",
          "shakeSpeed": "62.5%",
          "shakeAngleStart": "narrow",
          "shakeAngleEnd": "wide"
        },
        {
          "dmxRange": [166, 197],
          "type": "WheelShake",
          "wheel": "Gobo Wheel 2",
          "shakeSpeed": "75%",
          "shakeAngleStart": "narrow",
          "shakeAngleEnd": "wide"
        },
        {
          "dmxRange": [198, 229],
          "type": "WheelShake",
          "wheel": "Gobo Wheel 2",
          "shakeSpeed": "87.5%",
          "shakeAngleStart": "narrow",
          "shakeAngleEnd": "wide"
        },
        {
          "dmxRange": [230, 255],
          "type": "WheelShake",
          "wheel": "Gobo Wheel 2",
          "shakeSpeed": "100%",
          "shakeAngleStart": "narrow",
          "shakeAngleEnd": "wide"
        }
      ]
    },
    "Prism Wheel": {
      "defaultValue": 0,
      "capabilities": [
        {
          "dmxRange": [0, 5],
          "type": "WheelSlot",
          "slotNumber": 1
        },
        {
          "dmxRange": [6, 127],
          "type": "WheelSlot",
          "slotNumber": 2
        },
        {
          "dmxRange": [128, 191],
          "type": "WheelSlot",
          "slotNumber": 3
        },
        {
          "dmxRange": [192, 255],
          "type": "WheelSlot",
          "slotNumber": 4
        }
      ]
    },
    "Prism Wheel Rotation": {
      "defaultValue": 0,
      "capabilities": [
        {
          "dmxRange": [0, 5],
          "type": "NoFunction"
        },
        {
          "dmxRange": [6, 127],
          "type": "WheelSlotRotation",
          "wheel": "Prism Wheel",
          "angleStart": "0deg",
          "angleEnd": "360deg"
        },
        {
          "dmxRange": [128, 128],
          "type": "WheelSlotRotation",
          "wheel": "Prism Wheel",
          "speed": "stop"
        },
        {
          "dmxRange": [129, 191],
          "type": "WheelSlotRotation",
          "wheel": "Prism Wheel",
          "speedStart": "slow CW",
          "speedEnd": "fast CW"
        },
        {
          "dmxRange": [192, 250],
          "type": "WheelSlotRotation",
          "wheel": "Prism Wheel",
          "speedStart": "fast CCW",
          "speedEnd": "slow CCW"
        },
        {
          "dmxRange": [251, 255],
          "type": "WheelSlotRotation",
          "wheel": "Prism Wheel",
          "speed": "stop"
        }
      ]
    },
    "Focus": {
      "fineChannelAliases": ["Focus fine"],
      "capability": {
        "type": "Focus",
        "distanceStart": "0%",
        "distanceEnd": "100%",
        "helpWanted": "Is this near…far or far…near?"
      }
    },
    "Frost": {
      "defaultValue": 0,
      "capability": {
        "type": "Frost",
        "frostIntensityStart": "off",
        "frostIntensityEnd": "high"
      }
    },
    "Auto Programs": {
      "defaultValue": 0,
      "capabilities": [
        {
          "dmxRange": [0, 5],
          "type": "NoFunction"
        },
        {
          "dmxRange": [6, 30],
          "type": "Effect",
          "effectName": "Program 1"
        },
        {
          "dmxRange": [31, 55],
          "type": "Effect",
          "effectName": "Program 2"
        },
        {
          "dmxRange": [56, 80],
          "type": "Effect",
          "effectName": "Program 3"
        },
        {
          "dmxRange": [81, 105],
          "type": "Effect",
          "effectName": "Program 4"
        },
        {
          "dmxRange": [106, 130],
          "type": "Effect",
          "effectName": "Program 5"
        },
        {
          "dmxRange": [131, 155],
          "type": "Effect",
          "effectName": "Program 6"
        },
        {
          "dmxRange": [156, 180],
          "type": "Effect",
          "effectName": "Program 7"
        },
        {
          "dmxRange": [181, 205],
          "type": "Effect",
          "effectName": "Program 8"
        },
        {
          "dmxRange": [206, 230],
          "type": "Effect",
          "effectName": "Program 9"
        },
        {
          "dmxRange": [231, 255],
          "type": "Effect",
          "effectName": "Program 10"
        }
      ]
    },
    "Auto Program Speed": {
      "capability": {
        "type": "Speed",
        "speedStart": "slow",
        "speedEnd": "fast"
      }
    },
    "Pan/Tilt Macro": {
      "defaultValue": 0,
      "capabilities": [
        {
          "dmxRange": [0, 5],
          "type": "NoFunction"
        },
        {
          "dmxRange": [6, 47],
          "type": "Effect",
          "effectName": "Pan",
          "parameterStart": "small",
          "parameterEnd": "big"
        },
        {
          "dmxRange": [48, 89],
          "type": "Effect",
          "effectName": "Tilt",
          "parameterStart": "small",
          "parameterEnd": "big"
        },
        {
          "dmxRange": [90, 131],
          "type": "Effect",
          "effectName": "Pan/Tilt",
          "parameterStart": "small",
          "parameterEnd": "big"
        },
        {
          "dmxRange": [132, 173],
          "type": "Effect",
          "effectName": "Pan/Tilt inverse",
          "parameterStart": "small",
          "parameterEnd": "big"
        },
        {
          "dmxRange": [174, 215],
          "type": "Effect",
          "effectName": "Ellipse",
          "parameterStart": "small",
          "parameterEnd": "big"
        },
        {
          "dmxRange": [216, 255],
          "type": "Effect",
          "effectName": "Random",
          "parameterStart": "small",
          "parameterEnd": "big"
        }
      ]
    },
    "Pan/Tilt Macro Speed": {
      "capability": {
        "type": "EffectSpeed",
        "speedStart": "fast",
        "speedEnd": "slow"
      }
    },
    "Dimmer Curve": {
      "defaultValue": 0,
      "capabilities": [
        {
          "dmxRange": [0, 5],
          "type": "NoFunction"
        },
        {
          "dmxRange": [6, 127],
          "type": "Maintenance",
          "comment": "Linear Dimmer Curve"
        },
        {
          "dmxRange": [128, 191],
          "type": "Maintenance",
          "comment": "Exponential Dimmer Curve"
        },
        {
          "dmxRange": [192, 250],
          "type": "Maintenance",
          "comment": "Logarithmic Dimmer Curve"
        },
        {
          "dmxRange": [251, 255],
          "type": "Maintenance",
          "comment": "S-Curve Dimmer Curve"
        }
      ]
    },
    "Pan/Tilt Speed": {
      "defaultValue": 0,
      "capability": {
        "type": "PanTiltSpeed",
        "speedStart": "fast",
        "speedEnd": "slow"
      }
    },
    "Device Settings": {
      "defaultValue": 0,
      "capabilities": [
        {
          "dmxRange": [0, 5],
          "type": "NoFunction"
        },
        {
          "dmxRange": [6, 37],
          "type": "Maintenance",
          "hold": "3s",
          "comment": "Blackout while Moving on"
        },
        {
          "dmxRange": [38, 69],
          "type": "Maintenance",
          "hold": "5s",
          "comment": "Blackout while Moving off"
        },
        {
          "dmxRange": [70, 101],
          "type": "Maintenance",
          "hold": "3s",
          "comment": "Invert Pan on"
        },
        {
          "dmxRange": [102, 133],
          "type": "Maintenance",
          "hold": "5s",
          "comment": "Invert Pan off"
        },
        {
          "dmxRange": [134, 165],
          "type": "Maintenance",
          "hold": "3s",
          "comment": "Invert Tilt on"
        },
        {
          "dmxRange": [166, 197],
          "type": "Maintenance",
          "hold": "5s",
          "comment": "Invert Tilt off"
        },
        {
          "dmxRange": [198, 229],
          "type": "Maintenance",
          "hold": "3s",
          "comment": "Silent Fan on"
        },
        {
          "dmxRange": [230, 255],
          "type": "Maintenance",
          "hold": "5s",
          "comment": "Silent Fan off"
        }
      ]
    },
    "Reset": {
      "defaultValue": 0,
      "capabilities": [
        {
          "dmxRange": [0, 5],
          "type": "NoFunction"
        },
        {
          "dmxRange": [6, 127],
          "type": "Maintenance",
          "comment": "Reset pan / tilt"
        },
        {
          "dmxRange": [128, 191],
          "type": "Maintenance",
          "comment": "Reset effects (iris, prism, gobo, ...)"
        },
        {
          "dmxRange": [192, 255],
          "type": "Maintenance",
          "comment": "Reset all functions"
        }
      ]
    }
  },
  "modes": [
    {
      "name": "5-channel",
      "shortName": "5ch",
      "channels": [
        "Dimmer",
        "Strobe",
        "Auto Programs",
        "Auto Program Speed",
        "Reset"
      ]
    },
    {
      "name": "19-channel",
      "shortName": "19ch",
      "channels": [
        "Pan",
        "Pan fine",
        "Tilt",
        "Tilt fine",
        "Dimmer",
        "Strobe Functions",
        "Color Wheel 1",
        "Color Wheel 2",
        "Gobo Wheel 1",
        "Gobo 1 Rotation",
        "Gobo 1 Shake",
        "Gobo Wheel 2",
        "Gobo 2 Shake",
        "Prism Wheel",
        "Prism Wheel Rotation",
        "Focus",
        "Frost",
        "Pan/Tilt Speed",
        "Reset"
      ]
    },
    {
      "name": "27-channel",
      "shortName": "27ch",
      "channels": [
        "Pan",
        "Pan fine",
        "Tilt",
        "Tilt fine",
        "Dimmer",
        "Dimmer fine",
        "Strobe Functions",
        "Color Wheel 1",
        "Color Wheel 2",
        "Gobo Wheel 1",
        "Gobo 1 Rotation",
        "Gobo 1 Shake",
        "Gobo Wheel 2",
        "Gobo 2 Shake",
        "Prism Wheel",
        "Prism Wheel Rotation",
        "Focus",
        "Focus fine",
        "Frost",
        "Auto Programs",
        "Auto Program Speed",
        "Pan/Tilt Macro",
        "Pan/Tilt Macro Speed",
        "Dimmer Curve",
        "Pan/Tilt Speed",
        "Device Settings",
        "Reset"
      ]
    }
  ],
  "fixtureKey": "auro-spot-400",
  "manufacturerKey": "cameo",
  "oflURL": "https://open-fixture-library.org/cameo/auro-spot-400"
}
