{
  "$schema": "https://raw.githubusercontent.com/OpenLightingProject/open-fixture-library/schema-12.1.0/schemas/fixture.json",
  "name": "NanoSpot 120",
  "shortName": "CLNS120",
  "categories": ["Moving Head", "Color Changer"],
  "meta": {
    "authors": ["Felix Edelmann"],
    "createDate": "2017-08-05",
    "lastModifyDate": "2018-08-09"
  },
  "links": {
    "manual": [
      "https://adamhall.s3.amazonaws.com/media/MARKEN/CAMEO/CLNS120/CLNS120_Cameo_Bedienungsanleitung_EN_DE_FR_ES_PL_IT.PDF"
    ],
    "video": [
      "https://www.youtube.com/watch?v=zwyYO-s_3PI",
      "https://youtu.be/_FvgGrI6pe4?t=1m16s"
    ]
  },
  "physical": {
    "dimensions": [159, 265, 147],
    "weight": 2.6,
    "power": 40,
    "DMXconnector": "3-pin",
    "bulb": {
      "type": "12 W CREE LED",
      "lumens": 428
    },
    "lens": {
      "degreesMinMax": [13, 13]
    }
  },
  "wheels": {
    "Color Wheel": {
      "slots": [
        {
          "type": "Open"
        },
        {
          "type": "Color",
          "name": "Red",
          "colors": ["#ff0000"]
        },
        {
          "type": "Color",
          "name": "Orange",
          "colors": ["#ffaa00"]
        },
        {
          "type": "Color",
          "name": "Yellow",
          "colors": ["#ffff00"]
        },
        {
          "type": "Color",
          "name": "Green",
          "colors": ["#00ff00"]
        },
        {
          "type": "Color",
          "name": "Blue",
          "colors": ["#0000ff"]
        },
        {
          "type": "Color",
          "name": "Cyan",
          "colors": ["#00ffff"]
        },
        {
          "type": "Color",
          "name": "Purple",
          "colors": ["#ff00ff"]
        }
      ]
    },
    "Gobo Wheel": {
      "slots": [
        {
          "type": "Open"
        },
        {
          "type": "Gobo"
        },
        {
          "type": "Gobo"
        },
        {
          "type": "Gobo"
        },
        {
          "type": "Gobo"
        },
        {
          "type": "Gobo"
        },
        {
          "type": "Gobo"
        }
      ]
    }
  },
  "availableChannels": {
    "Pan": {
      "fineChannelAliases": ["Pan fine"],
      "defaultValue": "50%",
      "capability": {
        "type": "Pan",
        "angleStart": "0deg",
        "angleEnd": "540deg"
      }
    },
    "Tilt": {
      "fineChannelAliases": ["Tilt fine"],
      "defaultValue": "50%",
      "capability": {
        "type": "Tilt",
        "angleStart": "0deg",
        "angleEnd": "230deg"
      }
    },
    "Motor Running Speed": {
      "capability": {
        "type": "PanTiltSpeed",
        "speedStart": "fast",
        "speedEnd": "slow"
      }
    },
    "Color Wheel": {
      "capabilities": [
        {
          "dmxRange": [0, 10],
          "type": "WheelSlot",
          "slotNumber": 1
        },
        {
          "dmxRange": [11, 21],
          "type": "WheelSlot",
          "slotNumber": 2
        },
        {
          "dmxRange": [22, 32],
          "type": "WheelSlot",
          "slotNumber": 3
        },
        {
          "dmxRange": [33, 43],
          "type": "WheelSlot",
          "slotNumber": 4
        },
        {
          "dmxRange": [44, 54],
          "type": "WheelSlot",
          "slotNumber": 5
        },
        {
          "dmxRange": [55, 65],
          "type": "WheelSlot",
          "slotNumber": 6
        },
        {
          "dmxRange": [66, 76],
          "type": "WheelSlot",
          "slotNumber": 7
        },
        {
          "dmxRange": [77, 87],
          "type": "WheelSlot",
          "slotNumber": 8
        },
        {
          "dmxRange": [88, 175],
          "type": "WheelRotation",
          "angleStart": "0deg",
          "angleEnd": "360deg"
        },
        {
          "dmxRange": [176, 255],
          "type": "WheelRotation",
          "speedStart": "slow CW",
          "speedEnd": "fast CW"
        }
      ]
    },
    "Dimmer": {
      "highlightValue": 255,
      "capability": {
        "type": "Intensity"
      }
    },
    "Gobo Wheel": {
      "capabilities": [
        {
          "dmxRange": [0, 15],
          "type": "WheelSlot",
          "slotNumber": 1
        },
        {
          "dmxRange": [16, 124],
          "type": "WheelSlot",
          "slotNumberStart": 2,
          "slotNumberEnd": 7
        },
        {
          "dmxRange": [125, 234],
          "type": "WheelShake",
          "slotNumberStart": 2,
          "slotNumberEnd": 7
        },
        {
          "dmxRange": [235, 249],
          "type": "WheelSlot",
          "slotNumber": 1
        },
        {
          "dmxRange": [250, 255],
          "type": "WheelRotation",
          "speed": "fast CW"
        }
      ]
    },
    "Strobe": {
      "capabilities": [
        {
          "dmxRange": [0, 9],
          "type": "NoFunction"
        },
        {
          "dmxRange": [10, 255],
          "type": "ShutterStrobe",
          "shutterEffect": "Strobe",
          "speedStart": "slow",
          "speedEnd": "fast"
        }
      ]
    },
    "Program": {
      "defaultValue": 0,
      "capabilities": [
        {
          "dmxRange": [0, 29],
          "type": "NoFunction",
          "switchChannels": {
            "Program Speed / Mic Sensitivity": "Program Speed"
          }
        },
        {
          "dmxRange": [30, 55],
          "type": "Effect",
          "effectName": "Auto Mode show 1",
          "switchChannels": {
            "Program Speed / Mic Sensitivity": "Program Speed"
          }
        },
        {
          "dmxRange": [56, 81],
          "type": "Effect",
          "effectName": "Auto Mode show 2",
          "switchChannels": {
            "Program Speed / Mic Sensitivity": "Program Speed"
          }
        },
        {
          "dmxRange": [82, 107],
          "type": "Effect",
          "effectName": "Auto Mode show 3",
          "switchChannels": {
            "Program Speed / Mic Sensitivity": "Program Speed"
          }
        },
        {
          "dmxRange": [108, 133],
          "type": "Effect",
          "effectName": "Auto Mode show 4",
          "switchChannels": {
            "Program Speed / Mic Sensitivity": "Program Speed"
          }
        },
        {
          "dmxRange": [134, 159],
          "type": "Effect",
          "effectName": "Auto Mode show 5",
          "switchChannels": {
            "Program Speed / Mic Sensitivity": "Program Speed"
          }
        },
        {
          "dmxRange": [160, 185],
          "type": "Effect",
          "effectName": "Auto Mode show 6",
          "switchChannels": {
            "Program Speed / Mic Sensitivity": "Program Speed"
          }
        },
        {
          "dmxRange": [186, 211],
          "type": "Effect",
          "effectName": "Auto Mode show 7",
          "switchChannels": {
            "Program Speed / Mic Sensitivity": "Program Speed"
          }
        },
        {
          "dmxRange": [212, 237],
          "type": "Effect",
          "effectName": "Sound Control",
          "soundControlled": true,
          "switchChannels": {
            "Program Speed / Mic Sensitivity": "Mic Sensitivity"
          }
        },
        {
          "dmxRange": [238, 250],
          "type": "Maintenance",
          "comment": "Reset",
          "switchChannels": {
            "Program Speed / Mic Sensitivity": "Program Speed"
          }
        },
        {
          "dmxRange": [251, 255],
          "type": "Maintenance",
          "comment": "Sync (Head goes to mid position and blackout)",
          "switchChannels": {
            "Program Speed / Mic Sensitivity": "Program Speed"
          }
        }
      ]
    },
    "Program Speed": {
      "capability": {
        "type": "EffectSpeed",
        "speedStart": "slow",
        "speedEnd": "fast"
      }
    },
    "Mic Sensitivity": {
      "capability": {
        "type": "SoundSensitivity",
        "soundSensitivityStart": "low",
        "soundSensitivityEnd": "high"
      }
    }
  },
  "modes": [
    {
      "name": "5-channel",
      "shortName": "5ch",
      "channels": [
        "Pan",
        "Tilt",
        "Motor Running Speed",
        "Color Wheel",
        "Dimmer"
      ]
    },
    {
      "name": "9-channel",
      "shortName": "9ch",
      "channels": [
        "Pan",
        "Tilt",
        "Pan fine",
        "Tilt fine",
        "Motor Running Speed",
        "Color Wheel",
        "Gobo Wheel",
        "Dimmer",
        "Strobe"
      ]
    },
    {
      "name": "11-channel",
      "shortName": "11ch",
      "channels": [
        "Pan",
        "Tilt",
        "Pan fine",
        "Tilt fine",
        "Motor Running Speed",
        "Color Wheel",
        "Gobo Wheel",
        "Dimmer",
        "Strobe",
        "Program",
        "Program Speed / Mic Sensitivity"
      ]
    }
  ],
  "fixtureKey": "nanospot-120",
  "manufacturerKey": "cameo",
  "oflURL": "https://open-fixture-library.org/cameo/nanospot-120"
}
