{
  "$schema": "https://raw.githubusercontent.com/OpenLightingProject/open-fixture-library/schema-12.1.0/schemas/fixture.json",
  "name": "Steam Wizard 1000",
  "shortName": "CLSW1000",
  "categories": ["Smoke", "Color Changer"],
  "meta": {
    "authors": ["Felix Edelmann"],
    "createDate": "2018-11-28",
    "lastModifyDate": "2018-11-28"
  },
  "links": {
    "manual": [
      "https://adamhall.s3.amazonaws.com/media/MARKEN/CAMEO/CLSW1000/CLSW1000_Cameo_Bedienungsanleitung_EN_DE_FR_ES_PL_IT.pdf"
    ],
    "video": [
      "https://www.youtube.com/watch?v=7itkJUl1CnM"
    ]
  },
  "physical": {
    "dimensions": [405, 200, 310],
    "weight": 7.5,
    "power": 800,
    "DMXconnector": "3-pin",
    "bulb": {
      "type": "9x 3W LEDs (3x red, 3x green, 3x blue)"
    }
  },
  "availableChannels": {
    "Fog": {
      "defaultValue": 0,
      "capabilities": [
        {
          "dmxRange": [0, 0],
          "type": "Fog",
          "fogType": "Fog",
          "fogOutput": "off"
        },
        {
          "dmxRange": [1, 255],
          "type": "Fog",
          "fogType": "Fog",
          "fogOutputStart": "1m^3/min",
          "fogOutputEnd": "150m^3/min"
        }
      ]
    },
    "Dimmer": {
      "defaultValue": 0,
      "capabilities": [
        {
          "dmxRange": [0, 4],
          "type": "Intensity",
          "brightness": "off"
        },
        {
          "dmxRange": [5, 255],
          "type": "Intensity",
          "brightnessStart": "dark",
          "brightnessEnd": "bright"
        }
      ]
    },
    "Strobe": {
      "capabilities": [
        {
          "dmxRange": [0, 5],
          "type": "NoFunction"
        },
        {
          "dmxRange": [6, 255],
          "type": "ShutterStrobe",
          "shutterEffect": "Strobe",
          "speedStart": "1Hz",
          "speedEnd": "30Hz"
        }
      ]
    },
    "Color": {
      "capabilities": [
        {
          "dmxRange": [0, 5],
          "type": "NoFunction"
        },
        {
          "dmxRange": [6, 13],
          "type": "ColorPreset",
          "comment": "Red",
          "colors": ["#ff0000"]
        },
        {
          "dmxRange": [14, 21],
          "type": "ColorPreset",
          "comment": "Green",
          "colors": ["#00ff00"]
        },
        {
          "dmxRange": [22, 29],
          "type": "ColorPreset",
          "comment": "Blue",
          "colors": ["#0000ff"]
        },
        {
          "dmxRange": [30, 37],
          "type": "ColorPreset",
          "comment": "Amber",
          "colors": ["#ffaa00"],
          "helpWanted": "This fixture (in contrast to the 2000 variant) has no amber LED. Are these presets with amber correct?"
        },
        {
          "dmxRange": [38, 45],
          "type": "ColorPreset",
          "comment": "Red-Green",
          "colors": ["#ff0000", "#00ff00"]
        },
        {
          "dmxRange": [46, 53],
          "type": "ColorPreset",
          "comment": "Red-Blue",
          "colors": ["#ff0000", "#0000ff"]
        },
        {
          "dmxRange": [54, 61],
          "type": "ColorPreset",
          "comment": "Red-Amber",
          "colors": ["#ff0000", "#ffaa00"]
        },
        {
          "dmxRange": [62, 69],
          "type": "ColorPreset",
          "comment": "Green-Blue",
          "colors": ["#00ff00", "#0000ff"]
        },
        {
          "dmxRange": [70, 77],
          "type": "ColorPreset",
          "comment": "Green-Amber",
          "colors": ["#00ff00", "#ffaa00"]
        },
        {
          "dmxRange": [78, 85],
          "type": "ColorPreset",
          "comment": "Blue-Amber",
          "colors": ["#0000ff", "#ffaa00"]
        },
        {
          "dmxRange": [86, 93],
          "type": "ColorPreset",
          "comment": "Red-Green-Blue",
          "colors": ["#ff0000", "#00ff00", "#0000ff"]
        },
        {
          "dmxRange": [94, 101],
          "type": "ColorPreset",
          "comment": "Red-Green-Amber",
          "colors": ["#ff0000", "#00ff00", "#ffaa00"]
        },
        {
          "dmxRange": [102, 109],
          "type": "ColorPreset",
          "comment": "Red-Blue-Amber",
          "colors": ["#ff0000", "#0000ff", "#ffaa00"]
        },
        {
          "dmxRange": [110, 117],
          "type": "ColorPreset",
          "comment": "Green-Blue-Amber",
          "colors": ["#00ff00", "#0000ff", "#ffaa00"]
        },
        {
          "dmxRange": [118, 125],
          "type": "ColorPreset",
          "comment": "Red-Green-Blue-Amber",
          "colors": ["#ff0000", "#00ff00", "#0000ff", "#ffaa00"]
        },
        {
          "dmxRange": [126, 127],
          "type": "Effect",
          "effectPreset": "ColorJump",
          "speed": "stop"
        },
        {
          "dmxRange": [128, 191],
          "type": "Effect",
          "effectPreset": "ColorJump",
          "speedStart": "slow",
          "speedEnd": "fast"
        },
        {
          "dmxRange": [192, 255],
          "type": "Effect",
          "effectPreset": "ColorFade",
          "speedStart": "slow",
          "speedEnd": "fast"
        }
      ]
    }
  },
  "modes": [
    {
      "name": "4-channel",
      "shortName": "4ch",
      "channels": [
        "Fog",
        "Dimmer",
        "Strobe",
        "Color"
      ]
    }
  ],
  "fixtureKey": "steam-wizard-1000",
  "manufacturerKey": "cameo",
  "oflURL": "https://open-fixture-library.org/cameo/steam-wizard-1000"
}
