{
  "$schema": "https://raw.githubusercontent.com/OpenLightingProject/open-fixture-library/schema-12.1.0/schemas/fixture.json",
  "name": "SL NITRO 510C",
  "shortName": "SLNitro510C",
  "categories": ["Strobe", "Color Changer"],
  "meta": {
    "authors": ["Sebastian Portilla", "Felix Edelmann"],
    "createDate": "2019-10-02",
    "lastModifyDate": "2019-10-02"
  },
  "links": {
    "manual": [
      "https://www.vari-lite.com/b-dam/vari-lite/products/sl-nitro-510c/guides-and-manuals/Selecon_SL_NITRO_510C_UserManual.pdf"
    ],
    "productPage": [
      "https://www.vari-lite.com/global/products/sl-nitro-510c"
    ],
    "video": [
      "https://www.youtube.com/watch?v=_4WexFvyAR8&t=383"
    ]
  },
  "physical": {
    "dimensions": [390, 103, 263],
    "weight": 8,
    "power": 360,
    "DMXconnector": "5-pin",
    "bulb": {
      "type": "264× RGB SMD LEDs, 264× white SMD LEDs"
    },
    "lens": {
      "degreesMinMax": [120, 120]
    }
  },
  "matrix": {
    "pixelKeys": [
      [
        [
          "Zone 1",
          "Zone 2",
          "Zone 3"
        ],
        [
          "Zone 4",
          "Zone 5",
          "Zone 6"
        ]
      ]
    ],
    "pixelGroups": {
      "All Zones": "all",
      "Top Row": [
        "Zone 1",
        "Zone 2",
        "Zone 3"
      ],
      "Bottom Row": [
        "Zone 4",
        "Zone 5",
        "Zone 6"
      ],
      "Left Zone": [
        "Zone 1",
        "Zone 4"
      ],
      "Center Zone": [
        "Zone 2",
        "Zone 5"
      ],
      "Right Zone": [
        "Zone 3",
        "Zone 6"
      ]
    }
  },
  "availableChannels": {
    "Master Dimmer": {
      "fineChannelAliases": ["Master Dimmer fine"],
      "defaultValue": 0,
      "capability": {
        "type": "Intensity"
      }
    },
    "Color Macros": {
      "defaultValue": 0,
      "capabilities": [
        {
          "dmxRange": [0, 4],
          "type": "NoFunction"
        },
        {
          "dmxRange": [5, 6],
          "type": "ColorPreset",
          "comment": "Preset 0 (off)",
          "colors": ["#000000"]
        },
        {
          "dmxRange": [7, 8],
          "type": "ColorPreset",
          "comment": "Preset 1"
        },
        {
          "dmxRange": [9, 10],
          "type": "ColorPreset",
          "comment": "Preset 2"
        },
        {
          "dmxRange": [11, 12],
          "type": "ColorPreset",
          "comment": "Preset 3"
        },
        {
          "dmxRange": [13, 14],
          "type": "ColorPreset",
          "comment": "Preset 4"
        },
        {
          "dmxRange": [15, 16],
          "type": "ColorPreset",
          "comment": "Preset 5"
        },
        {
          "dmxRange": [17, 18],
          "type": "ColorPreset",
          "comment": "Preset 6"
        },
        {
          "dmxRange": [19, 20],
          "type": "ColorPreset",
          "comment": "Preset 7"
        },
        {
          "dmxRange": [21, 22],
          "type": "ColorPreset",
          "comment": "Preset 8"
        },
        {
          "dmxRange": [23, 24],
          "type": "ColorPreset",
          "comment": "Preset 9"
        },
        {
          "dmxRange": [25, 26],
          "type": "ColorPreset",
          "comment": "Preset 10"
        },
        {
          "dmxRange": [27, 28],
          "type": "ColorPreset",
          "comment": "Preset 11"
        },
        {
          "dmxRange": [29, 30],
          "type": "ColorPreset",
          "comment": "Preset 12"
        },
        {
          "dmxRange": [31, 32],
          "type": "ColorPreset",
          "comment": "Preset 13"
        },
        {
          "dmxRange": [33, 34],
          "type": "ColorPreset",
          "comment": "Preset 14"
        },
        {
          "dmxRange": [35, 36],
          "type": "ColorPreset",
          "comment": "Preset 15"
        },
        {
          "dmxRange": [37, 38],
          "type": "ColorPreset",
          "comment": "Preset 16"
        },
        {
          "dmxRange": [39, 40],
          "type": "ColorPreset",
          "comment": "Preset 17"
        },
        {
          "dmxRange": [41, 42],
          "type": "ColorPreset",
          "comment": "Preset 18"
        },
        {
          "dmxRange": [43, 44],
          "type": "ColorPreset",
          "comment": "Preset 19"
        },
        {
          "dmxRange": [45, 46],
          "type": "ColorPreset",
          "comment": "Preset 20"
        },
        {
          "dmxRange": [47, 48],
          "type": "ColorPreset",
          "comment": "Preset 21"
        },
        {
          "dmxRange": [49, 50],
          "type": "ColorPreset",
          "comment": "Preset 22"
        },
        {
          "dmxRange": [51, 52],
          "type": "ColorPreset",
          "comment": "Preset 23"
        },
        {
          "dmxRange": [53, 54],
          "type": "ColorPreset",
          "comment": "Preset 24"
        },
        {
          "dmxRange": [55, 56],
          "type": "ColorPreset",
          "comment": "Preset 25"
        },
        {
          "dmxRange": [57, 58],
          "type": "ColorPreset",
          "comment": "Preset 26"
        },
        {
          "dmxRange": [59, 60],
          "type": "ColorPreset",
          "comment": "Preset 27"
        },
        {
          "dmxRange": [61, 62],
          "type": "ColorPreset",
          "comment": "Preset 28"
        },
        {
          "dmxRange": [63, 64],
          "type": "ColorPreset",
          "comment": "Preset 29"
        },
        {
          "dmxRange": [65, 66],
          "type": "ColorPreset",
          "comment": "Preset 30"
        },
        {
          "dmxRange": [67, 68],
          "type": "ColorPreset",
          "comment": "Preset 31"
        },
        {
          "dmxRange": [69, 70],
          "type": "ColorPreset",
          "comment": "CF_0 Color off",
          "colors": ["#000000"]
        },
        {
          "dmxRange": [71, 72],
          "type": "ColorPreset",
          "comment": "CF_1 White",
          "colors": ["#ffffff"],
          "colorTemperature": "10000K"
        },
        {
          "dmxRange": [73, 74],
          "type": "ColorPreset",
          "comment": "CF_2 White",
          "colors": ["#ffffff"],
          "colorTemperature": "8000K"
        },
        {
          "dmxRange": [75, 76],
          "type": "ColorPreset",
          "comment": "CF_3 White",
          "colors": ["#ffffff"],
          "colorTemperature": "6500K"
        },
        {
          "dmxRange": [77, 78],
          "type": "ColorPreset",
          "comment": "CF_4 White",
          "colors": ["#ffffff"],
          "colorTemperature": "5600K"
        },
        {
          "dmxRange": [79, 80],
          "type": "ColorPreset",
          "comment": "CF_5 White",
          "colors": ["#ffffff"],
          "colorTemperature": "5000K"
        },
        {
          "dmxRange": [81, 82],
          "type": "ColorPreset",
          "comment": "CF_6 White",
          "colors": ["#ffffff"],
          "colorTemperature": "4500K"
        },
        {
          "dmxRange": [83, 84],
          "type": "ColorPreset",
          "comment": "CF_7 White",
          "colors": ["#ffffff"],
          "colorTemperature": "4000K"
        },
        {
          "dmxRange": [85, 86],
          "type": "ColorPreset",
          "comment": "CF_8 White",
          "colors": ["#ffffff"],
          "colorTemperature": "3200K"
        },
        {
          "dmxRange": [87, 88],
          "type": "ColorPreset",
          "comment": "CF_9 White",
          "colors": ["#ffffff"],
          "colorTemperature": "3000K"
        },
        {
          "dmxRange": [89, 90],
          "type": "ColorPreset",
          "comment": "CF_10 White",
          "colors": ["#ffffff"],
          "colorTemperature": "2700K"
        },
        {
          "dmxRange": [91, 92],
          "type": "ColorPreset",
          "comment": "CF_11 Moroccan Pink"
        },
        {
          "dmxRange": [93, 94],
          "type": "ColorPreset",
          "comment": "CF_12 Pink"
        },
        {
          "dmxRange": [95, 96],
          "type": "ColorPreset",
          "comment": "CF_13 Flesh Pink"
        },
        {
          "dmxRange": [97, 98],
          "type": "ColorPreset",
          "comment": "CF_14 Bright Rose"
        },
        {
          "dmxRange": [99, 100],
          "type": "ColorPreset",
          "comment": "CF_15 Follies Pink"
        },
        {
          "dmxRange": [101, 102],
          "type": "ColorPreset",
          "comment": "CF_16 Fuchsia Pink"
        },
        {
          "dmxRange": [103, 104],
          "type": "ColorPreset",
          "comment": "CF_17 Surprise Pink"
        },
        {
          "dmxRange": [105, 106],
          "type": "ColorPreset",
          "comment": "CF_18 Congo Blue"
        },
        {
          "dmxRange": [107, 108],
          "type": "ColorPreset",
          "comment": "CF_19 Blue"
        },
        {
          "dmxRange": [109, 110],
          "type": "ColorPreset",
          "comment": "CF_20 Virgin Blue"
        },
        {
          "dmxRange": [111, 112],
          "type": "ColorPreset",
          "comment": "CF_21 Midnight Maya"
        },
        {
          "dmxRange": [113, 114],
          "type": "ColorPreset",
          "comment": "CF_22 Double C.T Blue"
        },
        {
          "dmxRange": [115, 116],
          "type": "ColorPreset",
          "comment": "CF_23 Slate Blue"
        },
        {
          "dmxRange": [117, 118],
          "type": "ColorPreset",
          "comment": "CF_24 Regal Blue"
        },
        {
          "dmxRange": [119, 120],
          "type": "ColorPreset",
          "comment": "CF_25 Full C.T Blue"
        },
        {
          "dmxRange": [121, 122],
          "type": "ColorPreset",
          "comment": "CF_26 Steel Blue"
        },
        {
          "dmxRange": [123, 124],
          "type": "ColorPreset",
          "comment": "CF_27 Lighter Blue"
        },
        {
          "dmxRange": [125, 126],
          "type": "ColorPreset",
          "comment": "CF_28 Cyan"
        },
        {
          "dmxRange": [127, 128],
          "type": "ColorPreset",
          "comment": "CF_29 Marine Blue"
        },
        {
          "dmxRange": [129, 130],
          "type": "ColorPreset",
          "comment": "CF_30 Soft Green"
        },
        {
          "dmxRange": [131, 132],
          "type": "ColorPreset",
          "comment": "CF_31 Moss Green"
        },
        {
          "dmxRange": [133, 134],
          "type": "ColorPreset",
          "comment": "CF_32 Green"
        },
        {
          "dmxRange": [135, 136],
          "type": "ColorPreset",
          "comment": "CF_33 Fem Green"
        },
        {
          "dmxRange": [137, 138],
          "type": "ColorPreset",
          "comment": "CF_34 JAS Green"
        },
        {
          "dmxRange": [139, 140],
          "type": "ColorPreset",
          "comment": "CF_35 Pale Green"
        },
        {
          "dmxRange": [141, 142],
          "type": "ColorPreset",
          "comment": "CF_36 Spring Yellow"
        },
        {
          "dmxRange": [143, 144],
          "type": "ColorPreset",
          "comment": "CF_37 Yellow"
        },
        {
          "dmxRange": [145, 146],
          "type": "ColorPreset",
          "comment": "CF_38 Deep Amber"
        },
        {
          "dmxRange": [147, 148],
          "type": "ColorPreset",
          "comment": "CF_39 Chrome Orange"
        },
        {
          "dmxRange": [149, 150],
          "type": "ColorPreset",
          "comment": "CF_40 Orange"
        },
        {
          "dmxRange": [151, 152],
          "type": "ColorPreset",
          "comment": "CF_41 Magenta"
        },
        {
          "dmxRange": [153, 154],
          "type": "ColorPreset",
          "comment": "CF_42 Flame Red"
        },
        {
          "dmxRange": [155, 156],
          "type": "ColorPreset",
          "comment": "CF_43 Purple"
        },
        {
          "dmxRange": [157, 171],
          "type": "Effect",
          "effectPreset": "ColorJump",
          "speedStart": "fast",
          "speedEnd": "slow"
        },
        {
          "dmxRange": [172, 186],
          "type": "Effect",
          "effectPreset": "ColorJump",
          "speedStart": "slow reverse",
          "speedEnd": "fast reverse"
        },
        {
          "dmxRange": [187, 201],
          "type": "Effect",
          "effectName": "Random color",
          "speedStart": "fast",
          "speedEnd": "slow"
        },
        {
          "dmxRange": [202, 204],
          "type": "Effect",
          "effectName": "Chase 1"
        },
        {
          "dmxRange": [205, 207],
          "type": "Effect",
          "effectName": "Chase 2"
        },
        {
          "dmxRange": [208, 210],
          "type": "Effect",
          "effectName": "Chase 3"
        },
        {
          "dmxRange": [211, 213],
          "type": "Effect",
          "effectName": "Chase 4"
        },
        {
          "dmxRange": [214, 216],
          "type": "Effect",
          "effectName": "Chase 5"
        },
        {
          "dmxRange": [217, 219],
          "type": "Effect",
          "effectName": "Chase 6"
        },
        {
          "dmxRange": [220, 222],
          "type": "Effect",
          "effectName": "Chase 7"
        },
        {
          "dmxRange": [223, 225],
          "type": "Effect",
          "effectName": "Chase 8"
        },
        {
          "dmxRange": [226, 228],
          "type": "Effect",
          "effectName": "Chase 9"
        },
        {
          "dmxRange": [229, 231],
          "type": "Effect",
          "effectName": "Chase 10"
        },
        {
          "dmxRange": [232, 234],
          "type": "Effect",
          "effectName": "User Chase 1"
        },
        {
          "dmxRange": [235, 237],
          "type": "Effect",
          "effectName": "User Chase 2"
        },
        {
          "dmxRange": [238, 240],
          "type": "Effect",
          "effectName": "User Chase 3"
        },
        {
          "dmxRange": [241, 243],
          "type": "Effect",
          "effectName": "User Chase 4"
        },
        {
          "dmxRange": [244, 246],
          "type": "Effect",
          "effectName": "User Chase 5"
        },
        {
          "dmxRange": [247, 249],
          "type": "Effect",
          "effectName": "User Chase 6"
        },
        {
          "dmxRange": [250, 252],
          "type": "Effect",
          "effectName": "User Chase 7"
        },
        {
          "dmxRange": [253, 255],
          "type": "Effect",
          "effectName": "User Chase 8"
        }
      ]
    },
    "Strobe Duration": {
      "capability": {
        "type": "StrobeDuration",
        "durationStart": "0ms",
        "durationEnd": "8364ms"
      }
    },
    "Strobe Rate": {
      "capabilities": [
        {
          "dmxRange": [0, 5],
          "type": "ShutterStrobe",
          "shutterEffect": "Strobe",
          "comment": "Single flash when intensity > 5"
        },
        {
          "dmxRange": [6, 255],
          "type": "StrobeSpeed",
          "speedStart": "0.5Hz",
          "speedEnd": "30.488Hz"
        }
      ]
    },
    "Strobe": {
      "defaultValue": 0,
      "capabilities": [
        {
          "dmxRange": [0, 5],
          "type": "NoFunction"
        },
        {
          "dmxRange": [6, 42],
          "type": "ShutterStrobe",
          "shutterEffect": "RampUp"
        },
        {
          "dmxRange": [43, 85],
          "type": "ShutterStrobe",
          "shutterEffect": "RampDown"
        },
        {
          "dmxRange": [86, 128],
          "type": "ShutterStrobe",
          "shutterEffect": "RampUpDown"
        },
        {
          "dmxRange": [129, 171],
          "type": "ShutterStrobe",
          "shutterEffect": "Strobe",
          "randomTiming": true
        },
        {
          "dmxRange": [172, 173],
          "type": "ShutterStrobe",
          "shutterEffect": "Strobe",
          "comment": "Top row only"
        },
        {
          "dmxRange": [174, 175],
          "type": "ShutterStrobe",
          "shutterEffect": "Strobe",
          "comment": "Bottom row only"
        },
        {
          "dmxRange": [176, 178],
          "type": "ShutterStrobe",
          "shutterEffect": "Strobe",
          "comment": "Left zone only"
        },
        {
          "dmxRange": [179, 180],
          "type": "ShutterStrobe",
          "shutterEffect": "Strobe",
          "comment": "Center zone only"
        },
        {
          "dmxRange": [181, 182],
          "type": "ShutterStrobe",
          "shutterEffect": "Strobe",
          "comment": "Right zone only"
        },
        {
          "dmxRange": [183, 184],
          "type": "ShutterStrobe",
          "shutterEffect": "Strobe",
          "comment": "Checker pattern A"
        },
        {
          "dmxRange": [185, 186],
          "type": "ShutterStrobe",
          "shutterEffect": "Strobe",
          "comment": "Checker pattern B"
        },
        {
          "dmxRange": [187, 214],
          "type": "ShutterStrobe",
          "shutterEffect": "Strobe",
          "comment": "Random zones"
        },
        {
          "dmxRange": [215, 235],
          "type": "ShutterStrobe",
          "shutterEffect": "Strobe",
          "comment": "Circle zone chase CW"
        },
        {
          "dmxRange": [236, 255],
          "type": "ShutterStrobe",
          "shutterEffect": "Strobe",
          "comment": "Circle zone chase CCW"
        }
      ]
    },
    "Intensity Timing": {
      "defaultValue": 255,
      "capability": {
        "type": "Time",
        "timeStart": "long",
        "timeEnd": "instant"
      }
    },
    "Color Timing": {
      "defaultValue": 255,
      "capability": {
        "type": "Time",
        "timeStart": "long",
        "timeEnd": "instant"
      }
    },
    "Control": {
      "defaultValue": 0,
      "capabilities": [
        {
          "dmxRange": [0, 4],
          "type": "NoFunction",
          "comment": "Default settings"
        },
        {
          "dmxRange": [5, 29],
          "type": "NoFunction"
        },
        {
          "dmxRange": [30, 34],
          "type": "Maintenance",
          "comment": "Dimmer curve linear",
          "hold": "5s"
        },
        {
          "dmxRange": [35, 39],
          "type": "Maintenance",
          "comment": "Dimmer curve square",
          "hold": "5s"
        },
        {
          "dmxRange": [40, 44],
          "type": "Maintenance",
          "comment": "Dimmer curve S-curve",
          "hold": "5s"
        },
        {
          "dmxRange": [45, 49],
          "type": "Maintenance",
          "comment": "Dimmer curve PL-curve",
          "hold": "5s"
        },
        {
          "dmxRange": [50, 69],
          "type": "NoFunction"
        },
        {
          "dmxRange": [70, 74],
          "type": "Maintenance",
          "comment": "Calibration off",
          "hold": "5s"
        },
        {
          "dmxRange": [75, 79],
          "type": "Maintenance",
          "comment": "Calibration on",
          "hold": "5s"
        },
        {
          "dmxRange": [80, 84],
          "type": "Maintenance",
          "comment": "Fan auto",
          "hold": "5s"
        },
        {
          "dmxRange": [85, 89],
          "type": "Maintenance",
          "comment": "Fan off",
          "hold": "5s"
        },
        {
          "dmxRange": [90, 99],
          "type": "NoFunction"
        },
        {
          "dmxRange": [100, 104],
          "type": "Maintenance",
          "comment": "Combined zone control"
        },
        {
          "dmxRange": [105, 108],
          "type": "Maintenance",
          "comment": "Linear pattern"
        },
        {
          "dmxRange": [109, 112],
          "type": "Maintenance",
          "comment": "Checker pattern"
        },
        {
          "dmxRange": [113, 255],
          "type": "NoFunction",
          "comment": "Reserved"
        }
      ]
    }
  },
  "templateChannels": {
    "$pixelKey Intensity": {
      "capability": {
        "type": "Intensity"
      }
    },
    "$pixelKey Red": {
      "fineChannelAliases": ["$pixelKey Red fine"],
      "capability": {
        "type": "ColorIntensity",
        "color": "Red"
      }
    },
    "$pixelKey Green": {
      "fineChannelAliases": ["$pixelKey Green fine"],
      "capability": {
        "type": "ColorIntensity",
        "color": "Green"
      }
    },
    "$pixelKey Blue": {
      "fineChannelAliases": ["$pixelKey Blue fine"],
      "capability": {
        "type": "ColorIntensity",
        "color": "Blue"
      }
    },
    "$pixelKey White": {
      "fineChannelAliases": ["$pixelKey White fine"],
      "capability": {
        "type": "ColorIntensity",
        "color": "White"
      }
    },
    "$pixelKey Strobe Duration": {
      "capability": {
        "type": "StrobeDuration",
        "durationStart": "0ms",
        "durationEnd": "8364ms"
      }
    },
    "$pixelKey Strobe Rate": {
      "capabilities": [
        {
          "dmxRange": [0, 5],
          "type": "ShutterStrobe",
          "shutterEffect": "Strobe",
          "comment": "Single flash when intensity > 5"
        },
        {
          "dmxRange": [6, 255],
          "type": "StrobeSpeed",
          "speedStart": "0.5Hz",
          "speedEnd": "30.488Hz"
        }
      ]
    },
    "$pixelKey Red Strobe Duration": {
      "capability": {
        "type": "StrobeDuration",
        "durationStart": "0ms",
        "durationEnd": "8364ms"
      }
    },
    "$pixelKey Red Strobe Rate": {
      "capabilities": [
        {
          "dmxRange": [0, 5],
          "type": "ShutterStrobe",
          "shutterEffect": "Strobe",
          "comment": "Single flash when intensity > 5"
        },
        {
          "dmxRange": [6, 255],
          "type": "StrobeSpeed",
          "speedStart": "0.5Hz",
          "speedEnd": "30.488Hz"
        }
      ]
    },
    "$pixelKey Green Strobe Duration": {
      "capability": {
        "type": "StrobeDuration",
        "durationStart": "0ms",
        "durationEnd": "8364ms"
      }
    },
    "$pixelKey Green Strobe Rate": {
      "capabilities": [
        {
          "dmxRange": [0, 5],
          "type": "ShutterStrobe",
          "shutterEffect": "Strobe",
          "comment": "Single flash when intensity > 5"
        },
        {
          "dmxRange": [6, 255],
          "type": "StrobeSpeed",
          "speedStart": "0.5Hz",
          "speedEnd": "30.488Hz"
        }
      ]
    },
    "$pixelKey Blue Strobe Duration": {
      "capability": {
        "type": "StrobeDuration",
        "durationStart": "0ms",
        "durationEnd": "8364ms"
      }
    },
    "$pixelKey Blue Strobe Rate": {
      "capabilities": [
        {
          "dmxRange": [0, 5],
          "type": "ShutterStrobe",
          "shutterEffect": "Strobe",
          "comment": "Single flash when intensity > 5"
        },
        {
          "dmxRange": [6, 255],
          "type": "StrobeSpeed",
          "speedStart": "0.5Hz",
          "speedEnd": "30.488Hz"
        }
      ]
    },
    "$pixelKey RGB Strobe Duration": {
      "capability": {
        "type": "StrobeDuration",
        "durationStart": "0ms",
        "durationEnd": "8364ms"
      }
    },
    "$pixelKey RGB Strobe Rate": {
      "capabilities": [
        {
          "dmxRange": [0, 5],
          "type": "ShutterStrobe",
          "shutterEffect": "Strobe",
          "comment": "Single flash when intensity > 5"
        },
        {
          "dmxRange": [6, 255],
          "type": "StrobeSpeed",
          "speedStart": "0.5Hz",
          "speedEnd": "30.488Hz"
        }
      ]
    },
    "$pixelKey White Strobe Duration": {
      "capability": {
        "type": "StrobeDuration",
        "durationStart": "0ms",
        "durationEnd": "8364ms"
      }
    },
    "$pixelKey White Strobe Rate": {
      "capabilities": [
        {
          "dmxRange": [0, 5],
          "type": "ShutterStrobe",
          "shutterEffect": "Strobe",
          "comment": "Single flash when intensity > 5"
        },
        {
          "dmxRange": [6, 255],
          "type": "StrobeSpeed",
          "speedStart": "0.5Hz",
          "speedEnd": "30.488Hz"
        }
      ]
    }
  },
  "modes": [
    {
      "name": "RGBW Full 1-zone",
      "channels": [
        "Master Dimmer",
        "Master Dimmer fine",
        "Color Macros",
        "Strobe",
        "Intensity Timing",
        "Color Timing",
        "Control",
        {
          "insert": "matrixChannels",
          "repeatFor": [
            "All Zones"
          ],
          "channelOrder": "perPixel",
          "templateChannels": [
            "$pixelKey Intensity",
            "$pixelKey Red",
            "$pixelKey Red fine",
            "$pixelKey Green",
            "$pixelKey Green fine",
            "$pixelKey Blue",
            "$pixelKey Blue fine",
            "$pixelKey White",
            "$pixelKey White fine",
            "$pixelKey Red Strobe Duration",
            "$pixelKey Red Strobe Rate",
            "$pixelKey Green Strobe Duration",
            "$pixelKey Green Strobe Rate",
            "$pixelKey Blue Strobe Duration",
            "$pixelKey Blue Strobe Rate",
            "$pixelKey White Strobe Duration",
            "$pixelKey White Strobe Rate"
          ]
        }
      ]
    },
    {
      "name": "RGBW Full 2-zone",
      "channels": [
        "Master Dimmer",
        "Master Dimmer fine",
        "Color Macros",
        "Strobe",
        "Intensity Timing",
        "Color Timing",
        "Control",
        {
          "insert": "matrixChannels",
          "repeatFor": [
            "Top Row",
            "Bottom Row"
          ],
          "channelOrder": "perPixel",
          "templateChannels": [
            "$pixelKey Intensity",
            "$pixelKey Red",
            "$pixelKey Red fine",
            "$pixelKey Green",
            "$pixelKey Green fine",
            "$pixelKey Blue",
            "$pixelKey Blue fine",
            "$pixelKey White",
            "$pixelKey White fine",
            "$pixelKey Red Strobe Duration",
            "$pixelKey Red Strobe Rate",
            "$pixelKey Green Strobe Duration",
            "$pixelKey Green Strobe Rate",
            "$pixelKey Blue Strobe Duration",
            "$pixelKey Blue Strobe Rate",
            "$pixelKey White Strobe Duration",
            "$pixelKey White Strobe Rate"
          ]
        }
      ]
    },
    {
      "name": "RGBW Full 3-zone",
      "channels": [
        "Master Dimmer",
        "Master Dimmer fine",
        "Color Macros",
        "Strobe",
        "Intensity Timing",
        "Color Timing",
        "Control",
        {
          "insert": "matrixChannels",
          "repeatFor": [
            "Left Zone",
            "Center Zone",
            "Right Zone"
          ],
          "channelOrder": "perPixel",
          "templateChannels": [
            "$pixelKey Intensity",
            "$pixelKey Red",
            "$pixelKey Red fine",
            "$pixelKey Green",
            "$pixelKey Green fine",
            "$pixelKey Blue",
            "$pixelKey Blue fine",
            "$pixelKey White",
            "$pixelKey White fine",
            "$pixelKey Red Strobe Duration",
            "$pixelKey Red Strobe Rate",
            "$pixelKey Green Strobe Duration",
            "$pixelKey Green Strobe Rate",
            "$pixelKey Blue Strobe Duration",
            "$pixelKey Blue Strobe Rate",
            "$pixelKey White Strobe Duration",
            "$pixelKey White Strobe Rate"
          ]
        }
      ]
    },
    {
      "name": "RGBW Full 6-zone",
      "channels": [
        "Master Dimmer",
        "Master Dimmer fine",
        "Color Macros",
        "Strobe",
        "Intensity Timing",
        "Color Timing",
        "Control",
        {
          "insert": "matrixChannels",
          "repeatFor": "eachPixelABC",
          "channelOrder": "perPixel",
          "templateChannels": [
            "$pixelKey Intensity",
            "$pixelKey Red",
            "$pixelKey Red fine",
            "$pixelKey Green",
            "$pixelKey Green fine",
            "$pixelKey Blue",
            "$pixelKey Blue fine",
            "$pixelKey White",
            "$pixelKey White fine",
            "$pixelKey Red Strobe Duration",
            "$pixelKey Red Strobe Rate",
            "$pixelKey Green Strobe Duration",
            "$pixelKey Green Strobe Rate",
            "$pixelKey Blue Strobe Duration",
            "$pixelKey Blue Strobe Rate",
            "$pixelKey White Strobe Duration",
            "$pixelKey White Strobe Rate"
          ]
        }
      ]
    },
    {
      "name": "RGBW Expanded 1-zone",
      "channels": [
        "Master Dimmer",
        "Master Dimmer fine",
        "Color Macros",
        "Strobe",
        "Intensity Timing",
        "Color Timing",
        "Control",
        {
          "insert": "matrixChannels",
          "repeatFor": [
            "All Zones"
          ],
          "channelOrder": "perPixel",
          "templateChannels": [
            "$pixelKey Intensity",
            "$pixelKey Red",
            "$pixelKey Red fine",
            "$pixelKey Green",
            "$pixelKey Green fine",
            "$pixelKey Blue",
            "$pixelKey Blue fine",
            "$pixelKey White",
            "$pixelKey White fine",
            "$pixelKey RGB Strobe Duration",
            "$pixelKey RGB Strobe Rate",
            "$pixelKey White Strobe Duration",
            "$pixelKey White Strobe Rate"
          ]
        }
      ]
    },
    {
      "name": "RGBW Expanded 2-zone",
      "channels": [
        "Master Dimmer",
        "Master Dimmer fine",
        "Color Macros",
        "Strobe",
        "Intensity Timing",
        "Color Timing",
        "Control",
        {
          "insert": "matrixChannels",
          "repeatFor": [
            "Top Row",
            "Bottom Row"
          ],
          "channelOrder": "perPixel",
          "templateChannels": [
            "$pixelKey Intensity",
            "$pixelKey Red",
            "$pixelKey Red fine",
            "$pixelKey Green",
            "$pixelKey Green fine",
            "$pixelKey Blue",
            "$pixelKey Blue fine",
            "$pixelKey White",
            "$pixelKey White fine",
            "$pixelKey RGB Strobe Duration",
            "$pixelKey RGB Strobe Rate",
            "$pixelKey White Strobe Duration",
            "$pixelKey White Strobe Rate"
          ]
        }
      ]
    },
    {
      "name": "RGBW Expanded 3-zone",
      "channels": [
        "Master Dimmer",
        "Master Dimmer fine",
        "Color Macros",
        "Strobe",
        "Intensity Timing",
        "Color Timing",
        "Control",
        {
          "insert": "matrixChannels",
          "repeatFor": [
            "Left Zone",
            "Center Zone",
            "Right Zone"
          ],
          "channelOrder": "perPixel",
          "templateChannels": [
            "$pixelKey Intensity",
            "$pixelKey Red",
            "$pixelKey Red fine",
            "$pixelKey Green",
            "$pixelKey Green fine",
            "$pixelKey Blue",
            "$pixelKey Blue fine",
            "$pixelKey White",
            "$pixelKey White fine",
            "$pixelKey RGB Strobe Duration",
            "$pixelKey RGB Strobe Rate",
            "$pixelKey White Strobe Duration",
            "$pixelKey White Strobe Rate"
          ]
        }
      ]
    },
    {
      "name": "RGBW Expanded 6-zone",
      "channels": [
        "Master Dimmer",
        "Master Dimmer fine",
        "Color Macros",
        "Strobe",
        "Intensity Timing",
        "Color Timing",
        "Control",
        {
          "insert": "matrixChannels",
          "repeatFor": "eachPixelABC",
          "channelOrder": "perPixel",
          "templateChannels": [
            "$pixelKey Intensity",
            "$pixelKey Red",
            "$pixelKey Red fine",
            "$pixelKey Green",
            "$pixelKey Green fine",
            "$pixelKey Blue",
            "$pixelKey Blue fine",
            "$pixelKey White",
            "$pixelKey White fine",
            "$pixelKey RGB Strobe Duration",
            "$pixelKey RGB Strobe Rate",
            "$pixelKey White Strobe Duration",
            "$pixelKey White Strobe Rate"
          ]
        }
      ]
    },
    {
      "name": "RGBW 16-Bit 1-zone",
      "channels": [
        "Master Dimmer",
        "Master Dimmer fine",
        "Color Macros",
        "Strobe",
        "Intensity Timing",
        "Color Timing",
        "Control",
        {
          "insert": "matrixChannels",
          "repeatFor": [
            "All Zones"
          ],
          "channelOrder": "perPixel",
          "templateChannels": [
            "$pixelKey Intensity",
            "$pixelKey Red",
            "$pixelKey Red fine",
            "$pixelKey Green",
            "$pixelKey Green fine",
            "$pixelKey Blue",
            "$pixelKey Blue fine",
            "$pixelKey White",
            "$pixelKey White fine",
            "$pixelKey Strobe Duration",
            "$pixelKey Strobe Rate"
          ]
        }
      ]
    },
    {
      "name": "RGBW 16-Bit 2-zone",
      "channels": [
        "Master Dimmer",
        "Master Dimmer fine",
        "Color Macros",
        "Strobe",
        "Intensity Timing",
        "Color Timing",
        "Control",
        {
          "insert": "matrixChannels",
          "repeatFor": [
            "Top Row",
            "Bottom Row"
          ],
          "channelOrder": "perPixel",
          "templateChannels": [
            "$pixelKey Intensity",
            "$pixelKey Red",
            "$pixelKey Red fine",
            "$pixelKey Green",
            "$pixelKey Green fine",
            "$pixelKey Blue",
            "$pixelKey Blue fine",
            "$pixelKey White",
            "$pixelKey White fine",
            "$pixelKey Strobe Duration",
            "$pixelKey Strobe Rate"
          ]
        }
      ]
    },
    {
      "name": "RGBW 16-Bit 3-zone",
      "channels": [
        "Master Dimmer",
        "Master Dimmer fine",
        "Color Macros",
        "Strobe",
        "Intensity Timing",
        "Color Timing",
        "Control",
        {
          "insert": "matrixChannels",
          "repeatFor": [
            "Left Zone",
            "Center Zone",
            "Right Zone"
          ],
          "channelOrder": "perPixel",
          "templateChannels": [
            "$pixelKey Intensity",
            "$pixelKey Red",
            "$pixelKey Red fine",
            "$pixelKey Green",
            "$pixelKey Green fine",
            "$pixelKey Blue",
            "$pixelKey Blue fine",
            "$pixelKey White",
            "$pixelKey White fine",
            "$pixelKey Strobe Duration",
            "$pixelKey Strobe Rate"
          ]
        }
      ]
    },
    {
      "name": "RGBW 16-Bit 6-zone",
      "channels": [
        "Master Dimmer",
        "Master Dimmer fine",
        "Color Macros",
        "Strobe",
        "Intensity Timing",
        "Color Timing",
        "Control",
        {
          "insert": "matrixChannels",
          "repeatFor": "eachPixelABC",
          "channelOrder": "perPixel",
          "templateChannels": [
            "$pixelKey Intensity",
            "$pixelKey Red",
            "$pixelKey Red fine",
            "$pixelKey Green",
            "$pixelKey Green fine",
            "$pixelKey Blue",
            "$pixelKey Blue fine",
            "$pixelKey White",
            "$pixelKey White fine",
            "$pixelKey Strobe Duration",
            "$pixelKey Strobe Rate"
          ]
        }
      ]
    },
    {
      "name": "RGBW 8-Bit 1-zone",
      "channels": [
        "Master Dimmer",
        "Color Macros",
        "Strobe",
        "Intensity Timing",
        "Control",
        {
          "insert": "matrixChannels",
          "repeatFor": [
            "All Zones"
          ],
          "channelOrder": "perPixel",
          "templateChannels": [
            "$pixelKey Intensity",
            "$pixelKey Red",
            "$pixelKey Green",
            "$pixelKey Blue",
            "$pixelKey White",
            "$pixelKey Strobe Duration",
            "$pixelKey Strobe Rate"
          ]
        }
      ]
    },
    {
      "name": "RGBW 8-Bit 2-zone",
      "channels": [
        "Master Dimmer",
        "Color Macros",
        "Strobe",
        "Intensity Timing",
        "Control",
        {
          "insert": "matrixChannels",
          "repeatFor": [
            "Top Row",
            "Bottom Row"
          ],
          "channelOrder": "perPixel",
          "templateChannels": [
            "$pixelKey Intensity",
            "$pixelKey Red",
            "$pixelKey Green",
            "$pixelKey Blue",
            "$pixelKey White",
            "$pixelKey Strobe Duration",
            "$pixelKey Strobe Rate"
          ]
        }
      ]
    },
    {
      "name": "RGBW 8-Bit 3-zone",
      "channels": [
        "Master Dimmer",
        "Color Macros",
        "Strobe",
        "Intensity Timing",
        "Control",
        {
          "insert": "matrixChannels",
          "repeatFor": [
            "Left Zone",
            "Center Zone",
            "Right Zone"
          ],
          "channelOrder": "perPixel",
          "templateChannels": [
            "$pixelKey Intensity",
            "$pixelKey Red",
            "$pixelKey Green",
            "$pixelKey Blue",
            "$pixelKey White",
            "$pixelKey Strobe Duration",
            "$pixelKey Strobe Rate"
          ]
        }
      ]
    },
    {
      "name": "RGBW 8-Bit 6-zone",
      "channels": [
        "Master Dimmer",
        "Color Macros",
        "Strobe",
        "Intensity Timing",
        "Control",
        {
          "insert": "matrixChannels",
          "repeatFor": "eachPixelABC",
          "channelOrder": "perPixel",
          "templateChannels": [
            "$pixelKey Intensity",
            "$pixelKey Red",
            "$pixelKey Green",
            "$pixelKey Blue",
            "$pixelKey White",
            "$pixelKey Strobe Duration",
            "$pixelKey Strobe Rate"
          ]
        }
      ]
    },
    {
      "name": "6-channel",
      "shortName": "6ch",
      "channels": [
        "Master Dimmer",
        "Color Macros",
        "Strobe Duration",
        "Strobe Rate",
        "Strobe",
        "Control"
      ]
    },
    {
      "name": "Mapping 16-Bit",
      "channels": [
        {
          "insert": "matrixChannels",
          "repeatFor": "eachPixelABC",
          "channelOrder": "perPixel",
          "templateChannels": [
            "$pixelKey Red",
            "$pixelKey Red fine",
            "$pixelKey Green",
            "$pixelKey Green fine",
            "$pixelKey Blue",
            "$pixelKey Blue fine",
            "$pixelKey White",
            "$pixelKey White fine"
          ]
        }
      ]
    }
  ],
  "fixtureKey": "sl-nitro-510c",
  "manufacturerKey": "showline",
  "oflURL": "https://open-fixture-library.org/showline/sl-nitro-510c"
}
