{
  "$schema": "https://raw.githubusercontent.com/OpenLightingProject/open-fixture-library/schema-12.1.0/schemas/fixture.json",
  "name": "LED Moving Head 150W",
  "categories": ["Moving Head", "Color Changer"],
  "meta": {
    "authors": ["Flo Edelmann"],
    "createDate": "2019-11-21",
    "lastModifyDate": "2019-11-21"
  },
  "links": {
    "manual": [
      "http://flash-butrym.pl/en_US/p/file/e1559f5a07f45db28b9ecaea49bc8fdd/7100506-LED-MOVING-HEAD-150W-2-31-AUTO-FOCUS%2C-ROTO-PRISM.pdf"
    ],
    "productPage": [
      "http://flash-butrym.pl/en_US/p/4x-LED-MOVING-HEAD-150W-2-31-ROTO-PRISM-SET/559"
    ],
    "video": [
      "https://www.youtube.com/watch?v=LHWkp4Wu2io"
    ]
  },
  "physical": {
    "dimensions": [250, 452, 256],
    "weight": 12,
    "power": 189,
    "DMXconnector": "3-pin and 5-pin",
    "bulb": {
      "type": "1× 150W white LED"
    },
    "lens": {
      "degreesMinMax": [2, 28]
    }
  },
  "wheels": {
    "Color Wheel": {
      "slots": [
        {
          "type": "Open"
        },
        {
          "type": "Color",
          "name": "Red",
          "colors": ["#ff0000"]
        },
        {
          "type": "Color",
          "name": "Orange",
          "colors": ["#ffaa00"]
        },
        {
          "type": "Color",
          "name": "Yellow",
          "colors": ["#ffff00"]
        },
        {
          "type": "Color",
          "name": "Green",
          "colors": ["#00ff00"]
        },
        {
          "type": "Color",
          "name": "Blue",
          "colors": ["#0000ff"]
        },
        {
          "type": "Color",
          "name": "Magenta",
          "colors": ["#ff00cc"]
        },
        {
          "type": "Color",
          "name": "Turquoise",
          "colors": ["#00ffcc"]
        },
        {
          "type": "Color",
          "name": "Pink",
          "colors": ["#ffaaff"]
        }
      ]
    },
    "Static Gobo Wheel": {
      "slots": [
        {
          "type": "Open"
        },
        {
          "type": "Iris",
          "openPercent": "10%"
        },
        {
          "type": "Iris",
          "openPercent": "25%"
        },
        {
          "type": "Iris",
          "openPercent": "40%"
        },
        {
          "type": "Iris",
          "openPercent": "50%"
        },
        {
          "type": "Iris",
          "openPercent": "75%"
        },
        {
          "type": "Gobo",
          "name": "Biohazard"
        },
        {
          "type": "Gobo",
          "name": "Fuzzy rays"
        }
      ]
    },
    "Rotating Gobo Wheel": {
      "slots": [
        {
          "type": "Open"
        },
        {
          "type": "Gobo",
          "name": "Bar"
        },
        {
          "type": "Gobo",
          "name": "Striped shutter"
        },
        {
          "type": "Gobo",
          "name": "Life"
        },
        {
          "type": "Gobo",
          "name": "Flower"
        },
        {
          "type": "Gobo",
          "name": "Arrows"
        },
        {
          "type": "Gobo",
          "name": "Stars"
        }
      ]
    }
  },
  "availableChannels": {
    "Pan": {
      "fineChannelAliases": ["Pan fine"],
      "capability": {
        "type": "Pan",
        "angleStart": "0deg",
        "angleEnd": "540deg"
      }
    },
    "Tilt": {
      "fineChannelAliases": ["Tilt fine"],
      "capability": {
        "type": "Tilt",
        "angleStart": "0deg",
        "angleEnd": "270deg"
      }
    },
    "Pan/Tilt Speed": {
      "capability": {
        "type": "PanTiltSpeed",
        "speedStart": "fast",
        "speedEnd": "slow"
      }
    },
    "Show Mode": {
      "capabilities": [
        {
          "dmxRange": [0, 15],
          "type": "NoFunction"
        },
        {
          "dmxRange": [16, 63],
          "type": "Effect",
          "effectName": "Show 1"
        },
        {
          "dmxRange": [64, 127],
          "type": "Effect",
          "effectName": "Show 2"
        },
        {
          "dmxRange": [128, 191],
          "type": "Effect",
          "effectName": "Show 3"
        },
        {
          "dmxRange": [192, 255],
          "type": "Effect",
          "effectName": "Show 4"
        }
      ]
    },
    "Pan/Tilt Macro": {
      "capabilities": [
        {
          "dmxRange": [0, 7],
          "type": "NoFunction"
        },
        {
          "dmxRange": [8, 15],
          "type": "Effect",
          "effectName": "Macro 1"
        },
        {
          "dmxRange": [16, 23],
          "type": "Effect",
          "effectName": "Macro 2"
        },
        {
          "dmxRange": [24, 31],
          "type": "Effect",
          "effectName": "Macro 3"
        },
        {
          "dmxRange": [32, 39],
          "type": "Effect",
          "effectName": "Macro 4"
        },
        {
          "dmxRange": [40, 47],
          "type": "Effect",
          "effectName": "Macro 5"
        },
        {
          "dmxRange": [48, 55],
          "type": "Effect",
          "effectName": "Macro 6"
        },
        {
          "dmxRange": [56, 63],
          "type": "Effect",
          "effectName": "Macro 7"
        },
        {
          "dmxRange": [64, 71],
          "type": "Effect",
          "effectName": "Macro 8"
        },
        {
          "dmxRange": [72, 79],
          "type": "Effect",
          "effectName": "Macro 9"
        },
        {
          "dmxRange": [80, 87],
          "type": "Effect",
          "effectName": "Macro 10"
        },
        {
          "dmxRange": [88, 95],
          "type": "Effect",
          "effectName": "Macro 11"
        },
        {
          "dmxRange": [96, 103],
          "type": "Effect",
          "effectName": "Macro 12"
        },
        {
          "dmxRange": [104, 111],
          "type": "Effect",
          "effectName": "Macro 13"
        },
        {
          "dmxRange": [112, 119],
          "type": "Effect",
          "effectName": "Macro 14"
        },
        {
          "dmxRange": [120, 127],
          "type": "Effect",
          "effectName": "Macro 15"
        },
        {
          "dmxRange": [128, 135],
          "type": "Effect",
          "effectName": "Macro 16"
        },
        {
          "dmxRange": [136, 143],
          "type": "Effect",
          "effectName": "Macro 17"
        },
        {
          "dmxRange": [144, 151],
          "type": "Effect",
          "effectName": "Macro 18"
        },
        {
          "dmxRange": [152, 159],
          "type": "Effect",
          "effectName": "Macro 19"
        },
        {
          "dmxRange": [160, 167],
          "type": "Effect",
          "effectName": "Macro 20"
        },
        {
          "dmxRange": [168, 175],
          "type": "Effect",
          "effectName": "Macro 21"
        },
        {
          "dmxRange": [176, 183],
          "type": "Effect",
          "effectName": "Macro 22"
        },
        {
          "dmxRange": [184, 191],
          "type": "Effect",
          "effectName": "Macro 23"
        },
        {
          "dmxRange": [192, 199],
          "type": "Effect",
          "effectName": "Macro 24"
        },
        {
          "dmxRange": [200, 207],
          "type": "Effect",
          "effectName": "Macro 25"
        },
        {
          "dmxRange": [208, 215],
          "type": "Effect",
          "effectName": "Macro 26"
        },
        {
          "dmxRange": [216, 223],
          "type": "Effect",
          "effectName": "Macro 27"
        },
        {
          "dmxRange": [224, 231],
          "type": "Effect",
          "effectName": "Macro 28"
        },
        {
          "dmxRange": [232, 239],
          "type": "Effect",
          "effectName": "Macro 29"
        },
        {
          "dmxRange": [240, 247],
          "type": "Effect",
          "effectName": "Macro 30"
        },
        {
          "dmxRange": [248, 255],
          "type": "Effect",
          "effectName": "Macro 31"
        }
      ]
    },
    "Macro Speed": {
      "capability": {
        "type": "EffectSpeed",
        "speedStart": "fast",
        "speedEnd": "slow"
      }
    },
    "Color Wheel": {
      "capabilities": [
        {
          "dmxRange": [0, 15],
          "type": "WheelSlot",
          "slotNumber": 1
        },
        {
          "dmxRange": [16, 18],
          "type": "WheelSlot",
          "slotNumberStart": 1,
          "slotNumberEnd": 2
        },
        {
          "dmxRange": [19, 21],
          "type": "WheelSlot",
          "slotNumber": 2
        },
        {
          "dmxRange": [22, 24],
          "type": "WheelSlot",
          "slotNumberStart": 2,
          "slotNumberEnd": 3
        },
        {
          "dmxRange": [25, 27],
          "type": "WheelSlot",
          "slotNumber": 3
        },
        {
          "dmxRange": [28, 30],
          "type": "WheelSlot",
          "slotNumberStart": 3,
          "slotNumberEnd": 4
        },
        {
          "dmxRange": [31, 33],
          "type": "WheelSlot",
          "slotNumber": 4
        },
        {
          "dmxRange": [34, 36],
          "type": "WheelSlot",
          "slotNumberStart": 4,
          "slotNumberEnd": 5
        },
        {
          "dmxRange": [37, 39],
          "type": "WheelSlot",
          "slotNumber": 5
        },
        {
          "dmxRange": [40, 42],
          "type": "WheelSlot",
          "slotNumberStart": 5,
          "slotNumberEnd": 6
        },
        {
          "dmxRange": [43, 45],
          "type": "WheelSlot",
          "slotNumber": 6
        },
        {
          "dmxRange": [46, 48],
          "type": "WheelSlot",
          "slotNumberStart": 6,
          "slotNumberEnd": 7
        },
        {
          "dmxRange": [49, 51],
          "type": "WheelSlot",
          "slotNumber": 7
        },
        {
          "dmxRange": [52, 54],
          "type": "WheelSlot",
          "slotNumberStart": 7,
          "slotNumberEnd": 8
        },
        {
          "dmxRange": [55, 57],
          "type": "WheelSlot",
          "slotNumber": 8
        },
        {
          "dmxRange": [58, 60],
          "type": "WheelSlot",
          "slotNumberStart": 8,
          "slotNumberEnd": 9
        },
        {
          "dmxRange": [61, 63],
          "type": "WheelSlot",
          "slotNumber": 9
        },
        {
          "dmxRange": [64, 127],
          "type": "WheelRotation",
          "angleStart": "0deg",
          "angleEnd": "360deg"
        },
        {
          "dmxRange": [128, 189],
          "type": "WheelRotation",
          "speedStart": "fast CCW",
          "speedEnd": "slow CCW"
        },
        {
          "dmxRange": [190, 193],
          "type": "WheelRotation",
          "speed": "stop"
        },
        {
          "dmxRange": [194, 255],
          "type": "WheelRotation",
          "speedStart": "slow CW",
          "speedEnd": "fast CW"
        }
      ]
    },
    "Static Gobo Wheel": {
      "capabilities": [
        {
          "dmxRange": [0, 7],
          "type": "WheelSlot",
          "slotNumber": 1
        },
        {
          "dmxRange": [8, 16],
          "type": "WheelSlot",
          "slotNumber": 2
        },
        {
          "dmxRange": [17, 25],
          "type": "WheelSlot",
          "slotNumber": 3
        },
        {
          "dmxRange": [26, 34],
          "type": "WheelSlot",
          "slotNumber": 4
        },
        {
          "dmxRange": [35, 43],
          "type": "WheelSlot",
          "slotNumber": 5
        },
        {
          "dmxRange": [44, 52],
          "type": "WheelSlot",
          "slotNumber": 6
        },
        {
          "dmxRange": [53, 61],
          "type": "WheelSlot",
          "slotNumber": 7
        },
        {
          "dmxRange": [62, 67],
          "type": "WheelSlot",
          "slotNumber": 8
        },
        {
          "dmxRange": [68, 72],
          "type": "WheelShake",
          "slotNumber": 2,
          "shakeSpeedStart": "slow",
          "shakeSpeedEnd": "fast"
        },
        {
          "dmxRange": [73, 81],
          "type": "WheelShake",
          "slotNumber": 3,
          "shakeSpeedStart": "slow",
          "shakeSpeedEnd": "fast"
        },
        {
          "dmxRange": [82, 90],
          "type": "WheelShake",
          "slotNumber": 4,
          "shakeSpeedStart": "slow",
          "shakeSpeedEnd": "fast"
        },
        {
          "dmxRange": [91, 99],
          "type": "WheelShake",
          "slotNumber": 5,
          "shakeSpeedStart": "slow",
          "shakeSpeedEnd": "fast"
        },
        {
          "dmxRange": [100, 108],
          "type": "WheelShake",
          "slotNumber": 6,
          "shakeSpeedStart": "slow",
          "shakeSpeedEnd": "fast"
        },
        {
          "dmxRange": [109, 117],
          "type": "WheelShake",
          "slotNumber": 7,
          "shakeSpeedStart": "slow",
          "shakeSpeedEnd": "fast"
        },
        {
          "dmxRange": [118, 127],
          "type": "WheelShake",
          "slotNumber": 8,
          "shakeSpeedStart": "slow",
          "shakeSpeedEnd": "fast"
        },
        {
          "dmxRange": [128, 189],
          "type": "WheelRotation",
          "speedStart": "fast CCW",
          "speedEnd": "slow CCW"
        },
        {
          "dmxRange": [190, 193],
          "type": "WheelRotation",
          "speed": "stop"
        },
        {
          "dmxRange": [194, 255],
          "type": "WheelRotation",
          "speedStart": "slow CW",
          "speedEnd": "fast CW"
        }
      ]
    },
    "Rotating Gobo Wheel": {
      "capabilities": [
        {
          "dmxRange": [0, 8],
          "type": "WheelSlot",
          "slotNumber": 1
        },
        {
          "dmxRange": [9, 17],
          "type": "WheelSlot",
          "slotNumber": 2
        },
        {
          "dmxRange": [18, 26],
          "type": "WheelSlot",
          "slotNumber": 3
        },
        {
          "dmxRange": [27, 35],
          "type": "WheelSlot",
          "slotNumber": 4
        },
        {
          "dmxRange": [36, 44],
          "type": "WheelSlot",
          "slotNumber": 5
        },
        {
          "dmxRange": [45, 53],
          "type": "WheelSlot",
          "slotNumber": 6
        },
        {
          "dmxRange": [54, 63],
          "type": "WheelSlot",
          "slotNumber": 7
        },
        {
          "dmxRange": [64, 73],
          "type": "WheelShake",
          "slotNumber": 2,
          "shakeSpeedStart": "slow",
          "shakeSpeedEnd": "fast"
        },
        {
          "dmxRange": [74, 83],
          "type": "WheelShake",
          "slotNumber": 3,
          "shakeSpeedStart": "slow",
          "shakeSpeedEnd": "fast"
        },
        {
          "dmxRange": [84, 93],
          "type": "WheelShake",
          "slotNumber": 4,
          "shakeSpeedStart": "slow",
          "shakeSpeedEnd": "fast"
        },
        {
          "dmxRange": [94, 103],
          "type": "WheelShake",
          "slotNumber": 5,
          "shakeSpeedStart": "slow",
          "shakeSpeedEnd": "fast"
        },
        {
          "dmxRange": [104, 113],
          "type": "WheelShake",
          "slotNumber": 6,
          "shakeSpeedStart": "slow",
          "shakeSpeedEnd": "fast"
        },
        {
          "dmxRange": [114, 127],
          "type": "WheelShake",
          "slotNumber": 7,
          "shakeSpeedStart": "slow",
          "shakeSpeedEnd": "fast"
        },
        {
          "dmxRange": [128, 189],
          "type": "WheelRotation",
          "speedStart": "fast CCW",
          "speedEnd": "slow CCW"
        },
        {
          "dmxRange": [190, 193],
          "type": "WheelRotation",
          "speed": "stop"
        },
        {
          "dmxRange": [194, 255],
          "type": "WheelRotation",
          "speedStart": "slow CW",
          "speedEnd": "fast CW"
        }
      ]
    },
    "Gobo Rotation": {
      "capabilities": [
        {
          "dmxRange": [0, 127],
          "type": "WheelSlotRotation",
          "wheel": "Rotating Gobo Wheel",
          "angleStart": "0deg",
          "angleEnd": "360deg"
        },
        {
          "dmxRange": [128, 189],
          "type": "WheelSlotRotation",
          "wheel": "Rotating Gobo Wheel",
          "speedStart": "fast CW",
          "speedEnd": "slow CW"
        },
        {
          "dmxRange": [190, 193],
          "type": "WheelSlotRotation",
          "wheel": "Rotating Gobo Wheel",
          "speed": "stop"
        },
        {
          "dmxRange": [194, 255],
          "type": "WheelSlotRotation",
          "wheel": "Rotating Gobo Wheel",
          "speedStart": "slow CCW",
          "speedEnd": "fast CCW"
        }
      ]
    },
    "Angle / Frost": {
      "capabilities": [
        {
          "dmxRange": [0, 7],
          "type": "NoFunction"
        },
        {
          "dmxRange": [8, 128],
          "type": "Zoom",
          "angle": "20deg"
        },
        {
          "dmxRange": [129, 255],
          "type": "Frost",
          "frostIntensity": "high"
        }
      ]
    },
    "Prism": {
      "capabilities": [
        {
          "dmxRange": [0, 7],
          "type": "NoFunction"
        },
        {
          "dmxRange": [8, 255],
          "type": "Prism",
          "comment": "3-facet"
        }
      ]
    },
    "Prism Rotation": {
      "capabilities": [
        {
          "dmxRange": [0, 127],
          "type": "PrismRotation",
          "angleStart": "0deg",
          "angleEnd": "360deg"
        },
        {
          "dmxRange": [128, 189],
          "type": "PrismRotation",
          "speedStart": "fast CCW",
          "speedEnd": "slow CCW"
        },
        {
          "dmxRange": [190, 193],
          "type": "PrismRotation",
          "speed": "stop"
        },
        {
          "dmxRange": [194, 255],
          "type": "PrismRotation",
          "speedStart": "slow CW",
          "speedEnd": "fast CW"
        }
      ]
    },
    "Focus": {
      "capability": {
        "type": "Focus",
        "distanceStart": "far",
        "distanceEnd": "near"
      }
    },
    "Shutter": {
      "capabilities": [
        {
          "dmxRange": [0, 7],
          "type": "ShutterStrobe",
          "shutterEffect": "Closed"
        },
        {
          "dmxRange": [8, 15],
          "type": "ShutterStrobe",
          "shutterEffect": "Open"
        },
        {
          "dmxRange": [16, 131],
          "type": "ShutterStrobe",
          "shutterEffect": "Strobe",
          "speedStart": "slow",
          "speedEnd": "fast"
        },
        {
          "dmxRange": [132, 139],
          "type": "ShutterStrobe",
          "shutterEffect": "Open"
        },
        {
          "dmxRange": [140, 181],
          "type": "ShutterStrobe",
          "shutterEffect": "RampUp"
        },
        {
          "dmxRange": [182, 189],
          "type": "ShutterStrobe",
          "shutterEffect": "Open"
        },
        {
          "dmxRange": [190, 231],
          "type": "ShutterStrobe",
          "shutterEffect": "RampDown"
        },
        {
          "dmxRange": [232, 239],
          "type": "ShutterStrobe",
          "shutterEffect": "Open"
        },
        {
          "dmxRange": [240, 247],
          "type": "ShutterStrobe",
          "shutterEffect": "Strobe",
          "randomTiming": true
        },
        {
          "dmxRange": [248, 255],
          "type": "ShutterStrobe",
          "shutterEffect": "Open"
        }
      ]
    },
    "Dimmer": {
      "fineChannelAliases": ["Dimmer fine"],
      "capability": {
        "type": "Intensity"
      }
    },
    "Special Function": {
      "capabilities": [
        {
          "dmxRange": [0, 69],
          "type": "NoFunction"
        },
        {
          "dmxRange": [70, 79],
          "type": "Maintenance",
          "comment": "Enable blackout during Pan/Tilt movement"
        },
        {
          "dmxRange": [80, 89],
          "type": "Maintenance",
          "comment": "Disable blackout during Pan/Tilt movement"
        },
        {
          "dmxRange": [90, 99],
          "type": "Maintenance",
          "comment": "Enable blackout during Color change"
        },
        {
          "dmxRange": [100, 109],
          "type": "Maintenance",
          "comment": "Disable blackout during Color change"
        },
        {
          "dmxRange": [110, 119],
          "type": "Maintenance",
          "comment": "Enable blackout during Gobo change"
        },
        {
          "dmxRange": [120, 129],
          "type": "Maintenance",
          "comment": "Disable blackout during Gobo change"
        },
        {
          "dmxRange": [130, 139],
          "type": "NoFunction"
        },
        {
          "dmxRange": [140, 149],
          "type": "Maintenance",
          "comment": "Pan/Tilt reset"
        },
        {
          "dmxRange": [150, 159],
          "type": "Maintenance",
          "comment": "Effect reset"
        },
        {
          "dmxRange": [160, 199],
          "type": "NoFunction"
        },
        {
          "dmxRange": [200, 209],
          "type": "Maintenance",
          "comment": "All reset"
        },
        {
          "dmxRange": [210, 219],
          "type": "Maintenance",
          "comment": "Enable blackout during Pan/Tilt movement / Color/Gobo change"
        },
        {
          "dmxRange": [220, 229],
          "type": "Maintenance",
          "comment": "Disable blackout during Pan/Tilt movement / Color/Gobo change"
        },
        {
          "dmxRange": [230, 255],
          "type": "NoFunction"
        }
      ]
    }
  },
  "modes": [
    {
      "name": "17-channel",
      "shortName": "17ch",
      "channels": [
        "Pan",
        "Tilt",
        "Pan/Tilt Speed",
        "Show Mode",
        "Pan/Tilt Macro",
        "Macro Speed",
        "Color Wheel",
        "Static Gobo Wheel",
        "Rotating Gobo Wheel",
        "Gobo Rotation",
        "Angle / Frost",
        "Prism",
        "Prism Rotation",
        "Focus",
        "Shutter",
        "Dimmer",
        "Special Function"
      ]
    },
    {
      "name": "20-channel",
      "shortName": "20ch",
      "channels": [
        "Pan",
        "Pan fine",
        "Tilt",
        "Tilt fine",
        "Pan/Tilt Speed",
        "Show Mode",
        "Pan/Tilt Macro",
        "Macro Speed",
        "Color Wheel",
        "Static Gobo Wheel",
        "Rotating Gobo Wheel",
        "Gobo Rotation",
        "Angle / Frost",
        "Prism",
        "Prism Rotation",
        "Focus",
        "Shutter",
        "Dimmer",
        "Dimmer fine",
        "Special Function"
      ]
    }
  ],
  "fixtureKey": "led-moving-head-150w",
  "manufacturerKey": "flash-professional",
  "oflURL": "https://open-fixture-library.org/flash-professional/led-moving-head-150w"
}
