{
  "$schema": "https://raw.githubusercontent.com/OpenLightingProject/open-fixture-library/schema-12.1.0/schemas/fixture.json",
  "name": "IP Spot Bat",
  "shortName": "GhostIPSBat",
  "categories": ["Color Changer"],
  "meta": {
    "authors": ["zampano"],
    "createDate": "2018-05-30",
    "lastModifyDate": "2018-08-09"
  },
  "comment": "Mode 2",
  "links": {
    "manual": [
      "https://www.mhdiffusion.fr/download/notices/MANUEL-IPSPOTBAT-GHOST.pdf"
    ],
    "video": [
      "https://www.youtube.com/watch?v=_nbH55XYGYU"
    ]
  },
  "physical": {
    "dimensions": [240, 165, 210],
    "weight": 3,
    "power": 72,
    "DMXconnector": "3-pin",
    "bulb": {
      "type": "6x12W RGWAUV LEDs"
    },
    "lens": {
      "degreesMinMax": [40, 40]
    }
  },
  "availableChannels": {
    "Master Intensity": {
      "defaultValue": 0,
      "highlightValue": 255,
      "capability": {
        "type": "Intensity"
      }
    },
    "Red": {
      "defaultValue": 0,
      "highlightValue": 255,
      "capability": {
        "type": "ColorIntensity",
        "color": "Red"
      }
    },
    "Green": {
      "defaultValue": 0,
      "highlightValue": 255,
      "capability": {
        "type": "ColorIntensity",
        "color": "Green"
      }
    },
    "Blue": {
      "defaultValue": 0,
      "highlightValue": 255,
      "capability": {
        "type": "ColorIntensity",
        "color": "Blue"
      }
    },
    "White": {
      "defaultValue": 0,
      "highlightValue": 255,
      "capability": {
        "type": "ColorIntensity",
        "color": "White"
      }
    },
    "Amber": {
      "defaultValue": 0,
      "highlightValue": 255,
      "capability": {
        "type": "ColorIntensity",
        "color": "Amber"
      }
    },
    "UV": {
      "defaultValue": 0,
      "highlightValue": 255,
      "capability": {
        "type": "ColorIntensity",
        "color": "UV"
      }
    },
    "Strobe": {
      "capability": {
        "type": "ShutterStrobe",
        "shutterEffect": "Strobe",
        "speedStart": "0Hz",
        "speedEnd": "10Hz",
        "helpWanted": "At which DMX value is the LED constantly on/off (no strobe)?"
      }
    },
    "Programs": {
      "capabilities": [
        {
          "dmxRange": [0, 50],
          "type": "NoFunction"
        },
        {
          "dmxRange": [51, 100],
          "type": "Effect",
          "effectName": "8 predefined colors"
        },
        {
          "dmxRange": [101, 150],
          "type": "Effect",
          "effectPreset": "ColorJump"
        },
        {
          "dmxRange": [151, 200],
          "type": "Effect",
          "effectPreset": "ColorFade"
        },
        {
          "dmxRange": [201, 250],
          "type": "Effect",
          "effectName": "ColorPulse"
        },
        {
          "dmxRange": [251, 255],
          "type": "Effect",
          "effectName": "Sound control",
          "soundControlled": true
        }
      ]
    },
    "Program Speed": {
      "capability": {
        "type": "EffectSpeed",
        "speedStart": "slow",
        "speedEnd": "fast"
      }
    }
  },
  "modes": [
    {
      "name": "6-channel",
      "shortName": "6ch",
      "channels": [
        "Red",
        "Green",
        "Blue",
        "White",
        "Amber",
        "UV"
      ]
    },
    {
      "name": "10-channel",
      "shortName": "10ch",
      "channels": [
        "Master Intensity",
        "Red",
        "Green",
        "Blue",
        "White",
        "Amber",
        "UV",
        "Strobe",
        "Programs",
        "Program Speed"
      ]
    }
  ],
  "fixtureKey": "ip-spot-bat",
  "manufacturerKey": "ghost",
  "oflURL": "https://open-fixture-library.org/ghost/ip-spot-bat"
}
