{
  "$schema": "https://raw.githubusercontent.com/OpenLightingProject/open-fixture-library/schema-12.1.0/schemas/fixture.json",
  "name": "BT-STAGEPAR 6in1",
  "shortName": "BT-STAGEPAR6in1",
  "categories": ["Color Changer"],
  "meta": {
    "authors": ["josequioss", "Flo Edelmann"],
    "createDate": "2019-10-13",
    "lastModifyDate": "2019-10-13"
  },
  "links": {
    "manual": [
      "https://briteq-lighting.com/fileuploader/download/download/?d=0&file=custom%2Fupload%2FFile-1517492038.pdf"
    ],
    "productPage": [
      "https://briteq-lighting.com/bt-stagepar-6in1"
    ],
    "video": [
      "https://www.youtube.com/watch?v=dZgixI0Cq5Q"
    ]
  },
  "physical": {
    "dimensions": [300, 275, 300],
    "weight": 3.5,
    "power": 120,
    "DMXconnector": "3-pin",
    "bulb": {
      "type": "12× 12W 6in1 LEDs (Red, Green, Blue, White, Amber, UV)"
    },
    "lens": {
      "degreesMinMax": [25, 25]
    }
  },
  "availableChannels": {
    "All Colors": {
      "capability": {
        "type": "ColorIntensity",
        "color": "White",
        "comment": "R+G+B+W+A"
      }
    },
    "Red": {
      "capability": {
        "type": "ColorIntensity",
        "color": "Red"
      }
    },
    "Green": {
      "capability": {
        "type": "ColorIntensity",
        "color": "Green"
      }
    },
    "Blue": {
      "capability": {
        "type": "ColorIntensity",
        "color": "Blue"
      }
    },
    "White": {
      "capability": {
        "type": "ColorIntensity",
        "color": "White"
      }
    },
    "Amber": {
      "capability": {
        "type": "ColorIntensity",
        "color": "Amber"
      }
    },
    "UV": {
      "capability": {
        "type": "ColorIntensity",
        "color": "UV"
      }
    },
    "Dimmer": {
      "capability": {
        "type": "Intensity"
      }
    },
    "Color Temperature": {
      "capability": {
        "type": "ColorTemperature",
        "colorTemperatureStart": "3200K",
        "colorTemperatureEnd": "10000K"
      }
    },
    "Simple Strobe": {
      "name": "Strobe",
      "capability": {
        "type": "ShutterStrobe",
        "shutterEffect": "Strobe",
        "speedStart": "slow",
        "speedEnd": "fast",
        "helpWanted": "At which DMX values is strobe disabled?"
      }
    },
    "Dimmer / Chase / Strobe": {
      "capabilities": [
        {
          "dmxRange": [0, 190],
          "type": "Intensity"
        },
        {
          "dmxRange": [191, 200],
          "type": "Effect",
          "effectPreset": "ColorJump",
          "soundControlled": true
        },
        {
          "dmxRange": [201, 247],
          "type": "ShutterStrobe",
          "shutterEffect": "Strobe",
          "speedStart": "slow",
          "speedEnd": "fast"
        },
        {
          "dmxRange": [248, 255],
          "type": "Intensity",
          "brightness": "100%"
        }
      ]
    },
    "Strobe": {
      "capabilities": [
        {
          "dmxRange": [0, 0],
          "type": "ShutterStrobe",
          "shutterEffect": "Open"
        },
        {
          "dmxRange": [1, 5],
          "type": "ShutterStrobe",
          "shutterEffect": "Strobe",
          "soundControlled": true
        },
        {
          "dmxRange": [6, 10],
          "type": "ShutterStrobe",
          "shutterEffect": "Open"
        },
        {
          "dmxRange": [11, 255],
          "type": "ShutterStrobe",
          "shutterEffect": "Strobe",
          "speedStart": "slow",
          "speedEnd": "fast"
        }
      ]
    },
    "Extended Strobe": {
      "name": "Strobe",
      "capabilities": [
        {
          "dmxRange": [0, 7],
          "type": "ShutterStrobe",
          "shutterEffect": "Open"
        },
        {
          "dmxRange": [8, 37],
          "type": "ShutterStrobe",
          "shutterEffect": "Strobe",
          "randomTiming": true
        },
        {
          "dmxRange": [38, 67],
          "type": "ShutterStrobe",
          "shutterEffect": "Strobe",
          "soundControlled": true
        },
        {
          "dmxRange": [68, 255],
          "type": "ShutterStrobe",
          "shutterEffect": "Strobe",
          "speedStart": "slow",
          "speedEnd": "fast"
        }
      ]
    },
    "Programs": {
      "capabilities": [
        {
          "dmxRange": [0, 7],
          "type": "NoFunction"
        },
        {
          "dmxRange": [8, 247],
          "type": "Effect",
          "effectPreset": "ColorFade",
          "speedStart": "slow",
          "speedEnd": "fast"
        },
        {
          "dmxRange": [248, 255],
          "type": "Effect",
          "effectPreset": "ColorJump",
          "soundControlled": true
        }
      ]
    },
    "Color Presets": {
      "capabilities": [
        {
          "dmxRange": [0, 7],
          "type": "NoFunction"
        },
        {
          "dmxRange": [8, 255],
          "type": "ColorPreset",
          "helpWanted": "Which color can be selected at which DMX values?"
        }
      ]
    }
  },
  "modes": [
    {
      "name": "1-channel",
      "shortName": "1ch",
      "channels": [
        "All Colors"
      ]
    },
    {
      "name": "2-channel",
      "shortName": "2ch",
      "channels": [
        "All Colors",
        "UV"
      ]
    },
    {
      "name": "3-channel",
      "shortName": "3ch",
      "channels": [
        "All Colors",
        "UV",
        "Simple Strobe"
      ]
    },
    {
      "name": "3-channel+",
      "shortName": "3ch+",
      "channels": [
        "Dimmer",
        "Color Temperature",
        "UV"
      ]
    },
    {
      "name": "4-channel",
      "shortName": "4ch",
      "channels": [
        "Red",
        "Green",
        "Blue",
        "Dimmer / Chase / Strobe"
      ]
    },
    {
      "name": "8-channel",
      "shortName": "8ch",
      "channels": [
        "Red",
        "Green",
        "Blue",
        "White",
        "Amber",
        "UV",
        "Dimmer",
        "Strobe"
      ]
    },
    {
      "name": "9-channel",
      "shortName": "9ch",
      "channels": [
        "Red",
        "Green",
        "Blue",
        "White",
        "Amber",
        "UV",
        "Dimmer",
        "Strobe",
        "Color Presets"
      ]
    },
    {
      "name": "9-channel+",
      "shortName": "9ch+",
      "channels": [
        "Dimmer",
        "Extended Strobe",
        "Programs",
        "Red",
        "Green",
        "Blue",
        "White",
        "Amber",
        "UV"
      ]
    }
  ],
  "fixtureKey": "bt-stagepar-6in1",
  "manufacturerKey": "briteq",
  "oflURL": "https://open-fixture-library.org/briteq/bt-stagepar-6in1"
}
