{
  "$schema": "https://raw.githubusercontent.com/OpenLightingProject/open-fixture-library/schema-12.1.0/schemas/fixture.json",
  "name": "LED PAR-56 TCL",
  "shortName": "PAR56",
  "categories": ["Color Changer"],
  "meta": {
    "authors": ["Flo Edelmann", "Felix Edelmann"],
    "createDate": "2017-05-24",
    "lastModifyDate": "2018-08-09"
  },
  "links": {
    "manual": [
      "https://media.steinigke.de/documents_t/51913611-MANUAL-1.00-de-en_00066247.pdf"
    ],
    "video": [
      "https://www.youtube.com/watch?v=wS_oUSBZGgM"
    ]
  },
  "physical": {
    "dimensions": [165, 205, 215],
    "weight": 1.5,
    "power": 45,
    "DMXconnector": "3-pin",
    "bulb": {
      "type": "LED"
    },
    "lens": {
      "degreesMinMax": [14, 14]
    }
  },
  "availableChannels": {
    "Red": {
      "highlightValue": 255,
      "capability": {
        "type": "ColorIntensity",
        "color": "Red"
      }
    },
    "Green": {
      "highlightValue": 255,
      "capability": {
        "type": "ColorIntensity",
        "color": "Green"
      }
    },
    "Blue": {
      "highlightValue": 255,
      "capability": {
        "type": "ColorIntensity",
        "color": "Blue"
      }
    },
    "Dimmer": {
      "highlightValue": 255,
      "capability": {
        "type": "Intensity"
      }
    },
    "Shutter": {
      "highlightValue": 220,
      "capabilities": [
        {
          "dmxRange": [0, 0],
          "type": "ShutterStrobe",
          "shutterEffect": "Open"
        },
        {
          "dmxRange": [1, 5],
          "type": "Effect",
          "effectName": "Music control",
          "soundControlled": true
        },
        {
          "dmxRange": [6, 10],
          "type": "ShutterStrobe",
          "shutterEffect": "Open",
          "menuClick": "hidden"
        },
        {
          "dmxRange": [11, 255],
          "type": "ShutterStrobe",
          "shutterEffect": "Strobe",
          "speedStart": "slow",
          "speedEnd": "fast",
          "menuClick": "center"
        }
      ]
    }
  },
  "modes": [
    {
      "name": "5-channel",
      "shortName": "5ch",
      "channels": [
        "Red",
        "Green",
        "Blue",
        "Dimmer",
        "Shutter"
      ]
    },
    {
      "name": "3-channel",
      "shortName": "3ch",
      "channels": [
        "Red",
        "Green",
        "Blue"
      ]
    }
  ],
  "fixtureKey": "led-par-56-tcl",
  "manufacturerKey": "eurolite",
  "oflURL": "https://open-fixture-library.org/eurolite/led-par-56-tcl"
}
