{
  "$schema": "https://raw.githubusercontent.com/OpenLightingProject/open-fixture-library/schema-12.1.0/schemas/fixture.json",
  "name": "LED PS-4 HCL",
  "shortName": "LEDPS4",
  "categories": ["Color Changer"],
  "meta": {
    "authors": ["Flo Edelmann"],
    "createDate": "2017-05-24",
    "lastModifyDate": "2018-08-09"
  },
  "links": {
    "manual": [
      "https://media.steinigke.de/download_t/51913503-MANUAL-1.10-de-en_00096357.pdf"
    ],
    "video": [
      "https://www.youtube.com/watch?v=m-E_xYKWuCY"
    ]
  },
  "physical": {
    "dimensions": [188.5, 195.5, 117],
    "weight": 1.5,
    "power": 33,
    "DMXconnector": "3-pin",
    "bulb": {
      "type": "12 W LED RGBAWUV"
    }
  },
  "availableChannels": {
    "Color Presets": {
      "capabilities": [
        {
          "dmxRange": [0, 9],
          "type": "NoFunction"
        },
        {
          "dmxRange": [10, 19],
          "type": "ColorPreset",
          "colors": ["#ff0000"],
          "comment": "Red"
        },
        {
          "dmxRange": [20, 29],
          "type": "ColorPreset",
          "colors": ["#00ff00"],
          "comment": "Green"
        },
        {
          "dmxRange": [30, 39],
          "type": "ColorPreset",
          "colors": ["#0000ff"],
          "comment": "Blue"
        },
        {
          "dmxRange": [40, 49],
          "type": "ColorPreset",
          "colors": ["#ffffff"],
          "comment": "White"
        },
        {
          "dmxRange": [50, 59],
          "type": "ColorPreset",
          "colors": ["#ffbf00"],
          "comment": "Amber"
        },
        {
          "dmxRange": [60, 69],
          "type": "ColorPreset",
          "colors": ["#8800ff"],
          "comment": "UV"
        },
        {
          "dmxRange": [70, 79],
          "type": "ColorPreset",
          "colors": ["#ffff00"],
          "comment": "Red + Green"
        },
        {
          "dmxRange": [80, 89],
          "type": "ColorPreset",
          "colors": ["#ff00ff"],
          "comment": "Red + Blue"
        },
        {
          "dmxRange": [90, 99],
          "type": "ColorPreset",
          "colors": ["#ff8080"],
          "comment": "Red + White"
        },
        {
          "dmxRange": [100, 109],
          "type": "ColorPreset",
          "colors": ["#ff6000"],
          "comment": "Red + Amber"
        },
        {
          "dmxRange": [110, 119],
          "type": "ColorPreset",
          "colors": ["#ff0000", "#8800ff"],
          "comment": "Red + UV"
        },
        {
          "dmxRange": [120, 129],
          "type": "ColorPreset",
          "colors": ["#00ffff"],
          "comment": "Green + Blue"
        },
        {
          "dmxRange": [130, 139],
          "type": "ColorPreset",
          "colors": ["#80ff80"],
          "comment": "Green + White"
        },
        {
          "dmxRange": [140, 149],
          "type": "ColorPreset",
          "colors": ["#92ff00"],
          "comment": "Green + Amber"
        },
        {
          "dmxRange": [150, 159],
          "type": "ColorPreset",
          "colors": ["#00ff00", "#8800ff"],
          "comment": "Green + UV"
        },
        {
          "dmxRange": [160, 169],
          "type": "ColorPreset",
          "colors": ["#8080ff"],
          "comment": "Blue + White"
        },
        {
          "dmxRange": [170, 179],
          "type": "ColorPreset",
          "colors": ["#ffbfff"],
          "comment": "Blue + Amber"
        },
        {
          "dmxRange": [180, 189],
          "type": "ColorPreset",
          "colors": ["#0000ff", "#8800ff"],
          "comment": "Blue + UV"
        },
        {
          "dmxRange": [190, 199],
          "type": "ColorPreset",
          "colors": ["#ffdf80"],
          "comment": "White + Amber"
        },
        {
          "dmxRange": [200, 209],
          "type": "ColorPreset",
          "colors": ["#ffffff", "#8800ff"],
          "comment": "White + UV"
        },
        {
          "dmxRange": [210, 219],
          "type": "ColorPreset",
          "colors": ["#ffbf00", "#8800ff"],
          "comment": "Amber + UV"
        },
        {
          "dmxRange": [220, 229],
          "type": "ColorPreset",
          "colors": ["#ffffff"],
          "comment": "Red + Green + Blue"
        },
        {
          "dmxRange": [230, 239],
          "type": "ColorPreset",
          "colors": ["#ff6080"],
          "comment": "Red + Blue + Amber"
        },
        {
          "dmxRange": [240, 249],
          "type": "ColorPreset",
          "colors": ["#80ff80", "#8800ff"],
          "comment": "Green + White + UV"
        },
        {
          "dmxRange": [250, 255],
          "type": "ColorPreset",
          "colors": ["#ffdf80", "#8800ff"],
          "comment": "All"
        }
      ]
    },
    "Strobe": {
      "defaultValue": 0,
      "highlightValue": 128,
      "capabilities": [
        {
          "dmxRange": [0, 9],
          "type": "NoFunction"
        },
        {
          "dmxRange": [10, 255],
          "type": "ShutterStrobe",
          "shutterEffect": "Strobe",
          "speedStart": "slow",
          "speedEnd": "fast"
        }
      ]
    },
    "Programs": {
      "capabilities": [
        {
          "dmxRange": [0, 9],
          "type": "NoFunction"
        },
        {
          "dmxRange": [10, 199],
          "type": "Effect",
          "effectName": "Auto mode"
        },
        {
          "dmxRange": [200, 255],
          "type": "Effect",
          "effectName": "Sound mode",
          "soundControlled": true
        }
      ]
    },
    "Program Speed": {
      "defaultValue": 128,
      "highlightValue": 255,
      "capability": {
        "type": "EffectSpeed",
        "speedStart": "slow",
        "speedEnd": "fast"
      }
    },
    "Red": {
      "defaultValue": 0,
      "highlightValue": 255,
      "capability": {
        "type": "ColorIntensity",
        "color": "Red"
      }
    },
    "Green": {
      "defaultValue": 0,
      "highlightValue": 255,
      "capability": {
        "type": "ColorIntensity",
        "color": "Green"
      }
    },
    "Blue": {
      "defaultValue": 0,
      "highlightValue": 255,
      "capability": {
        "type": "ColorIntensity",
        "color": "Blue"
      }
    },
    "White": {
      "defaultValue": 0,
      "highlightValue": 255,
      "capability": {
        "type": "ColorIntensity",
        "color": "White"
      }
    },
    "Amber": {
      "defaultValue": 0,
      "highlightValue": 255,
      "capability": {
        "type": "ColorIntensity",
        "color": "Amber"
      }
    },
    "UV": {
      "defaultValue": 0,
      "highlightValue": 255,
      "capability": {
        "type": "ColorIntensity",
        "color": "UV"
      }
    },
    "Dimmer": {
      "defaultValue": 0,
      "highlightValue": 255,
      "capability": {
        "type": "Intensity"
      }
    }
  },
  "modes": [
    {
      "name": "4 channel",
      "shortName": "4ch",
      "channels": [
        "Color Presets",
        "Strobe",
        "Programs",
        "Program Speed"
      ]
    },
    {
      "name": "10 channel",
      "shortName": "10ch",
      "channels": [
        "Red",
        "Green",
        "Blue",
        "White",
        "Amber",
        "UV",
        "Dimmer",
        "Strobe",
        "Programs",
        "Program Speed"
      ]
    }
  ],
  "fixtureKey": "led-ps-4-hcl",
  "manufacturerKey": "eurolite",
  "oflURL": "https://open-fixture-library.org/eurolite/led-ps-4-hcl"
}
