{
  "$schema": "https://raw.githubusercontent.com/OpenLightingProject/open-fixture-library/schema-12.1.0/schemas/fixture.json",
  "name": "LED Big PARty Spot",
  "shortName": "EuroliteBigPARtySpot",
  "categories": ["Color Changer"],
  "meta": {
    "authors": ["Felix Edelmann"],
    "createDate": "2019-04-07",
    "lastModifyDate": "2019-04-07"
  },
  "links": {
    "manual": [
      "https://www.steinigke.de/download/42110195-Manual-101530-1.10-eurolite-led-big-party-spot-en_de.pdf"
    ],
    "productPage": [
      "https://www.steinigke.de/en/mpn42110195-eurolite-led-big-party-spot.html"
    ],
    "video": [
      "https://www.youtube.com/watch?v=O6SUj9P8Yaw"
    ]
  },
  "physical": {
    "dimensions": [250, 245, 130],
    "weight": 1.1,
    "power": 60,
    "DMXconnector": "3-pin",
    "bulb": {
      "type": "54x 1W LEDs (12x red, 18x green, 18x blue, 6x white)"
    },
    "lens": {
      "degreesMinMax": [12, 12]
    }
  },
  "availableChannels": {
    "Red": {
      "defaultValue": 0,
      "capability": {
        "type": "ColorIntensity",
        "color": "Red"
      }
    },
    "Green": {
      "defaultValue": 0,
      "capability": {
        "type": "ColorIntensity",
        "color": "Green"
      }
    },
    "Blue": {
      "defaultValue": 0,
      "capability": {
        "type": "ColorIntensity",
        "color": "Blue"
      }
    },
    "White": {
      "defaultValue": 0,
      "capability": {
        "type": "ColorIntensity",
        "color": "White"
      }
    },
    "Dimmer": {
      "defaultValue": 0,
      "capability": {
        "type": "Intensity"
      }
    },
    "Effects": {
      "defaultValue": 0,
      "capabilities": [
        {
          "dmxRange": [0, 0],
          "type": "NoFunction"
        },
        {
          "dmxRange": [1, 10],
          "type": "Effect",
          "effectName": "Sound Control",
          "soundControlled": true
        },
        {
          "dmxRange": [11, 255],
          "type": "ShutterStrobe",
          "shutterEffect": "Strobe",
          "speedStart": "slow",
          "speedEnd": "fast"
        }
      ]
    }
  },
  "modes": [
    {
      "name": "6-Channel",
      "shortName": "6ch",
      "channels": [
        "Red",
        "Green",
        "Blue",
        "White",
        "Dimmer",
        "Effects"
      ]
    }
  ],
  "fixtureKey": "led-big-party-spot",
  "manufacturerKey": "eurolite",
  "oflURL": "https://open-fixture-library.org/eurolite/led-big-party-spot"
}
