{
  "$schema": "https://raw.githubusercontent.com/OpenLightingProject/open-fixture-library/schema-12.1.0/schemas/fixture.json",
  "name": "LED PIX-144",
  "categories": ["Pixel Bar", "Color Changer"],
  "meta": {
    "authors": ["Paolo Zanchi"],
    "createDate": "2019-02-06",
    "lastModifyDate": "2019-02-06"
  },
  "links": {
    "manual": [
      "https://www.steinigke.de/download/51930439-Manual-111069-1.00-eurolite-led-pix-144-rgb-bar-de_en.pdf"
    ],
    "productPage": [
      "https://www.steinigke.de/en/mpn51930439-eurolite-led-pix-144-rgb-bar.html"
    ],
    "video": [
      "https://www.youtube.com/watch?v=O0GaXoeFQaQ",
      "https://www.youtube.com/watch?v=uWRSK040pnI"
    ]
  },
  "physical": {
    "dimensions": [1020, 65, 80],
    "weight": 1,
    "power": 25,
    "DMXconnector": "3-pin",
    "bulb": {
      "type": "144x RGB-SMD LEDs"
    },
    "matrixPixels": {
      "dimensions": [125, 65, 0],
      "spacing": [0, 0, 0]
    }
  },
  "matrix": {
    "pixelCount": [
      8,
      1,
      1
    ],
    "pixelGroups": {
      "1/2": [
        "1",
        "2",
        "3",
        "4"
      ],
      "2/2": [
        "5",
        "6",
        "7",
        "8"
      ],
      "Master": "all"
    }
  },
  "availableChannels": {
    "Auto Program / Strobe": {
      "defaultValue": 0,
      "capabilities": [
        {
          "dmxRange": [0, 0],
          "type": "NoFunction"
        },
        {
          "dmxRange": [1, 5],
          "type": "Effect",
          "effectName": "Sound-control 7-color",
          "soundControlled": true
        },
        {
          "dmxRange": [6, 10],
          "type": "NoFunction"
        },
        {
          "dmxRange": [11, 255],
          "type": "ShutterStrobe",
          "shutterEffect": "Strobe",
          "speedStart": "0Hz",
          "speedEnd": "20Hz"
        }
      ]
    }
  },
  "templateChannels": {
    "Red $pixelKey": {
      "capability": {
        "type": "ColorIntensity",
        "color": "Red"
      }
    },
    "Green $pixelKey": {
      "capability": {
        "type": "ColorIntensity",
        "color": "Green"
      }
    },
    "Blue $pixelKey": {
      "capability": {
        "type": "ColorIntensity",
        "color": "Blue"
      }
    },
    "Dimmer $pixelKey": {
      "defaultValue": 0,
      "capability": {
        "type": "Intensity"
      }
    },
    "Strobe $pixelKey": {
      "capability": {
        "type": "ShutterStrobe",
        "shutterEffect": "Strobe",
        "speedStart": "0Hz",
        "speedEnd": "20Hz",
        "helpWanted": "At which DMX value is strobe disabled? When is the lamp constantly on/off?"
      }
    },
    "Auto Program $pixelKey": {
      "defaultValue": 0,
      "capabilities": [
        {
          "dmxRange": [0, 15],
          "type": "NoFunction"
        },
        {
          "dmxRange": [16, 255],
          "type": "Effect",
          "effectName": "RGB program",
          "speedStart": "slow",
          "speedEnd": "fast"
        }
      ]
    }
  },
  "modes": [
    {
      "name": "3-channel",
      "shortName": "3ch",
      "channels": [
        "Red Master",
        "Green Master",
        "Blue Master"
      ]
    },
    {
      "name": "5-channel",
      "shortName": "5ch",
      "channels": [
        "Red Master",
        "Green Master",
        "Blue Master",
        "Dimmer Master",
        "Auto Program / Strobe"
      ]
    },
    {
      "name": "6-channel",
      "shortName": "6ch",
      "channels": [
        "Dimmer Master",
        "Strobe Master",
        "Red Master",
        "Green Master",
        "Blue Master",
        "Auto Program Master"
      ]
    },
    {
      "name": "12-channel",
      "shortName": "12ch",
      "channels": [
        {
          "insert": "matrixChannels",
          "repeatFor": [
            "1/2",
            "2/2"
          ],
          "channelOrder": "perPixel",
          "templateChannels": [
            "Dimmer $pixelKey",
            "Strobe $pixelKey",
            "Red $pixelKey",
            "Green $pixelKey",
            "Blue $pixelKey",
            "Auto Program $pixelKey"
          ]
        }
      ]
    },
    {
      "name": "24-channel",
      "shortName": "24ch",
      "channels": [
        {
          "insert": "matrixChannels",
          "repeatFor": "eachPixelABC",
          "channelOrder": "perPixel",
          "templateChannels": [
            "Red $pixelKey",
            "Green $pixelKey",
            "Blue $pixelKey"
          ]
        }
      ]
    },
    {
      "name": "48-channel",
      "shortName": "48ch",
      "channels": [
        {
          "insert": "matrixChannels",
          "repeatFor": "eachPixelABC",
          "channelOrder": "perPixel",
          "templateChannels": [
            "Dimmer $pixelKey",
            "Strobe $pixelKey",
            "Red $pixelKey",
            "Green $pixelKey",
            "Blue $pixelKey",
            "Auto Program $pixelKey"
          ]
        }
      ]
    }
  ],
  "fixtureKey": "led-pix-144",
  "manufacturerKey": "eurolite",
  "oflURL": "https://open-fixture-library.org/eurolite/led-pix-144"
}
