{
  "$schema": "https://raw.githubusercontent.com/OpenLightingProject/open-fixture-library/schema-12.1.0/schemas/fixture.json",
  "name": "ColorSource Spot Deep Blue",
  "categories": ["Color Changer"],
  "meta": {
    "authors": ["Felix Edelmann"],
    "createDate": "2019-10-21",
    "lastModifyDate": "2019-10-21"
  },
  "links": {
    "manual": [
      "https://www.etcconnect.com/WorkArea/DownloadAsset.aspx?id=10737494635",
      "https://www.etcconnect.com/WorkArea/DownloadAsset.aspx?id=10737484146"
    ],
    "productPage": [
      "https://www.etcconnect.com/Products/Lighting-Fixtures/ColorSource-Spot/Features.aspx"
    ],
    "video": [
      "https://youtu.be/N0JzgjCdSgc"
    ]
  },
  "physical": {
    "dimensions": [339, 593, 672],
    "weight": 7.7,
    "power": 147,
    "DMXconnector": "5-pin",
    "bulb": {
      "type": "60 Lumileds LUXEON Rebel LED",
      "lumens": 6932
    }
  },
  "rdm": {
    "modelId": 518
  },
  "availableChannels": {
    "Intensity": {
      "capability": {
        "type": "Intensity"
      }
    },
    "Red": {
      "capability": {
        "type": "ColorIntensity",
        "color": "Red"
      }
    },
    "Green": {
      "capability": {
        "type": "ColorIntensity",
        "color": "Green"
      }
    },
    "Indigo": {
      "capability": {
        "type": "ColorIntensity",
        "color": "Indigo"
      }
    },
    "Lime": {
      "capability": {
        "type": "ColorIntensity",
        "color": "Lime"
      }
    },
    "Strobe": {
      "capabilities": [
        {
          "dmxRange": [0, 0],
          "type": "NoFunction"
        },
        {
          "dmxRange": [1, 254],
          "type": "ShutterStrobe",
          "shutterEffect": "Strobe",
          "speedStart": "1Hz",
          "speedEnd": "33Hz"
        },
        {
          "dmxRange": [255, 255],
          "type": "NoFunction"
        }
      ]
    }
  },
  "modes": [
    {
      "name": "5 Channel (Default)",
      "shortName": "5ch",
      "rdmPersonalityIndex": 1,
      "channels": [
        "Intensity",
        "Red",
        "Green",
        "Indigo",
        "Strobe"
      ]
    },
    {
      "name": "Direct",
      "shortName": "dir",
      "rdmPersonalityIndex": 2,
      "channels": [
        "Intensity",
        "Red",
        "Green",
        "Indigo",
        "Lime",
        "Strobe"
      ]
    },
    {
      "name": "1 Channel",
      "shortName": "1ch",
      "rdmPersonalityIndex": 3,
      "channels": [
        "Intensity"
      ]
    },
    {
      "name": "RGB",
      "shortName": "rgb",
      "rdmPersonalityIndex": 4,
      "channels": [
        "Red",
        "Green",
        "Indigo"
      ]
    }
  ],
  "fixtureKey": "colorsource-spot-deep-blue",
  "manufacturerKey": "etc",
  "oflURL": "https://open-fixture-library.org/etc/colorsource-spot-deep-blue"
}
