{
  "$schema": "https://raw.githubusercontent.com/OpenLightingProject/open-fixture-library/schema-12.1.0/schemas/fixture.json",
  "name": "Atmos 2000",
  "shortName": "ShowtecAtm2000",
  "categories": ["Smoke"],
  "meta": {
    "authors": ["Felix Edelmann"],
    "createDate": "2018-11-27",
    "lastModifyDate": "2018-11-27"
  },
  "comment": "Ordercode 60873",
  "links": {
    "manual": [
      "https://www.highlite.com/media/attachments/MANUAL/60873_MANUAL_GB_V1.pdf"
    ],
    "video": [
      "https://youtu.be/0WMvc7GCGFQ"
    ]
  },
  "physical": {
    "dimensions": [320, 320, 500],
    "weight": 7.04,
    "power": 2000,
    "DMXconnector": "3-pin"
  },
  "availableChannels": {
    "Fog": {
      "defaultValue": 0,
      "highlightValue": "100%",
      "capability": {
        "type": "Fog",
        "fogType": "Fog",
        "fogOutputStart": "0m^3/min",
        "fogOutputEnd": "1133m^3/min"
      }
    }
  },
  "modes": [
    {
      "name": "1-channel",
      "shortName": "1ch",
      "channels": [
        "Fog"
      ]
    }
  ],
  "fixtureKey": "atmos-2000",
  "manufacturerKey": "showtec",
  "oflURL": "https://open-fixture-library.org/showtec/atmos-2000"
}
