{
  "$schema": "https://raw.githubusercontent.com/OpenLightingProject/open-fixture-library/schema-12.1.0/schemas/fixture.json",
  "name": "Phantom 50 LED Spot",
  "shortName": "Phant50",
  "categories": ["Moving Head", "Color Changer"],
  "meta": {
    "authors": ["Felix Edelmann", "Flo Edelmann"],
    "createDate": "2017-04-29",
    "lastModifyDate": "2018-09-04"
  },
  "comment": "Ordercode 40187",
  "links": {
    "manual": [
      "https://www.highlite.com/media/attachments/MANUAL/40187_MANUAL_GB_V1.pdf"
    ],
    "video": [
      "https://www.youtube.com/watch?v=Z2YgfTfpUQo"
    ]
  },
  "physical": {
    "dimensions": [225, 340, 210],
    "weight": 5.64,
    "power": 185,
    "DMXconnector": "3-pin",
    "bulb": {
      "type": "LED",
      "lumens": 1298
    },
    "lens": {
      "degreesMinMax": [17, 17]
    }
  },
  "wheels": {
    "Color Wheel": {
      "slots": [
        {
          "type": "Open"
        },
        {
          "type": "Color",
          "name": "Yellow",
          "colors": ["#fef201"]
        },
        {
          "type": "Color",
          "name": "Pink",
          "colors": ["#c600ce"]
        },
        {
          "type": "Color",
          "name": "Green",
          "colors": ["#017f01"]
        },
        {
          "type": "Color",
          "name": "Red",
          "colors": ["#941e30"]
        },
        {
          "type": "Color",
          "name": "Light Blue",
          "colors": ["#0155e9"]
        },
        {
          "type": "Color",
          "name": "Light Green",
          "colors": ["#01c702"]
        },
        {
          "type": "Color",
          "name": "Orange",
          "colors": ["#ca450c"]
        },
        {
          "type": "Color",
          "name": "Dark Blue",
          "colors": ["#2921d3"]
        }
      ]
    },
    "Gobo Wheel": {
      "slots": [
        {
          "type": "Open"
        },
        {
          "type": "Gobo",
          "name": "Gobo 1 Glass"
        },
        {
          "type": "Gobo",
          "name": "Gobo 2 Glass"
        },
        {
          "type": "Gobo",
          "name": "Gobo 3 Metal"
        },
        {
          "type": "Gobo",
          "name": "Gobo 4 Metal"
        },
        {
          "type": "Gobo",
          "name": "Gobo 5 Metal"
        },
        {
          "type": "Gobo",
          "name": "Gobo 6 Metal"
        },
        {
          "type": "Gobo",
          "name": "Gobo 7 Metal"
        }
      ]
    }
  },
  "availableChannels": {
    "Pan": {
      "fineChannelAliases": ["Pan fine"],
      "dmxValueResolution": "8bit",
      "defaultValue": 128,
      "capability": {
        "type": "Pan",
        "angleStart": "0deg",
        "angleEnd": "540deg"
      }
    },
    "Tilt": {
      "fineChannelAliases": ["Tilt fine"],
      "dmxValueResolution": "8bit",
      "defaultValue": 128,
      "capability": {
        "type": "Tilt",
        "angleStart": "0deg",
        "angleEnd": "270deg"
      }
    },
    "Pan/Tilt Speed": {
      "defaultValue": 128,
      "capability": {
        "type": "PanTiltSpeed",
        "speedStart": "fast",
        "speedEnd": "slow"
      }
    },
    "Color Wheel": {
      "capabilities": [
        {
          "dmxRange": [0, 6],
          "type": "WheelSlot",
          "slotNumber": 1
        },
        {
          "dmxRange": [7, 13],
          "type": "WheelSlot",
          "slotNumber": 2
        },
        {
          "dmxRange": [14, 20],
          "type": "WheelSlot",
          "slotNumber": 3
        },
        {
          "dmxRange": [21, 27],
          "type": "WheelSlot",
          "slotNumber": 4
        },
        {
          "dmxRange": [28, 34],
          "type": "WheelSlot",
          "slotNumber": 5
        },
        {
          "dmxRange": [35, 41],
          "type": "WheelSlot",
          "slotNumber": 6
        },
        {
          "dmxRange": [42, 48],
          "type": "WheelSlot",
          "slotNumber": 7
        },
        {
          "dmxRange": [49, 55],
          "type": "WheelSlot",
          "slotNumber": 8
        },
        {
          "dmxRange": [56, 64],
          "type": "WheelSlot",
          "slotNumber": 9
        },
        {
          "dmxRange": [65, 71],
          "type": "WheelSlot",
          "slotNumber": 1.5
        },
        {
          "dmxRange": [72, 78],
          "type": "WheelSlot",
          "slotNumber": 2.5
        },
        {
          "dmxRange": [79, 85],
          "type": "WheelSlot",
          "slotNumber": 3.5
        },
        {
          "dmxRange": [86, 92],
          "type": "WheelSlot",
          "slotNumber": 4.5
        },
        {
          "dmxRange": [93, 99],
          "type": "WheelSlot",
          "slotNumber": 5.5
        },
        {
          "dmxRange": [100, 106],
          "type": "WheelSlot",
          "slotNumber": 6.5
        },
        {
          "dmxRange": [107, 113],
          "type": "WheelSlot",
          "slotNumber": 7.5
        },
        {
          "dmxRange": [114, 120],
          "type": "WheelSlot",
          "slotNumber": 8.5
        },
        {
          "dmxRange": [121, 127],
          "type": "WheelSlot",
          "slotNumber": 9.5
        },
        {
          "dmxRange": [128, 191],
          "type": "WheelRotation",
          "speedStart": "slow CW",
          "speedEnd": "fast CW",
          "menuClick": "center"
        },
        {
          "dmxRange": [192, 255],
          "type": "WheelRotation",
          "speedStart": "slow CCW",
          "speedEnd": "fast CCW",
          "menuClick": "center"
        }
      ]
    },
    "Strobe": {
      "defaultValue": 255,
      "highlightValue": 200,
      "capabilities": [
        {
          "dmxRange": [0, 3],
          "type": "ShutterStrobe",
          "shutterEffect": "Closed"
        },
        {
          "dmxRange": [4, 7],
          "type": "ShutterStrobe",
          "shutterEffect": "Open"
        },
        {
          "dmxRange": [8, 215],
          "type": "ShutterStrobe",
          "shutterEffect": "Strobe",
          "speedStart": "0Hz",
          "speedEnd": "10Hz",
          "menuClick": "center"
        },
        {
          "dmxRange": [216, 255],
          "type": "ShutterStrobe",
          "shutterEffect": "Open"
        }
      ]
    },
    "Intensity": {
      "highlightValue": 255,
      "capability": {
        "type": "Intensity"
      }
    },
    "Gobo": {
      "capabilities": [
        {
          "dmxRange": [0, 7],
          "type": "WheelSlot",
          "wheel": "Gobo Wheel",
          "slotNumber": 1
        },
        {
          "dmxRange": [8, 15],
          "type": "WheelSlot",
          "wheel": "Gobo Wheel",
          "slotNumber": 2
        },
        {
          "dmxRange": [16, 23],
          "type": "WheelSlot",
          "wheel": "Gobo Wheel",
          "slotNumber": 3
        },
        {
          "dmxRange": [24, 31],
          "type": "WheelSlot",
          "wheel": "Gobo Wheel",
          "slotNumber": 4
        },
        {
          "dmxRange": [32, 39],
          "type": "WheelSlot",
          "wheel": "Gobo Wheel",
          "slotNumber": 5
        },
        {
          "dmxRange": [40, 47],
          "type": "WheelSlot",
          "wheel": "Gobo Wheel",
          "slotNumber": 6
        },
        {
          "dmxRange": [48, 55],
          "type": "WheelSlot",
          "wheel": "Gobo Wheel",
          "slotNumber": 7
        },
        {
          "dmxRange": [56, 63],
          "type": "WheelSlot",
          "wheel": "Gobo Wheel",
          "slotNumber": 8
        },
        {
          "dmxRange": [64, 71],
          "type": "WheelShake",
          "wheel": "Gobo Wheel",
          "slotNumber": 8,
          "shakeSpeedStart": "slow",
          "shakeSpeedEnd": "fast",
          "menuClick": "center"
        },
        {
          "dmxRange": [72, 79],
          "type": "WheelShake",
          "wheel": "Gobo Wheel",
          "slotNumber": 7,
          "shakeSpeedStart": "slow",
          "shakeSpeedEnd": "fast",
          "menuClick": "center"
        },
        {
          "dmxRange": [80, 87],
          "type": "WheelShake",
          "wheel": "Gobo Wheel",
          "slotNumber": 6,
          "shakeSpeedStart": "slow",
          "shakeSpeedEnd": "fast",
          "menuClick": "center"
        },
        {
          "dmxRange": [88, 95],
          "type": "WheelShake",
          "wheel": "Gobo Wheel",
          "slotNumber": 5,
          "shakeSpeedStart": "slow",
          "shakeSpeedEnd": "fast",
          "menuClick": "center"
        },
        {
          "dmxRange": [96, 103],
          "type": "WheelShake",
          "wheel": "Gobo Wheel",
          "slotNumber": 4,
          "shakeSpeedStart": "slow",
          "shakeSpeedEnd": "fast",
          "menuClick": "center"
        },
        {
          "dmxRange": [104, 111],
          "type": "WheelShake",
          "wheel": "Gobo Wheel",
          "slotNumber": 3,
          "shakeSpeedStart": "slow",
          "shakeSpeedEnd": "fast",
          "menuClick": "center"
        },
        {
          "dmxRange": [112, 119],
          "type": "WheelShake",
          "wheel": "Gobo Wheel",
          "slotNumber": 2,
          "shakeSpeedStart": "slow",
          "shakeSpeedEnd": "fast",
          "menuClick": "center"
        },
        {
          "dmxRange": [120, 127],
          "type": "WheelSlot",
          "wheel": "Gobo Wheel",
          "slotNumber": 1
        },
        {
          "dmxRange": [128, 191],
          "type": "WheelRotation",
          "wheel": "Gobo Wheel",
          "speedStart": "slow CW",
          "speedEnd": "fast CW",
          "menuClick": "center"
        },
        {
          "dmxRange": [192, 255],
          "type": "WheelRotation",
          "wheel": "Gobo Wheel",
          "speedStart": "slow CCW",
          "speedEnd": "fast CCW",
          "menuClick": "center"
        }
      ]
    },
    "Gobo Rotation": {
      "highlightValue": 255,
      "capabilities": [
        {
          "dmxRange": [0, 7],
          "type": "WheelSlotRotation",
          "wheel": "Gobo Wheel",
          "speed": "stop"
        },
        {
          "dmxRange": [8, 119],
          "type": "WheelSlotRotation",
          "wheel": "Gobo Wheel",
          "speedStart": "slow CW",
          "speedEnd": "fast CW",
          "menuClick": "center"
        },
        {
          "dmxRange": [120, 231],
          "type": "WheelSlotRotation",
          "wheel": "Gobo Wheel",
          "speedStart": "slow CCW",
          "speedEnd": "fast CCW",
          "menuClick": "center"
        },
        {
          "dmxRange": [232, 255],
          "type": "WheelShake",
          "wheel": "Gobo Wheel",
          "isShaking": "slot"
        }
      ]
    },
    "Prism": {
      "highlightValue": 255,
      "capabilities": [
        {
          "dmxRange": [0, 15],
          "type": "NoFunction"
        },
        {
          "dmxRange": [16, 255],
          "type": "Prism",
          "comment": "3-facet"
        }
      ]
    },
    "Functions": {
      "capabilities": [
        {
          "dmxRange": [0, 7],
          "type": "NoFunction"
        },
        {
          "dmxRange": [8, 27],
          "type": "Maintenance",
          "comment": "Blackout while Pan/Tilt"
        },
        {
          "dmxRange": [28, 47],
          "type": "Maintenance",
          "comment": "Blackout while Gobowheel"
        },
        {
          "dmxRange": [48, 67],
          "type": "Maintenance",
          "comment": "Disabled blackout while Pan/Tilt/Gobowheel"
        },
        {
          "dmxRange": [68, 87],
          "type": "Maintenance",
          "comment": "Blackout while Colorwheel"
        },
        {
          "dmxRange": [88, 107],
          "type": "Maintenance",
          "comment": "Disabled blackout while Pan/Tilt/Colorwheel"
        },
        {
          "dmxRange": [108, 127],
          "type": "Maintenance",
          "comment": "Disabled blackout while Gobowheel/Colorwheel"
        },
        {
          "dmxRange": [128, 147],
          "type": "Maintenance",
          "comment": "Disabled blackout while Pan/Tilt/Gobowheel/Colorwheel"
        },
        {
          "dmxRange": [148, 157],
          "type": "Maintenance",
          "comment": "Reset Pan"
        },
        {
          "dmxRange": [158, 167],
          "type": "Maintenance",
          "comment": "Reset Tilt"
        },
        {
          "dmxRange": [168, 177],
          "type": "Maintenance",
          "comment": "Reset Colorwheel"
        },
        {
          "dmxRange": [178, 187],
          "type": "Maintenance",
          "comment": "Reset Gobowheel"
        },
        {
          "dmxRange": [188, 197],
          "type": "Maintenance",
          "comment": "Reset Prism"
        },
        {
          "dmxRange": [198, 207],
          "type": "Maintenance",
          "comment": "Reset all channels"
        },
        {
          "dmxRange": [208, 255],
          "type": "NoFunction",
          "menuClick": "hidden"
        }
      ]
    },
    "Programs": {
      "capabilities": [
        {
          "dmxRange": [0, 7],
          "type": "NoFunction"
        },
        {
          "dmxRange": [8, 23],
          "type": "Effect",
          "effectName": "Built-in Program 1"
        },
        {
          "dmxRange": [24, 39],
          "type": "Effect",
          "effectName": "Built-in Program 2"
        },
        {
          "dmxRange": [40, 55],
          "type": "Effect",
          "effectName": "Built-in Program 3"
        },
        {
          "dmxRange": [56, 71],
          "type": "Effect",
          "effectName": "Built-in Program 4"
        },
        {
          "dmxRange": [72, 87],
          "type": "Effect",
          "effectName": "Built-in Program 5"
        },
        {
          "dmxRange": [88, 103],
          "type": "Effect",
          "effectName": "Built-in Program 6"
        },
        {
          "dmxRange": [104, 119],
          "type": "Effect",
          "effectName": "Built-in Program 7"
        },
        {
          "dmxRange": [120, 135],
          "type": "Effect",
          "effectName": "Built-in Program 8"
        },
        {
          "dmxRange": [136, 151],
          "type": "Effect",
          "effectName": "Sound-controlled Program 1",
          "soundControlled": true
        },
        {
          "dmxRange": [152, 167],
          "type": "Effect",
          "effectName": "Sound-controlled Program 2",
          "soundControlled": true
        },
        {
          "dmxRange": [168, 183],
          "type": "Effect",
          "effectName": "Sound-controlled Program 3",
          "soundControlled": true
        },
        {
          "dmxRange": [184, 199],
          "type": "Effect",
          "effectName": "Sound-controlled Program 4",
          "soundControlled": true
        },
        {
          "dmxRange": [200, 215],
          "type": "Effect",
          "effectName": "Sound-controlled Program 5",
          "soundControlled": true
        },
        {
          "dmxRange": [216, 231],
          "type": "Effect",
          "effectName": "Sound-controlled Program 6",
          "soundControlled": true
        },
        {
          "dmxRange": [232, 247],
          "type": "Effect",
          "effectName": "Sound-controlled Program 7",
          "soundControlled": true
        },
        {
          "dmxRange": [248, 255],
          "type": "Effect",
          "effectName": "Sound-controlled Program 8",
          "soundControlled": true
        }
      ]
    }
  },
  "modes": [
    {
      "name": "Advanced 13-channel",
      "shortName": "13ch",
      "channels": [
        "Pan",
        "Tilt",
        "Pan fine",
        "Tilt fine",
        "Pan/Tilt Speed",
        "Color Wheel",
        "Strobe",
        "Intensity",
        "Gobo",
        "Gobo Rotation",
        "Prism",
        "Functions",
        "Programs"
      ]
    },
    {
      "name": "Basic 8-channel",
      "shortName": "8ch",
      "channels": [
        "Pan",
        "Tilt",
        "Color Wheel",
        "Strobe",
        "Intensity",
        "Gobo",
        "Gobo Rotation",
        "Prism"
      ]
    }
  ],
  "fixtureKey": "phantom-50-led-spot",
  "manufacturerKey": "showtec",
  "oflURL": "https://open-fixture-library.org/showtec/phantom-50-led-spot"
}
